alcohol,volatile acidity,sulphates,citric acid,density,chlorides,total sulfur dioxide,residual sugar_log,total sulfur dioxide_log,chlorides_log,FA_to_VA_ratio,citric_over_total_acid,alcohol_acid_interaction,alcohol_density_ratio,sulphate_citric_interaction,total_acidity,ph_acidity_balance
1.9698798174590257,1.803860311144443,-1.5781699387990995,1.3510495633865227,-1.404543655926831,-2.5458836440714574,-0.01592661685476756,0.3282782856715347,0.13036077835568,-2.588353925259448,-1.3002174352775169,1.4918782705088347,-0.8743380540927261,1.9701464572214449,-0.1853581211818461,-0.034948276711846915,-0.21594185714693823
-0.3252061789108227,-0.4146665791082593,1.8543760336323394,-0.0026044328932750627,-0.19124697128608387,0.4906203157266358,0.5545503928979196,-0.2623408272713978,0.6400610010521738,0.5386334452652105,0.10613499779840166,0.02131893899179539,0.015487170414091622,-0.316602055642738,1.0369820300943784,-0.08103519524513166,-0.3548483464378998
-1.0629123920297012,-0.9692983016714347,0.9266609059481667,-0.5827418598703313,1.4074498367111694,1.53170738765741,0.269311888021576,1.1272454040653126,0.3954844380192065,1.3246228858805913,1.0977331856826147,-0.7079629835664617,0.4583439342345511,-1.0736595588999005,-0.044622967930120494,0.2530949641211825,-0.33222540102637727
-0.3252061789108227,0.02903879894228149,-1.1143123749570132,-0.6794314310331742,0.6509236686410436,-0.29019498822144535,0.03161313395795637,0.8597443028186184,0.17612296189152724,-0.18954169161124898,-0.42475429007627763,-0.5801359768578854,-0.4015490237279979,-0.33603845712908925,-1.0424193915462883,-0.46125227314473055,-0.14394152556239512
1.1502062473269372,0.9164495550433619,-1.485398426030682,0.4808434229209384,-1.5044622064266793,-1.0710102921695264,-1.1568806363601418,-0.2623408272713978,-1.2316249248984419,-1.1041244592143058,-1.046183466153937,0.8008710564277287,-0.6141547796451902,1.1662482160833738,-0.5806815853720869,-0.5764695694779419,-1.0008858620371572
-0.3252061789108227,-2.189488091310421,-0.46491178557809215,1.5444287057122081,0.25838650596315355,0.577377571720867,0.24554201261521405,-1.2615087562840905,0.37422149305647134,0.6111230874510375,6.501438459838755,1.4625599571195278,5.853941759530686,-0.3269905953381293,0.8456454734263018,0.3798339900877158,1.2645373843315801
-0.40717353592403127,-0.7474456126461646,0.09171729103241152,0.19077470943241,0.05141236564207349,-0.029923220238752032,1.4102659075269504,0.37802730506175736,1.2772496347645668,0.0699531769801072,0.3777515954498133,0.3941691086857836,0.3998140496302949,-0.40254443328151224,0.20364016758135065,-0.4382088138780887,-0.3438577665748552
-0.3252061789108227,2.580344722732889,-0.001054221736005843,1.2543599922236803,1.0077756347118563,0.23034854774394187,1.1250274026506069,-1.1793069189638352,1.0788051544662989,0.3119402649770985,-1.042792820199771,0.20007410328884281,-1.5300023912198255,-0.34424645392745507,1.0006122713888768,2.684179916751952,2.315942783492625
0.33053267719484863,1.2492285885812675,-0.46491178557809215,-0.2926731463818035,0.18701611274895932,-0.5504667562041392,-0.15854586929293935,0.2761927924020081,-0.011045032048426011,-0.46927668735086014,-0.7846944510992856,-0.6693826345368951,-0.9664038787301449,0.31707175035673935,-0.4763161908258634,1.0941812273536289,1.8557824470369735
-0.16127146488440414,-1.4130036797219752,-0.37214027280967477,2.3179452750149507,0.36544209578438547,0.23034854774394187,-0.1823157446993013,-1.031191601614447,-0.03524082396888361,0.3119402649770985,3.2519559661206285,1.2071814496413642,1.8586182816090717,-0.16893711769885714,1.492394660841537,2.3961366759189224,2.013100163178803
-0.16127146488440414,-0.5255929236208943,-0.5576832983465095,-1.3562584291730733,-0.6016267322675125,0.05683403575547927,0.5545503928979196,-0.6779572458674805,0.6400610010521738,0.1524422178765131,-0.3522887837968456,-0.9461664949507413,0.20214030243699554,-0.14613587293945798,-1.2717070007766282,-1.7516859920767014,-1.9441503732026957
-0.735042963976867,-1.4130036797219752,-0.9287693494201784,-0.2926731463818035,0.15133091614188202,0.577377571720867,-0.2536253709183872,0.2973213778796623,-0.10896095216611,0.6111230874510375,1.869174289496771,-0.24033675312556757,1.5380724712950213,-0.7260693626881185,-0.7135102693400082,-0.2192959508449859,0.36836389783470713
-0.3252061789108227,2.580344722732889,0.9266609059481667,1.1576704210608375,2.0069611397101,0.750892083709329,1.1725671534633306,0.8342439337995095,1.1127574750934288,0.7518515263711428,-1.042792820199771,0.12431037357915631,-1.5300023912198255,-0.36714145953306976,1.6347111079500232,2.6726581871186292,2.69531834679436
0.16659796316843153,-0.8583719571587995,-1.2998554004938478,0.38415385175809563,0.5046143625520028,0.14359129174971055,-0.1823157446993013,1.1851307390420138,-0.03524082396888361,0.2330774146353509,0.4345437446751472,0.7300703460626313,0.8054025153583395,0.14871205211313693,-0.5158485372448876,-0.6571216769111905,-0.7010115005184657
0.8496592716118114,0.8055232105307267,0.8338893931797494,-0.3893627175446463,-0.9192249820705559,-0.8107385241868326,0.31685163883429995,-0.2623408272713978,0.437585533678028,-0.7726783407028834,-1.113676780191174,0.0410316838590804,-0.6206967375124808,0.8548670098789186,0.09611218532160512,-1.1525560511440018,-0.8654690824107408
1.7239777464193986,1.2492285885812675,-0.0938257345044232,0.38415385175809563,-0.9905953752847105,-0.029923220238752032,-0.5864036266074547,-1.4468080202105298,-0.477758774168862,0.0699531769801072,-0.8910627087577302,0.10874375674111647,-0.6669917286588805,1.7161640294158653,0.24475380785713557,0.7139641494540279,1.440707554983009
0.90430417628731,0.4727441769928217,1.483289982558671,-0.0026044328932750627,-0.9192249820705559,-0.5504667562041392,-0.8716421314837983,-0.5814427299733397,-0.8322467535124602,-0.46927668735086014,-0.30437670550312534,-0.41844535593087767,-0.39234853641626205,0.9085690344305529,0.8282512410019318,1.1633116051535544,1.3609255719625872
-0.40717353592403127,0.2508914879675513,0.27726031656924627,-0.5827418598703313,-0.11987657807192925,2.52941583159107,0.17423238639612817,-1.1027788392794577,0.3095598055044509,2.1135040246364536,-0.4124074107330336,-0.6761905902227999,-0.5912598460247573,-0.398624196363843,-0.34348750685794216,0.14939939742129207,-0.10615639333251006
0.2485653201816401,0.5836705215054568,0.8338893931797494,-0.48605228870748857,-0.8978138641062858,-1.0710102921695264,-0.9667216331092462,-1.3502935043163888,-0.9598413011043403,-1.1041244592143058,-1.0723730593262744,0.045480117008850705,-0.6349700965276301,0.26361327851009253,0.004397141629469683,-1.4175558327103883,-0.8257987047298957
-0.9809450350164927,-0.08188754557035371,-0.0938257345044232,-0.09929400405611787,0.36544209578438547,2.52941583159107,0.8635587731806251,0.11582080670469919,0.8852465743277103,2.530809295077329,-0.37399759104287406,0.09897992727471236,-0.5123960234429854,-0.9715524212255716,-0.13475671776549558,-0.5188609213113362,-0.7712870330734082
-0.8989776780032841,-1.0802246461840699,-0.46491178557809215,-0.19598357521896068,1.1505164211401653,0.6641348277150978,-1.038031259328332,1.175690535684223,-1.0590390526831654,0.6821771964116963,1.4889141297238027,-0.43789997207668946,0.7214478873048367,-0.9081160092466116,-0.4067392611283812,0.6333120420207804,0.704539262185717
0.5764347482344758,1.3601549330939027,0.8338893931797494,1.5444287057122081,1.0077756347118563,1.4449501316631788,0.5783202683042816,0.7259416640431159,0.6596123662739154,1.2653138455033308,-0.8099567826571762,0.9299005066099303,-0.9633215704445275,0.5370357816111887,1.9304130591643223,1.439833116353263,1.8442303046991733
1.3961083183665643,0.6945968660180921,1.2049754442534188,1.2543599922236803,-0.9905953752847105,-1.2445248041579886,-1.038031259328332,0.16405524078297637,-1.0590390526831654,-1.3434207969926282,-0.9716217231483423,1.7532303211640878,-0.41886391152741503,1.3938868544932659,1.946225997731933,-0.6225564880112276,-0.4134112902336868
0.002663249142012967,0.02903879894228149,0.741117880411332,-0.19598357521896068,0.29407170257023085,-0.29019498822144535,0.7209395207424534,0.6371569160108173,0.7744444899712012,-0.18954169161124898,-0.2765986518640887,-0.23962997940676947,-0.3034224515414332,-0.00670327604368995,0.23052216314628715,0.05722556035472257,0.3651950810128807
0.945287854793915,1.3601549330939027,0.8338893931797494,-0.776121002196017,-1.0905139257845191,-1.0710102921695264,-0.1823157446993013,-0.04290911029993382,-0.03524082396888361,-1.1041244592143058,-1.4581383943133195,-0.19137204399930477,-0.8860468120535199,0.9534312952248746,-0.2707479894469384,-1.7171208031767387,-1.6193667047681255
-0.48914089293723984,2.580344722732889,-1.5781699387990995,-1.5496375714987587,-0.20552104992893064,0.31710580373817315,-2.6543827869609458,-1.1793069189638352,-2.8041417031446296,0.38910700786658775,-1.5105005882561933,-1.5744832724064768,-1.5569391406956206,-0.4770534848539308,-1.703400223672371,-0.29994805827823445,-0.13030357974693874
1.7239777464193986,0.2508914879675513,0.462803342106081,1.2543599922236803,-1.1333361617130198,1.9654936676285666,-0.11100611848021542,-1.1027788392794577,0.03679732860017462,1.607297754991093,-0.3778377535860148,1.099614696904039,0.0040415003116423005,1.7202957838977573,1.3643098584438986,0.4835295567876052,0.3175023822641213
-0.2432388218976127,0.13996514345491606,1.8543760336323394,2.124566132689265,0.8650348482835073,0.577377571720867,-0.44378437416928296,-0.6779572458674805,-0.31440155107636625,0.6111230874510375,0.3147470847709229,0.9827992689857683,-0.46414670898725935,-0.2608164969362965,3.4373861046575214,2.534397431518776,2.545140496402978
0.33053267719484863,-0.4146665791082593,0.3700318293376636,-0.6794314310331742,-0.8407175495349779,-0.20343773222721404,-0.6577132528265406,-0.9639457283928805,-0.5627200091491062,-0.10094175185183701,0.19255906864612965,-0.7519956055774764,0.24444903589640424,0.34273152467181983,-0.3846011471337275,0.06874728998804351,0.1076384631274447
-0.8170103209900755,-0.9692983016714347,-0.5576832983465095,-0.9695001445217023,0.25838650596315355,0.31710580373817315,-0.49132412498200684,0.47129374484483205,-0.3679203813793834,0.38910700786658775,0.8248153664668537,-0.9304439901074629,0.5667994358061614,-0.8087050470462785,-0.9997244574137424,-0.36907843607816004,0.01971382422308882
-0.653075606963657,1.0273758995559972,2.1326905719375913,-0.09929400405611787,-0.4910026227855887,0.8376493397035604,1.9213182287637327,-1.5525277109205653,1.6043143684513796,0.8201986452008109,-1.150515246003801,0.2583537197104488,-1.0844553442703073,-0.6314842392376094,1.0796769642269246,-0.8645128103109713,-0.6905423715248359
0.49446739122126576,0.13996514345491606,1.2049754442534188,-0.09929400405611787,-1.0084379735882492,-0.9842530361752951,-0.1823157446993013,-0.9005446326752814,-0.03524082396888361,-0.9902064706735354,-0.40048711881891064,-0.10148488282407409,-0.25097516384664664,0.5080799315842579,0.5736629300634162,-0.034948276711846915,-0.4537234535999623
0.08463060615522153,0.2508914879675513,-1.0215408621885957,-1.2595688580102304,-0.7836212349636305,-0.37695224421567664,-0.13477599388657738,-0.10130244491882175,0.012966759674150239,-0.28038490449683706,-0.6543950107621646,-1.147602031574493,-0.45388261225481896,0.09973557092023216,-1.361840750612003,-0.7377737843444391,-1.3363793290973973
-1.1448797490429112,1.1383022440686323,2.0399190591691743,-1.452948000335916,1.4110183563718615,2.52941583159107,1.3627261567142264,0.6675483294242277,1.2450296062642032,2.530809295077329,-1.1401884790286614,-1.3555004331227871,-1.2407878807909118,-1.1537599821838547,-0.542730532809824,-0.7838607028777238,0.052605340601540984
-0.653075606963657,-0.6365192681335294,-0.9287693494201784,-0.2926731463818035,1.6501091736392872,1.011163851692023,1.0061780256187969,1.3426065946362677,0.992291923684418,0.9531069969387995,0.37326272983805087,-0.27069721172324857,0.1559853379641457,-0.6788679179507059,-0.7135102693400082,-0.13864384341173835,0.5812762989771918
-0.9809450350164927,2.580344722732889,-0.8359978366517611,-1.2595688580102304,1.0827145475867026,2.52941583159107,-1.038031259328332,1.0450435667450575,-1.0590390526831654,2.530809295077329,-1.3681547458042387,-1.4553290382607804,-1.6377493891230068,-0.986765549436269,-1.2985889963415642,0.5411382049542119,0.41180476641747105
-0.653075606963657,-0.4146665791082593,0.6483463676429156,-1.452948000335916,0.9007200448905847,0.23034854774394187,0.5307805174915576,0.5573226723308153,0.6203878196850902,0.3119402649770985,0.5382553520370409,-1.7058925865742052,-0.09899376232706371,-0.6623485492574158,-0.9696798741352841,0.8983118235871669,1.0318098501513426
0.740369462260893,-0.8583719571587995,-0.27936876004125744,0.09408513826956774,-0.34826183635723984,-0.7239812681926012,-1.2994998887983136,0.37802730506175736,-1.4520075136212773,-0.6686677176331566,0.7975245397528682,0.045810626560331434,1.045812273774136,0.7325337264415127,-0.09048048977618822,0.11483420852132825,0.12873716753606249
-1.3088144630693284,-0.4146665791082593,0.27726031656924627,-0.3893627175446463,1.6465406539785954,0.8376493397035604,-0.03969649226112952,1.4438686080836542,0.10722854746078214,0.8201986452008109,0.06292296237453784,-0.3375864786311689,-0.3279556278093763,-1.3185728357307944,-0.17903294575480252,-0.24233941011162777,-0.7319375482352817
-1.1448797490429112,-0.5255929236208943,-0.6504548111149269,2.3179452750149507,-0.2626173645002385,2.52941583159107,-0.6814831282329026,-1.2615087562840905,-0.5915561492431368,2.530809295077329,0.4142550100734721,2.1261857872931498,-0.15623472643866443,-1.1189884623670652,1.2219934113354118,0.6448337716541023,-0.11698652677419678
1.3141409613533543,1.7483971388881252,-0.27936876004125744,-1.6463271426616015,-0.8086008725885925,-1.0710102921695264,-0.08723624307385346,0.5065099470716516,0.06044938971628145,-1.1041244592143058,-1.4256545271551044,-1.5035634446857693,-0.9773352515144725,1.3082616194206418,-1.3997918031742662,-1.0891865381607346,-1.0781408139211872
-0.8989776780032841,-1.1911509906967048,-0.18659724727284058,0.2874642805952528,0.17631055376684407,-0.11668047623298272,-0.8478722560774363,0.11582080670469919,-0.8011377787729798,-0.014476959580863336,1.8041058469563132,-0.016978813560835634,0.9346951330145801,-0.8872264375666509,0.11192512388921477,0.7946162568872764,0.5575703402215003
1.1502062473269372,0.3618178324801865,-0.0938257345044232,0.2874642805952528,-0.8050323529279007,-1.5047965721406826,-1.2044203871728658,0.06539315945646018,-1.3033901821391358,-1.7352404416114184,-0.25628610146813996,-0.11489876088056893,-0.24486212658274864,1.147108456460229,0.16885170273260933,1.071137768086985,0.9221848327582723
-1.636683891122164,0.9164495550433619,1.3905184697902535,2.3179452750149494,2.2567575159596807,0.750892083709329,2.812688556502306,1.4512881487866216,2.1044409147421086,0.7518515263711428,-0.441214129988154,1.35761437508438,-1.262880966183246,-1.650224175051079,3.204935907713659,2.0620065165526076,1.3285956180588894
-1.4727491770957455,-0.7474456126461646,-0.18659724727284058,1.7378078480378938,2.099742650888525,0.14359129174971055,-0.30116512173111115,1.6285950771616677,-0.1590816139620979,0.2330774146353509,0.3777515954498133,2.0761012559052188,-0.025400590305386803,-1.4874594951881663,1.226737292905694,-0.2538611397449497,-0.2517615207151828
-0.40717353592403127,-1.4130036797219752,-0.9287693494201784,-0.3893627175446463,-0.20552104992893064,-1.2445248041579886,-1.751127521519191,-1.2615087562840905,-2.272832598191583,-1.3434207969926282,2.491426043977507,-0.6792677849265768,1.7212415057601929,-0.39666265695870373,-0.7751807297536858,0.8061379865205994,1.4188868416782805
-0.48914089293723984,0.3618178324801865,-0.5576832983465095,0.5775329940837812,0.3475994974808468,-0.29019498822144535,1.7905839140287418,0.6824373744435721,1.5238166384313312,-0.18954169161124898,-0.69119473814646,0.8146521454906427,-0.6880145412331885,-0.48957981387874333,0.08820571603780074,-0.39212189534480396,-0.06403920772595345
-0.9809450350164927,-0.6365192681335294,-1.2998554004938478,1.9311869903635794,1.7214795668534815,0.750892083709329,-0.03969649226112952,1.4586583898518408,0.10722854746078214,0.7518515263711428,0.27898196098915695,2.196481493327913,0.031097095007021982,-1.0002620045746504,0.369676022541252,-0.10407865451177455,-0.8514300205418882
-1.0629123920297012,-0.35920340685194174,-0.6504548111149269,-0.09929400405611787,-0.38394703296431715,0.31710580373817315,0.3406215142406619,-1.4468080202105298,0.458427427137323,0.38910700786658775,-0.46179440905816965,0.5766241308036665,-0.29641474095288334,-1.036023621078044,-0.4383651382636005,-1.4694036160603334,-1.8037597545141704
0.16659796316843153,1.8593234834007606,-0.5576832983465095,2.221255703852108,0.008590129713572809,-0.29019498822144535,-1.2757300133919518,-1.5525277109205653,-1.4141922664956448,-0.18954169161124898,-1.014461263043788,1.5057463660437702,-1.2367252255045194,0.1608313186200331,1.244131525330065,1.5723330071364567,1.9592904446157573
0.6584021052476844,-0.8583719571587995,-2.0420275026411856,0.674222565246624,0.044275326320650114,-0.9842530361752951,0.9110985239933491,0.71162898546923,0.9213330859079093,-0.9902064706735354,0.7456701404560512,0.6888033817947548,1.0114680225718793,0.641963551285971,-0.8558267164484946,0.06874728998804452,0.16780587113681536
-0.07930410787119559,-0.9692983016714347,1.5760614953270884,-0.776121002196017,0.015727169034996193,0.6641348277150978,-0.7290228790456266,-1.1793069189638352,-0.6500306980473303,0.6821771964116963,1.1523167495257667,-0.9307173258824168,0.8921659405209945,-0.0803653267728132,0.0455107819052546,0.345268801187752,1.4402262157189354
1.8059451034326086,0.02903879894228149,1.3905184697902535,-0.09929400405611787,-0.7836212349636305,-0.9842530361752951,-0.5626337512010927,0.718808409881763,-0.4499388990964361,-0.9902064706735354,-0.2395597423110416,-0.18457261733141866,0.23627369548467042,1.7907010732682278,0.6748657368961182,0.18396458632125587,-0.007882960250541294
-0.40717353592403127,0.3618178324801865,-0.9287693494201784,-0.2926731463818035,-0.4588859458392033,0.14359129174971055,-0.6814831282329026,-1.669395407018331,-0.5915561492431368,0.2330774146353509,0.044804493155312056,-0.9101068903065933,-0.6658569205006668,-0.39085421510042273,-0.7135102693400082,2.0389630572859656,1.3789757943654
1.1502062473269372,-1.1911509906967048,2.503776623011262,0.2874642805952528,-1.351015861016215,-1.2445248041579886,0.5545503928979196,-0.9005446326752814,0.6400610010521738,-1.3434207969926282,0.09596243612133444,1.8241918862898292,1.944819277093519,1.1620426977191682,1.7627959103476611,-2.4314680404426516,-1.8439114714590878
-1.3907818200825368,1.4710812776065372,0.18448880380082888,2.3179452750149507,1.4359979939968235,1.8787364116343352,2.0758224189050853,1.1851307390420138,1.6968755850942454,1.5525163054334292,-1.1881153202280295,2.533399402795946,-1.412729694993662,-1.3943371296406695,2.033197159853786,0.04570383072140165,-0.15806081064192537
-0.48914089293723984,-1.1911509906967048,0.462803342106081,-0.9695001445217023,0.9007200448905847,0.6641348277150978,2.432370550000515,0.48904159866142893,1.900658249918177,0.6821771964116963,1.621090481509709,-1.1132653598080255,1.136719961830368,-0.5020671671121248,-0.5996571116532183,0.2991818826544672,0.8585277150843622
0.16659796316843153,-0.4146665791082593,2.318233597474426,0.4808434229209384,0.7936644550693527,0.05683403575547927,0.8160190223679012,0.06539315945646018,0.8487428684025978,0.1524422178765131,0.6678914583086324,-0.07118552548591026,0.18720856952582632,0.1416653451876848,1.8829742434614942,1.4743983052532277,2.2682099731385246
-0.653075606963657,-0.3037402345956241,-0.18659724727284058,-0.19598357521896068,1.6501091736392872,1.3581928756689476,1.0299479010251589,1.2401445191878813,1.0097852393143443,1.2050079679899344,-0.0943683902510577,-0.09291597605064042,-0.2111846276499352,-0.6788679179507059,-0.25967893244961154,-0.3229915175448773,0.561541389150118
-0.735042963976867,2.580344722732889,0.741117880411332,-2.3231541408015004,0.22270130935603663,0.14359129174971055,0.22177213720885208,0.6059092947591945,0.3528143914340528,0.2330774146353509,-1.7341869121092648,-2.210904752680676,-1.5973442649093137,-0.7276361485042406,-1.752420333231961,-1.6595121550101328,-1.4807811083198812
-1.3088144630693284,-0.6365192681335294,-0.6504548111149269,-0.2926731463818035,0.986364516747586,2.312522691605492,1.3389562813078644,1.0661721522227117,1.2287954553625056,1.8184242503494046,0.37326272983805087,-0.27069721172324857,-0.09379114795010174,-1.3052111252126164,-0.5711938222315213,-0.13864384341173835,-1.0336169319942556
0.16659796316843153,-0.3037402345956241,0.462803342106081,-1.2595688580102304,-0.776484195642207,-1.6783110841291449,-0.8716421314837983,-1.1793069189638352,-0.8322467535124602,-2.022442901541517,-0.13585195117186502,-1.1951010341327648,0.06356965672102899,0.18008233662484943,-0.8558267164484946,-0.5649478398446209,-0.48681552800511474
0.002663249142012967,2.580344722732889,0.8338893931797494,1.5444287057122081,0.29407170257023085,0.577377571720867,-0.22985549551202525,-0.9005446326752814,-0.08419584172473729,0.6111230874510375,-1.388489866154518,1.2566843273059225,-1.4761288922682347,-0.00670327604368995,1.9304130591643223,0.7600510679873137,1.2351756892230084
0.2485653201816401,-1.0802246461840699,-1.2998554004938478,0.19077470943241,-0.9549101786776333,0.14359129174971055,-0.7052530036392646,-1.5525277109205653,-0.6206580639591687,0.2330774146353509,0.8551384904140746,0.4668589843203809,1.2556914980949752,0.26503065164205647,-0.6265391072181553,-0.5879912991112639,-0.31822645076286554
-0.40717353592403127,1.2492285885812675,-1.6709414515675167,-0.8728105733588598,-0.526687819392666,0.40386305973240444,-0.44378437416928296,-1.5525277109205653,-0.31440155107636625,0.4646490664410443,-0.9708389020015634,-0.9943068146542692,-1.1249161934737557,-0.38929843354698035,-1.3871414523201786,0.21852977522121866,-0.33760035614188116
0.90430417628731,-0.4146665791082593,1.2049754442534188,-1.1628792868473878,-0.9977324146061339,-0.37695224421567664,-0.8954120068901603,-0.6779572458674805,-0.8636652753719254,-0.28038490449683706,-0.6716816398311485,-0.4582319748541317,0.44479066819342694,0.9106613401033529,-0.5047794802475611,-2.2932072848427976,-1.6711106756561813
-1.2268471060561197,-1.0802246461840699,-1.2998554004938478,0.2874642805952528,2.2210723193526034,1.0979211076862543,0.6020901437106435,1.3010580220276384,0.679043414640239,1.017759471287118,1.4312981625138275,0.06493871434730332,0.5688068556505113,-1.2503167304667513,-0.5711938222315213,0.5757033938541757,1.3730793883804813
0.16659796316843153,-0.08188754557035371,-0.27936876004125744,-0.09929400405611787,-0.580215614303282,-0.7239812681926012,-0.11100611848021542,-0.1316938583322322,0.03679732860017462,-0.6686677176331566,-0.5276404547917161,0.31486744567424374,-0.15623295669198914,0.17526157825636401,-0.23595952459819708,-0.9797301066441837,-0.9811108406047467
-0.735042963976867,2.580344722732889,0.741117880411332,-2.3231541408015004,0.25838650596315355,0.05683403575547927,0.17423238639612817,0.6216431358584676,0.3095598055044509,0.1524422178765131,-1.7545220324595443,-2.1924167574001925,-1.5973442649093137,-0.728419305094921,-1.752420333231961,-1.7747294513433454,-1.614753870154076
0.9862715333005201,0.4727441769928217,-1.3926269132622648,0.19077470943241,0.21913278969534475,-1.2445248041579886,-2.1789852788337063,1.175690535684223,-2.8041417031446296,-1.3434207969926282,-0.10992234353995449,-0.45390939609941683,-0.37088333916780797,0.9586292629737242,-0.6818843922047888,1.8776588424194685,1.4679834466139248
1.3141409613533543,2.0257130001697132,-1.2998554004938478,0.5775329940837812,-0.34826183635723984,-0.37695224421567664,0.6020901437106435,0.47129374484483205,0.679043414640239,-0.28038490449683706,-1.2541015810644234,0.402483004141261,-1.0820329240722995,1.2954962482304448,-0.4051579672716204,0.47200782715428424,0.5883760531222978
-1.2268471060561197,-0.3037402345956241,-0.46491178557809215,0.38415385175809563,1.3289424041755915,1.4449501316631788,1.2914165304951406,1.334420452688856,1.1960745885083495,1.2653138455033308,0.23750009711540124,0.1264891202781818,-0.40351262670961086,-1.2321066746775606,0.01072231705651328,0.6678772309207441,0.13170542633119153
1.7239777464193986,1.3601549330939027,0.462803342106081,-1.3562584291730733,-1.204706554927214,-0.8974957801810638,-0.3249349971374731,-0.2623408272713978,-0.1844434803938194,-0.8797942129914668,-1.1729384851846163,-1.3141978137982544,-0.7229112110058372,1.72236291267858,-0.9412165847135866,-0.5188609213113352,-0.4909069117497508
0.6584021052476844,-0.08188754557035371,1.8543760336323394,0.7709121364094663,-0.31257663975016253,0.31710580373817315,-0.08723624307385346,-0.9639457283928805,0.06044938971628145,0.38910700786658775,-0.181944011356822,0.7483835882968608,-0.0035916423701340557,0.6511871292918979,1.9098562390264302,0.160921127054613,0.05830118855976217
0.49446739122126576,1.5820076221191726,1.0194324187165842,1.5444287057122081,0.9720904381047789,1.0979211076862543,0.6258600191170055,0.7814140826901749,0.6983556179308059,1.017759471287118,-0.8815651856218847,0.8691078508883738,-1.0720784197508857,0.4578196709893532,2.085379857126897,1.5780938719531181,2.1071618777001158
0.08463060615522153,1.5820076221191726,-1.485398426030682,-1.8397062849872867,0.7579792584622754,0.23034854774394187,-1.01426138392197,1.0765874137159805,-1.0256256679196953,0.3119402649770985,-0.9803357286802369,-2.0382084299976766,-1.1538506605872474,0.06236180950049103,-1.8330663199267703,0.71396414945403,0.8910983386201012
-0.07930410787119559,-0.1928138900829889,1.2049754442534188,-0.5827418598703313,-0.2947340414466239,-0.29019498822144535,-0.5626337512010927,-1.1027788392794577,-0.4499388990964361,-0.18954169161124898,-0.1996724091114963,-0.508858045493006,-0.12981466282455675,-0.07297410532843644,0.08346183446751794,-0.35755670644484117,0.09031024962074423
0.33053267719484863,-0.7474456126461646,0.09171729103241152,0.38415385175809563,-0.8835397854634787,-0.8107385241868326,-1.1568806363601418,-0.5361622715405847,-1.2316249248984419,-0.7726783407028834,0.47652190334132616,0.49183559011079636,0.6941934157396129,0.3438039175533831,0.36176955325744714,-0.18473076194502208,-0.0287409950271236
0.5764347482344758,-1.6348563687472453,1.0194324187165842,0.5775329940837812,-0.9156564624098245,-0.8107385241868326,-0.8478722560774363,-1.1793069189638352,-0.8011377787729798,-0.7726783407028834,2.5924699103798585,0.6845026528792535,3.066823289141415,0.5862650550774584,1.1366035430703192,-0.13864384341173835,-0.03531929830281489
0.5764347482344758,-0.1928138900829889,2.4110051102428436,0.5775329940837812,-1.0298490915524798,-2.02534010810607,-1.703587770706467,-1.1793069189638352,-2.1756699967926956,-2.588353925259448,-0.23956045459502423,0.7843288540529099,0.08153481920674467,0.5892045998159067,2.061660449275483,-0.33451324717819825,-0.19821252758684577
-1.1448797490429112,0.4727441769928217,0.18448880380082888,-0.8728105733588598,0.47963472492704073,1.4449501316631788,1.576655035371484,-1.2615087562840905,1.3874989776938662,1.2653138455033308,-0.6932854294294668,-0.8387211716911892,-0.9289784676276137,-1.134449966494684,-0.6281204010749161,-0.3229915175448763,0.7913006645352278
0.49446739122126576,-0.6365192681335294,-1.9492559898727684,1.5444287057122081,-0.027095066893504497,-1.0710102921695264,0.5545503928979196,0.9903912717577839,0.6400610010521738,-1.1041244592143058,0.6089646519602862,1.3110402723596057,0.5930941883140785,0.4831060263890404,-0.39408891027429316,0.6563555012874233,0.15180134060632078
1.8059451034326086,-0.5810560958772119,-1.2070838877254306,0.674222565246624,-1.704299307426336,-1.1577675481637577,-0.4675542495756449,0.039292727020321674,-0.3410475775182748,-1.2217781224792306,-0.6198278118909509,2.329750568410108,1.003838137635386,1.8175884478582676,-0.286560928014548,-2.322011608926101,-1.7506319332418987
-0.07930410787119559,0.3618178324801865,-0.18659724727284058,-0.8728105733588598,-0.4910026227855887,-0.9842530361752951,-1.679817895300105,-1.031191601614447,-2.1281873667505646,-0.9902064706735354,-0.12246805941327264,-1.2721386082148776,-0.5772264375705786,-0.06829480815624742,-0.7799246113239687,1.3937461978199792,1.1673870761991212
-0.07930410787119559,-0.4146665791082593,-1.0215408621885957,-0.5827418598703313,1.1183997441937799,-0.29019498822144535,-0.20608562010566328,1.5769942757064204,-0.05962345783116127,-0.18954169161124898,-0.15313721474478162,-0.3278015898336418,0.10134786996995898,-0.10651262801444433,-0.9412165847135866,-0.8414693510443284,-0.8256382583085378
0.33053267719484863,-0.8583719571587995,0.6483463676429156,0.4808434229209384,0.32975689917730816,0.750892083709329,0.17423238639612817,0.7400720105381283,0.3095598055044509,0.7518515263711428,0.5901069425655991,0.6566618357602219,0.8740910177628526,0.3135196445381118,0.8013692454369953,-0.29994805827823445,0.04249721605596785
-0.07930410787119559,-0.4146665791082593,-1.1143123749570132,0.19077470943241,0.008590129713572809,-1.0710102921695264,-0.06346636766749149,0.71162898546923,0.08392559745065886,-1.1041244592143058,0.019710926950674022,0.324242298095328,0.10134786996995898,-0.08019555896320887,-0.5158485372448876,-0.2884263286449135,-0.31910890608033565
-0.48914089293723984,-0.8583719571587995,-0.0938257345044232,1.0609808498979947,1.7036369685499428,0.577377571720867,-0.1823157446993013,1.3668086572793625,-0.03524082396888361,0.6111230874510375,1.16050533483059,0.6435316054142772,0.5306485057402854,-0.5201249883864971,0.7760685437288196,1.0365725791870222,0.8847607049764469
2.133814531485443,1.6929339666318077,-0.5576832983465095,0.38415385175809563,-0.9905953752847105,-1.33128206015222,-0.5626337512010927,0.140200188059598,-0.4499388990964361,-1.469332496695443,-1.0716409587866011,0.09118204506683415,-0.7951936921648896,2.1190104980691156,-0.047785555643642515,0.7600510679873137,0.9752524866225369
2.133814531485443,0.9164495550433619,0.9266609059481667,-0.776121002196017,-1.4794825688017172,-2.459126388077226,-1.5371986428619333,0.37802730506175736,-1.857375591346672,-2.588353925259448,-0.8157189571384006,-0.889132519321703,-0.3851925961611706,2.133733309984113,-0.23121564302791428,0.1954863159545768,-0.9111160892871807
0.9862715333005201,-0.4146665791082593,-0.46491178557809215,0.19077470943241,-1.1476102403558666,-0.37695224421567664,-0.6814831282329026,-0.6286505862834514,-0.5915561492431368,-0.28038490449683706,-0.1099251793209178,0.48980648202062377,0.4734109013787164,0.9952634046450123,-0.12843154233845155,-0.6340782176445486,-0.288423527995558
-0.48914089293723984,0.9164495550433619,1.2977469570218363,-1.1628792868473878,0.11564571953480472,-0.4637095002099079,0.6733997699297294,0.5573226723308153,0.7366292428455685,-0.37358794334610596,-1.1902237842886472,-0.8407396511023916,-0.995758418785223,-0.48433159292400757,-0.4715723092555806,-1.3484254549104606,-1.2448045341071368
0.49446739122126576,-0.6365192681335294,0.5555748548744983,-0.09929400405611787,-0.291165521785932,-0.20343773222721404,-0.44378437416928296,0.3973185252040561,-0.31440155107636625,-0.10094175185183701,0.4204031142624984,-0.11489881035245209,0.5930941883140785,0.4898126737826116,0.21945310614896074,-0.00038308781188310046,-0.05890492224248648
-0.2432388218976127,-0.1928138900829889,0.8338893931797494,-0.6794314310331742,1.4609776316217855,-0.37695224421567664,1.1012575272442449,1.0869057876519248,1.0616910995893223,-0.28038490449683706,-0.04012022717738431,-0.7589737364559137,-0.182652033332382,-0.2746322947982701,-0.17903294575480252,0.09179074925468536,0.9477359253595858
1.1502062473269372,1.0273758995559972,1.2049754442534188,-0.09929400405611787,-0.7051138024280525,-0.5504667562041392,-0.27739524632474916,-1.1793069189638352,-0.13392183626255794,-0.46927668735086014,-0.8421910824167019,-0.2634336671150543,-0.6760362836097792,1.1443803804403063,0.5736629300634162,0.40287744935435765,0.44862722011920564
-0.48914089293723984,0.13996514345491606,2.4110051102428436,1.3510495633865227,-0.2768914431430852,0.750892083709329,0.17423238639612817,-0.3339280649364083,0.3095598055044509,0.7518515263711428,-0.9011510613317935,2.541292790353727,-0.5352038907007974,-0.47543433587230455,3.010436763332061,-1.475164480876994,-1.3899684338310738
0.33053267719484863,1.5820076221191726,0.8338893931797494,0.4808434229209384,1.0077756347118563,1.53170738765741,0.1504625109897662,0.7678038849499831,0.28770826227459045,1.3246228858805913,-0.930950457151061,0.015889811860916887,-1.1047873160854302,0.2966860810097408,0.921547578550828,1.220920253320163,2.0731071247668145
0.08463060615522153,-1.1911509906967048,-0.7432263238833442,-0.9695001445217023,-0.37680999364289375,-1.2445248041579886,-0.22985549551202525,-0.9639457283928805,-0.08419584172473729,-1.3434207969926282,1.9261160905873833,-1.2495132789455958,1.4195547221724705,0.08984145776695178,-1.0724639748247469,0.875268364320525,1.5652942011677415
-1.3907818200825368,0.4727441769928217,1.8543760336323394,-1.066189715684545,0.6152384720339662,0.6641348277150978,0.982408150212435,-0.9639457283928805,0.9747011517543914,0.6821771964116963,-0.4340129468119057,-1.2749633214077831,-0.9933740593729756,-1.3778829643179902,-0.16322000718719287,0.5757033938541757,0.9271987834257208
0.90430417628731,0.3618178324801865,-0.8359978366517611,0.38415385175809563,-0.13415065671477602,-1.0710102921695264,0.7684792715551773,0.8081435013633709,0.8118122088706097,-1.1041244592143058,-0.7915582696876111,0.7864449866980615,-0.311334988780315,0.887696947851844,-0.22330917374410944,-0.7608172436110819,-0.21822821865129602
-0.9809450350164927,-0.08188754557035371,-0.37214027280967477,-0.2926731463818035,2.1675445244419875,-0.37695224421567664,0.8160190223679012,1.5703720638021281,0.8487428684025978,-0.28038490449683706,-0.48922973885450594,0.03689052076875026,-0.5123960234429854,-1.009658247452092,-0.4288773751230345,-0.8875562695776152,-0.4226369594617898
-0.07930410787119559,-0.1928138900829889,1.3905184697902535,-0.776121002196017,-0.22693216789316117,0.31710580373817315,2.812688556502306,-0.37153224913899335,2.8610918104396887,0.38910700786658775,-0.39911263652913626,-0.512414820057972,-0.12981466282455675,-0.07458938534619773,-0.033553910932793654,-0.9566866473775418,-0.3984095498366836
-0.07930410787119559,-1.30207733520934,0.9266609059481667,0.2874642805952528,-0.3339877577144327,0.14359129174971055,-0.15854586929293935,-0.7836769365775159,-0.011045032048426011,0.2330774146353509,1.510517101610608,0.4165417604615682,1.603900721242311,-0.07203866064132536,0.7950440700099508,-0.25386113974494867,0.037844269836577564
-0.40717353592403127,1.5820076221191726,-1.2070838877254306,1.1576704210608375,0.7936644550693527,-1.2445248041579886,-0.30116512173111115,0.8969282493956693,-0.1590816139620979,-1.3434207969926282,-0.9803357286802369,0.7226715724402275,-1.2519773495908815,-0.4194884634877848,-0.0019280337975743518,1.071137768086985,0.9557582464275014
-0.07930410787119559,0.8055232105307267,0.9266609059481667,-0.8728105733588598,1.4538405923003621,2.4860372035939533,2.1709019205305333,1.4947924383861648,1.75251641507045,1.919504603555624,-0.49142265523433665,-1.2331001866652684,-0.8431171266731593,-0.11443469877208244,-0.3245119805768114,1.20939852368684,0.7994433204191619
-0.3252061789108227,0.2508914879675513,0.9266609059481667,1.5444287057122081,0.15133091614188202,0.14359129174971055,-0.8954120068901603,-1.031191601614447,-0.8636652753719254,0.2330774146353509,-0.3778377535860148,1.3855715769210453,-0.5683636403964346,-0.3245195218794302,2.0078964581456096,0.518094745687569,1.2411924300239439
-0.9809450350164927,-0.5255929236208943,-1.6709414515675167,-0.5827418598703313,-0.16983585332185333,-0.029923220238752032,-1.6322781444873813,-0.9005446326752814,-2.0353119831112827,0.0699531769801072,-0.21701634958443644,-0.12672784073402002,-0.0965055549593876,-0.9601592224069584,-1.2400811236414087,-1.3138602660104968,-0.9777815773615609
-0.9809450350164927,-0.4146665791082593,-1.3926269132622648,0.5775329940837812,-0.027095066893504497,2.52941583159107,0.45947089127247176,-0.37153224913899335,0.5606219585172659,2.530809295077329,0.06292296237453784,0.6787828264466113,-0.21347469506822003,-0.9632007719483077,-0.46682842768529736,-0.1271221137784164,-0.4045867370589772
-1.3088144630693284,0.4727441769928217,1.0194324187165842,-0.5827418598703313,1.999824100388716,-0.8107385241868326,1.1250274026506069,1.522875386451632,1.0788051544662989,-0.7726783407028834,-0.5960582484478811,-0.6472834820588654,-0.9719088621245217,-1.3257028370058437,-0.0019280337975743518,0.05722556035472257,0.5154130430096042
-1.4727491770957455,0.3618178324801865,-0.9287693494201784,0.38415385175809563,0.8008014943907761,0.750892083709329,0.6258600191170055,0.47129374484483205,0.6983556179308059,0.7518515263711428,-0.6242857171190264,0.49183559011079686,-0.9539059900234521,-1.4617729047686412,-0.2818170464442648,-0.1847307619450231,-0.057942243714337406
-0.8989776780032841,0.5836705215054568,1.761604520863923,-0.6794314310331742,1.8891999909067527,0.4906203157266358,1.7192742878096559,1.4947924383861648,1.4790281513810286,0.5386334452652105,-0.5066875891376087,-0.9125648358158469,-0.9263764382836724,-0.9238792552509687,0.23210345700304838,0.6333120420207814,0.2879000175235127
-0.8989776780032841,1.1383022440686323,-0.5576832983465095,-1.2595688580102304,0.29050318290949934,2.52941583159107,1.0299479010251589,0.2973213778796623,1.0097852393143443,2.530809295077329,-1.08560477154493,-1.204348627588388,-1.1865599873008743,-0.8896809652546956,-1.2037113649359066,-0.5303826509446572,-0.44782704761504366
0.90430417628731,1.0273758995559972,-0.9287693494201784,-0.2926731463818035,-1.7649641416583752,-1.2445248041579886,-1.1806505117665038,-1.4468080202105298,-1.2673036705589338,-1.3434207969926282,-1.2346036542548282,0.20107243692290583,-0.7317297918816695,0.9311578808379495,-0.7135102693400082,-1.2332081585772492,-1.393899371154352
-1.4727491770957455,-0.7474456126461646,-0.5576832983465095,1.641118276875051,1.22188681435432,-0.11668047623298272,0.3643913896470239,1.1661692995471056,0.4791326514601071,-0.014476959580863336,0.3283664415040572,2.050496943979288,-0.025400590305386803,-1.4701204182349699,0.8361577102857363,-0.380600165711482,-0.5355511284927036
1.3961083183665643,-0.4146665791082593,0.09171729103241152,0.09408513826956774,-1.5330103637123331,-0.5504667562041392,-0.7052530036392646,-0.7836769365775159,-0.6206580639591687,-0.46927668735086014,-0.2827733210163731,0.6208463920776469,0.6165120673051612,1.4091102242758922,0.12457547474330284,-1.1064691326107159,-1.2275966554164577
-1.3088144630693284,-1.30207733520934,-0.46491178557809215,-0.2926731463818035,1.0434608313189335,-0.5504667562041392,0.7922491469615393,0.18740804436970973,0.8303315311366507,-0.46927668735086014,2.288332118798958,-0.6596468733546578,0.9599468161383545,-1.306368692049479,-0.4763161908258634,1.0596160384536661,2.116908997797635
0.002663249142012967,-0.8583719571587995,-0.001054221736005843,0.2874642805952528,0.008590129713572809,-1.33128206015222,0.45947089127247176,-0.5361622715405847,0.5606219585172659,-1.469332496695443,0.9012333383465031,0.1464250968473494,0.7367140129538253,0.00014673356453798894,0.22577828157600435,0.36831226045439486,1.3129119803711136
0.2485653201816401,0.6945968660180921,-0.18659724727284058,-0.2926731463818035,0.4724976856056174,0.40386305973240444,1.2914165304951406,0.7540246121085826,1.1960745885083495,0.4646490664410443,-0.4835793132136532,-0.6531160020525223,-0.7016995037340139,0.2297330610416298,-0.333999743717377,1.0365725791870242,0.41641760103152614
-1.1448797490429112,-0.4146665791082593,0.18448880380082888,-0.5827418598703313,1.5787387804251327,-0.7239812681926012,1.1963370288696926,1.5089227848811773,1.1295977037836804,-0.6686677176331566,0.019710926950674022,-0.500740504522285,-0.2707151614387984,-1.1572265353703677,-0.3861824409904883,-0.38060016571148303,-0.27887696592473765
-0.16127146488440414,0.02903879894228149,-1.2070838877254306,1.0609808498979947,0.29407170257023085,-1.0710102921695264,-0.01592661685476756,0.9210426164859395,0.13036077835568,-1.1041244592143058,-0.3136375614171362,1.0985376197343641,-0.3524857376347153,-0.16725861563487743,-0.058854612640969355,0.09179074925468639,0.01265418168332228
-0.653075606963657,0.2508914879675513,1.2049754442534188,-0.9695001445217023,0.015727169034996193,2.1390081796170293,0.007843258551594406,-0.7836769365775159,0.15332477335556308,1.7144136272796777,-0.17041981070390225,-1.2571465686829761,-0.6599484629097262,-0.6427500566130704,-0.3086990420092013,0.9098335532204899,0.747538903109748
0.6584021052476844,-1.9676354022851505,0.6483463676429156,0.7709121364094663,-1.390269577284024,-0.29019498822144535,-1.4658890166428475,-1.5525277109205653,-1.7302093293295229,-0.18954169161124898,3.597629952374933,1.3053825022555445,4.926673507574296,0.6791554574839517,1.067026613372837,-0.8414693510443294,-1.0678722429542546
0.16659796316843153,-0.02642437331403611,-0.6504548111149269,-0.2926731463818035,-0.41963222957139446,-0.029923220238752032,0.269311888021576,0.31805501330887553,0.3954844380192065,0.0699531769801072,-0.6449675852701096,0.19820319467892983,-0.20618811426947836,0.17132129506736343,-0.5711938222315213,-1.227447293760589,-1.0039543998456357
0.6584021052476844,-0.3037402345956241,0.18448880380082888,-0.19598357521896068,-0.8478545888564013,0.577377571720867,0.43570101586610976,-0.6286505862834514,0.5404459448543757,0.6111230874510375,0.11304941435297891,-0.3100684286357548,0.2284222273436075,0.66505738472386,-0.06359849421125216,0.2530949641211815,0.12865694432538352
1.3961083183665643,0.3618178324801865,1.0194324187165842,2.3179452750149507,-1.0262805718917878,-0.37695224421567664,-0.5626337512010927,0.23268850280246456,-0.4499388990964361,-0.28038490449683706,-0.7915582696876111,2.987257121862814,-0.17838926438518274,1.394886956736465,2.8444009083721604,-0.5303826509446582,-0.27983964445288817
-1.1448797490429112,-0.6365192681335294,-0.27936876004125744,-0.5827418598703313,0.008590129713572809,1.7919791556401041,-0.13477599388657738,-1.1027788392794577,0.012966759674150239,1.4968854973090242,0.09042042329136915,-0.3185889561486216,-0.031347026471540126,-1.1246453618239265,-0.5996571116532183,-0.8645128103109724,-0.8783850193300851
1.887912460445817,-1.1911509906967048,-1.485398426030682,-0.3893627175446463,-1.54728444235518,-1.2445248041579886,-0.44378437416928296,-0.5814427299733397,-0.31440155107636625,-1.3434207969926282,2.0481263342184537,-0.7813305260569203,2.3084639689619375,1.8936894096928636,-1.0503258608300934,1.1748333347868753,0.7629818711654841
-0.8989776780032841,-0.1928138900829889,-0.18659724727284058,1.8344974192007366,0.5831217950875808,0.31710580373817315,1.2676466550887786,0.7814140826901749,1.1795861155578766,0.38910700786658775,-0.1996724091114963,2.0616969710474797,-0.39400151536368344,-0.8959634891101479,1.3010581041734597,-0.06951346561181175,-0.16479956033897603
-0.735042963976867,-0.4146665791082593,0.8338893931797494,0.09408513826956774,-0.13415065671477602,0.31710580373817315,1.9213182287637327,-0.4507957610341739,1.6043143684513796,0.38910700786658775,0.10613499779840166,0.12151216330538715,-0.12761399551235317,-0.7197959106487598,0.554687403782285,-0.06951346561181072,0.24963354602955376
-1.3088144630693284,0.9164495550433619,-0.27936876004125744,-0.6794314310331742,1.3646276007826688,0.6641348277150978,1.5053454091523981,1.3094931744597256,1.3407198199493684,0.6821771964116963,-1.046183466153937,-0.48942216034631075,-1.1865602383552394,-1.312873086916859,-0.6723966290642228,-0.7147303250777961,-0.6284094948538289
0.5764347482344758,-0.3037402345956241,0.9266609059481667,1.3510495633865227,-0.6908397237852058,-0.20343773222721404,0.6020901437106435,0.012563308347125364,0.679043414640239,-0.10094175185183701,0.27898365803620856,0.9926115033908555,0.20094679890651132,0.5804833694670071,1.8213037830478165,0.8983118235871689,0.10860114165559519
-0.2432388218976127,-1.1911509906967048,0.462803342106081,-0.2926731463818035,-0.2768914431430852,-0.5504667562041392,-1.3945793904237616,-1.4468080202105298,-1.6079668868241759,-0.46927668735086014,0.9500341415388245,0.03689052076874977,1.257934859119841,-0.23421327771717163,-0.0019280337975743518,-0.8875562695776142,-0.15509255184679774
-1.2268471060561197,-0.08188754557035371,0.09171729103241152,0.7709121364094663,2.292442712566758,-0.11668047623298272,0.45947089127247176,1.6988028138235527,0.5606219585172659,-0.014476959580863336,-0.14353329541961152,0.6929029762356851,-0.5887166806039132,-1.251769602348285,0.6780283246096397,0.27613842338782435,-0.4006557997357005
0.6584021052476844,-1.30207733520934,-1.5781699387990995,-1.066189715684545,-1.169021358320097,-0.11668047623298272,-0.7527927544519885,-1.031191601614447,-0.6796791355505106,-0.014476959580863336,1.0567916749174044,-0.7659135888768374,1.990273064304686,0.6733997026954619,-1.450393206590617,-1.2216864289439284,-1.2275966554164577
1.8059451034326086,-0.3037402345956241,0.8338893931797494,-0.48605228870748857,-1.2618028694985217,-1.1577675481637577,-0.9429517577028842,0.21027931237287534,-0.9274560387990313,-1.2217781224792306,-0.17733551209267234,-0.3151193863390763,0.6130782254629579,1.804648346756039,0.004397141629469683,-0.5879912991112628,-0.9297679857700842
1.8059451034326086,2.580344722732889,-0.0938257345044232,-0.9695001445217023,-1.2903510267841758,-0.7239812681926012,-0.22985549551202525,0.23268850280246456,-0.08419584172473729,-0.6686677176331566,-1.6325113103578686,-0.7541235079172652,-1.179824648034486,1.8054822139450022,-0.8178756638862317,-0.922121458477577,-0.30374616123527565
-0.3252061789108227,-0.3037402345956241,0.9266609059481667,0.4808434229209384,0.6509236686410436,0.23034854774394187,0.4119311404597478,0.7678038849499831,0.5201401810160081,0.3119402649770985,-0.011401268409443055,0.516884575476253,-0.10128291390155002,-0.33603845712908925,0.9816367451077447,-0.011904817445205055,0.4052264631417812
-0.9809450350164927,-0.4146665791082593,-0.001054221736005843,-0.2926731463818035,1.5965813787286713,0.750892083709329,0.12669263558340424,1.2925582317819888,0.2657044422539355,0.7518515263711428,0.019710926950674022,-0.19137195354067993,-0.21347469506822003,-0.9976268396768133,-0.2391221123117191,-0.3460349768115192,0.13242743522730369
0.33053267719484863,-0.4146665791082593,-1.0215408621885957,-0.3893627175446463,0.06211792462418876,-0.5504667562041392,1.671734536996932,0.8212704853301495,1.4488122710881348,-0.46927668735086014,0.9703757062756798,-1.0222865210231638,0.24444903589640424,0.32018218820393335,-0.8210382515997536,2.177223812885819,1.333850238358372
0.49446739122126576,-0.3037402345956241,-0.0938257345044232,-0.776121002196017,-1.404543655926831,-0.29019498822144535,-1.2519601379855898,-1.2615087562840905,-1.3768245475962362,-0.18954169161124898,-0.0943683902510577,-0.7107498123034319,0.17347137046941466,0.5181996174617038,-0.6660714536371792,-0.39212189534480396,-1.3456049983255003
-1.4727491770957455,0.3618178324801865,-0.37214027280967477,1.5444287057122081,0.9364052414976619,0.577377571720867,1.9569730418732756,0.71162898546923,1.6259167473177396,0.6111230874510375,-0.6242857171190264,1.7167738777218864,-0.9539059900234521,-1.4644632453849693,0.9231288724075893,-0.04647000634516887,-0.25817937756951614
0.002663249142012967,0.3618178324801865,1.2977469570218363,-0.2926731463818035,-0.34826183635723984,-0.4637095002099079,-0.1823157446993013,-0.7295580473227278,-0.03524082396888361,-0.37358794334610596,-0.5908312066053094,-0.266397126385695,-0.5550688168380568,0.008724769855739474,0.42502130752788575,-0.1501655730450593,0.3329052387145194
-0.48914089293723984,1.5820076221191726,-1.1143123749570132,-1.3562584291730733,0.465360646284194,-0.20343773222721404,0.293081763427938,0.5899490597007058,0.4166051548611586,-0.10094175185183701,-0.9803357286802369,-1.5929052037980147,-1.2683317977581534,-0.4922416711868051,-1.451974500447378,0.7715727976206346,0.9882085351472207
1.8059451034326086,0.3618178324801865,-1.2070838877254306,-0.2926731463818035,-1.822060456229683,-0.4637095002099079,-1.2994998887983136,-0.5814427299733397,-1.4520075136212773,-0.37358794334610596,-0.5908312066053094,-0.266397126385695,-0.06760116072257276,1.8210376530623618,-0.8558267164484948,-0.1501655730450593,-0.4587775158727503
0.16659796316843153,-0.6365192681335294,0.18448880380082888,0.964291278735152,-0.30187108076804725,-0.11668047623298272,-0.5388638757947308,0.5065099470716516,-0.42236199546769626,-0.014476959580863336,0.4204031142624984,0.974843226617768,0.46820594535695526,0.1684340239499179,0.9041533461264576,0.12635593815464918,-0.28244689879996043
-0.48914089293723984,2.580344722732889,0.6483463676429156,-1.3562584291730733,-0.13415065671477602,0.40386305973240444,1.576655035371484,-1.8000423759574964,1.3874989776938662,0.4646490664410443,-1.4901654679059142,-1.4001283912149278,-1.5569391406956206,-0.4786719818736688,-0.8811274181566701,-0.16168730267838022,0.2608647955246354
0.49446739122126576,-0.6365192681335294,-1.2998554004938478,-0.6794314310331742,-0.9763212966418637,-0.20343773222721404,1.0537177764315209,-1.3502935043163888,1.0271821725509864,-0.10094175185183701,0.37326272983805087,-0.6726119119410456,0.5930941883140785,0.5072604100321357,-1.1246466720978585,-0.1847307619450231,-0.6419672174586064
-0.653075606963657,-0.08188754557035371,-0.5576832983465095,-0.9695001445217023,-0.0627802635005818,0.31710580373817315,-0.8954120068901603,-0.37153224913899335,-0.8636652753719254,0.38910700786658775,-0.41240830698008496,-0.8157596374810681,-0.41063514722841504,-0.6410067562662434,-0.9997244574137424,-0.737773784344438,-0.5726543634318131
-0.8989776780032841,1.2492285885812675,0.3700318293376636,2.3179452750149507,-0.0627802635005818,2.52941583159107,-1.5134287674555713,-1.3502935043163888,-1.8144152634103718,2.530809295077329,-1.1037992240746193,2.5502889703479767,-1.230591069969496,-0.8820821496777886,2.213464659524536,0.02266037145475876,-0.30278348270712657
-1.0629123920297012,0.13996514345491606,-0.8359978366517611,-0.2926731463818035,0.7222940618551981,2.52941583159107,0.293081763427938,0.7678038849499831,0.4166051548611586,2.530809295077329,-0.5792956697163687,-0.07400909161486058,-0.7010039813657186,-1.0593097487533794,-0.6660714536371792,-0.6340782176445486,-0.9517090338908355
2.830537066097719,2.580344722732889,2.1326905719375913,-2.3231541408015004,-1.0262805718917878,-0.20343773222721404,-0.8003325052647124,0.8081435013633709,-0.7398244853787111,-0.10094175185183701,-1.6528464307081479,-2.2789968313143283,-1.0114699638107651,2.8049918879924,-1.5389456625692308,-1.1986429696772865,-1.1502614803217515
0.08463060615522153,0.5836705215054568,-0.46491178557809215,-1.6463271426616015,-0.7407989990351298,0.4906203157266358,-0.9667216331092462,-1.1027788392794577,-0.9598413011043403,0.5386334452652105,-1.2609348827224958,-1.1676532846756087,-0.6765995739213511,0.09869301411991184,-1.450393206590617,-2.2471203663095127,-1.8557443950342647
-0.48914089293723984,-0.3037402345956241,-0.001054221736005843,1.5444287057122081,1.507368387210978,0.05683403575547927,1.1250274026506069,0.8846715810477487,1.0788051544662989,0.1524422178765131,0.48640146264024553,0.9043553098883376,-0.15623377077574285,-0.515718373355756,1.2330624683327378,1.4974417645198697,2.1900725659370246
0.08463060615522153,-0.8583719571587995,0.8338893931797494,0.4808434229209384,0.07996052292772741,-0.29019498822144535,-0.8241023806710743,0.16405524078297637,-0.7703323110645232,-0.18954169161124898,0.6938157411592334,0.5440413004455282,0.7710582641560819,0.07875932455265552,0.921547578550828,-0.06951346561181072,0.45685009921381864
-0.8989776780032841,0.3618178324801865,-0.8359978366517611,-0.776121002196017,1.0184811936939715,0.40386305973240444,-0.03969649226112952,1.1272454040653126,0.10722854746078214,0.4646490664410443,-0.45701316455044166,-0.9052993521199372,-0.7988026448957986,-0.9052915260646724,-0.9823302249893717,0.2530949641211815,0.12865694432538352
0.16659796316843153,-0.8583719571587995,-0.46491178557809215,0.5775329940837812,0.11564571953480472,0.05683403575547927,1.0061780256187969,-0.4926579819410412,0.992291923684418,0.1524422178765131,1.1086509355337721,0.2417440812937746,0.8054025153583395,0.15821278159220764,0.1498761764514781,0.8637466346872041,1.8474392331263405
0.002663249142012967,0.13996514345491606,-1.0215408621885957,-0.9695001445217023,0.5367310394983882,-0.5504667562041392,-0.9191818822965222,1.3904939102015168,-0.8953995665596088,-0.46927668735086014,-0.5792956697163687,-0.8232537116879634,-0.3930895272737218,-0.012517126040692245,-1.181573250941253,-0.7147303250777961,-1.0934634471609062
-1.636683891122164,0.6945968660180921,-0.001054221736005843,2.3179452750149507,1.4359979939968235,-0.37695224421567664,0.31685163883429995,1.117297201065335,0.437585533678028,-0.28038490449683706,-0.4835793132136532,1.7156313131212653,-1.1663579766448542,-1.6343977749688499,1.8529296601830365,1.3476592792866955,1.048897394026006
-0.9809450350164927,-0.9692983016714347,-0.6504548111149269,-0.776121002196017,-0.09132842078627533,0.750892083709329,1.0299479010251589,-1.3502935043163888,1.0097852393143443,0.7518515263711428,0.7702318026237011,-0.6880018835382966,0.49449576809175455,-0.9618323777317415,-0.9032655321513238,-0.46125227314473055,-0.20041866588052173
-0.8989776780032841,-0.6365192681335294,2.4110051102428436,-0.48605228870748857,0.5081828822126947,-0.11668047623298272,1.0061780256187969,0.21027931237287534,0.992291923684418,-0.014476959580863336,0.27898196098915695,-0.3891500900138996,0.06231915574630279,-0.8943555362595117,0.7570930174476884,-0.39212189534480396,-0.12099768730815673
-0.07930410787119559,-0.8583719571587995,-1.2998554004938478,0.674222565246624,-0.6551545271781284,0.23034854774394187,-0.7527927544519885,-1.4468080202105298,-0.6796791355505106,0.3119402649770985,1.5753405292051281,-0.042021517218747355,0.7023697617515687,-0.06437722931389595,-0.34981268228498663,1.9122240313194312,1.431321439333548
0.4125000342080572,0.5836705215054568,-0.001054221736005843,-0.2926731463818035,-0.1662673336611218,-0.20343773222721404,0.7209395207424534,0.6371569160108173,0.7744444899712012,-0.10094175185183701,-0.8209572947979785,-0.1408065218149248,-0.5933406191339102,0.40625744003585473,-0.2391221123117191,-0.4727740027780515,-0.43924316407237385
2.2977492455118615,2.0257130001697132,2.503776623011262,-1.7430167138244441,-1.5151677654087945,-1.5047965721406826,-0.1823157446993013,-0.7295580473227278,-0.03524082396888361,-1.7352404416114184,-1.6148288564838336,-1.4795277389738084,-0.9028450200972413,2.2961875315003386,-0.7609490850428366,-1.647990425376811,-1.3468484580910258
-0.9809450350164927,-0.4701297513645769,0.09171729103241152,-0.5827418598703313,0.5795532754268493,-1.1577675481637577,-0.4675542495756449,1.180420680162957,-0.3410475775182748,-1.2217781224792306,-0.625711584997484,0.35290378684065515,-0.156234472273058,-0.9761000862489032,-0.4288773751230345,-2.2298377718595304,-2.7401451253639695
0.5764347482344758,-0.24827706233930652,1.5760614953270884,-0.0026044328932750627,-1.1761583976415204,0.6641348277150978,-0.372474747950197,-1.3502935043163888,-0.23578665058535841,0.6821771964116963,-0.6360947194380785,0.8311032904450857,0.14007010796428157,0.5929736673279734,0.8804339382750436,-1.6767947494601143,-1.4288566352077954
-0.8989776780032841,1.3601549330939027,2.503776623011262,-0.19598357521896068,-0.2768914431430852,0.40386305973240444,0.7684792715551773,-1.669395407018331,0.8118122088706097,0.4646490664410443,-1.2507202785833538,0.07896853912976211,-1.2724206040085584,-0.8774694327975229,1.1619042447784953,-0.7262520547111181,-0.7233937762979513
0.5764347482344758,-0.24827706233930652,2.503776623011261,-1.066189715684545,-0.49813966210697247,-0.029923220238752032,0.3643913896470239,-0.4507957610341739,0.4791326514601071,0.0699531769801072,-0.7987753632592838,-0.332074431395363,0.14007010796428157,0.575533481664161,0.08029924675399591,-2.264402960759495,-1.6351105098639112
0.8223368192741014,-0.4146665791082593,-0.27936876004125744,-0.3893627175446463,-0.20552104992893064,-0.4637095002099079,-0.2536253709183872,0.5737558202932183,-0.10896095216611,-0.37358794334610596,0.06292296237453784,-0.3375864786311689,0.416170435008138,0.8091997614697092,-0.45417807683121014,-0.24233941011162777,0.1380831715801854
-0.5711082499504484,0.9164495550433619,1.2049754442534188,-1.6463271426616015,0.22270130935603663,-0.5504667562041392,1.4340357829333124,0.5065099470716516,1.293237189907237,-0.46927668735086014,-1.0749915297808792,-1.538035072837819,-1.0148386007422243,-0.5670485170429514,-0.9949805758434597,-0.9451649177442198,-1.1015659914395022
1.2321736043401457,0.4727441769928217,-0.46491178557809215,-0.776121002196017,-0.03780062587561976,-1.1577675481637577,-0.03969649226112952,0.9446438728006304,0.10722854746078214,-1.2217781224792306,-0.36919482615751553,-1.0585413323584205,-0.30648774742244583,1.2065529551776788,-0.8242008393132755,0.8407031754205623,0.6399194659836578
1.1502062473269372,-1.690319541003563,-1.5781699387990995,-0.3893627175446463,-0.6337434092138979,-0.11668047623298272,-0.9191818822965222,0.40683976134117367,-0.8953995665596088,-0.014476959580863336,2.4775911474257226,-0.15012283553577205,3.6902998342174693,1.1424326975942571,-1.0961833826761613,-0.7204911898944566,-0.6895997487993558
0.002663249142012967,-1.1911509906967048,-1.5781699387990995,-0.19598357521896068,0.25838650596315355,-0.4637095002099079,-0.13477599388657738,0.5573226723308153,0.012966759674150239,-0.37358794334610596,2.292146821480593,-0.7335790702750719,1.3791497564093131,-0.005847627532695012,-0.9949805758434597,1.6587459793863668,1.52277589950779
1.1502062473269372,0.6945968660180921,-0.9287693494201784,0.19077470943241,-0.4910026227855887,-0.8107385241868326,-0.27739524632474916,0.4349227094066409,-0.13392183626255794,-0.7726783407028834,-0.5445846144554892,-0.13612751071618318,-0.4794715384288291,1.1385396870181004,-0.4051579672716204,0.8637466346872041,0.861897089932886
-0.653075606963657,-0.9692983016714347,-0.37214027280967477,0.2874642805952528,-0.0627802635005818,0.577377571720867,-1.2757300133919518,-0.9005446326752814,-1.4141922664956448,0.6111230874510375,1.5344016964278315,-0.1845725700102268,0.6391031035205693,-0.6410067562662434,-0.0019280337975743518,1.2785289014867658,1.2839112897105958
-1.636683891122164,0.02903879894228149,-0.5576832983465095,-0.2926731463818035,0.15133091614188202,-0.37695224421567664,-0.5388638757947308,-0.29755702949821744,-0.42236199546769626,-0.28038490449683706,-0.4988321091823719,-0.069129079633492,-0.7940553124742548,-1.609479012467234,-0.5237550065286923,-0.6455999472778695,-1.1021275539142565
-0.8989776780032841,-0.3037402345956241,0.27726031656924627,1.0609808498979947,1.0791460279260108,-0.20343773222721404,1.3627261567142264,1.1661692995471056,1.2450296062642032,-0.10094175185183701,-0.21881907301347966,1.4532406791748558,-0.2936109129612247,-0.9065895219607581,1.0543762625187494,-0.5188609213113362,-0.6030589602792144
0.6584021052476844,-0.4146665791082593,0.462803342106081,-0.9695001445217023,-1.0619657684988653,0.23034854774394187,-0.11100611848021542,-0.7836769365775159,0.03679732860017462,0.3119402649770985,-0.06671314389705361,-0.8417913877490721,0.35892996863756005,0.6706172460839716,-0.5996571116532183,-0.6571216769111894,-0.9214648834647908
0.16659796316843153,0.02903879894228149,1.3905184697902535,0.7709121364094663,-0.212658089250354,-0.029923220238752032,1.1963370288696926,0.23268850280246456,1.1295977037836804,0.0699531769801072,-0.535871018735419,1.1778703006663458,-0.2543591654481511,0.16624797470553893,1.5856909983904324,-0.6340782176445476,-0.592429384864225
2.37971660252507,2.580344722732889,-1.1143123749570132,-2.0330854273129724,-2.275262453139612,-2.6760195280628034,-0.8954120068901603,-1.2615087562840905,-0.8636652753719254,-2.588353925259448,-1.8155273935103817,-1.7488826437276743,-1.0855460248692024,2.400374685820504,-1.8615296093484677,-2.0858161514430167,-2.157142997555861
-1.3088144630693284,-0.1928138900829889,-0.18659724727284058,-1.066189715684545,0.7579792584622754,0.31710580373817315,1.7192742878096559,0.71162898546923,1.4790281513810286,0.38910700786658775,-0.11989631814444013,-1.0870508644993058,-0.5260949416332468,-1.3005771384052285,-0.9285662338594992,-0.1847307619450231,-0.4667597253353264
1.3141409613533543,-0.7474456126461646,-0.0938257345044232,-1.1628792868473878,-0.19124697128608387,-0.5504667562041392,-0.6101735020138167,1.0235046919343256,-0.5058259402618857,-0.46927668735086014,-0.46179602162804323,-0.32845757713333334,1.0866992372187039,1.291149751952154,-0.9696798741352843,-2.558207066409185,-2.002312200945085
-0.16127146488440414,0.13996514345491606,0.9266609059481667,1.9311869903635794,-0.5623730159997433,-0.29019498822144535,1.2914165304951406,-0.9639457283928805,1.1960745885083495,-0.18954169161124898,-0.5077722493573854,2.2207003658583493,-0.44046098174941334,-0.14706380996447338,2.3810818083411975,-0.13864384341173733,0.05276578702290035
-0.9809450350164927,-0.08188754557035371,1.6688330080955056,1.2543599922236803,1.1183997441937799,0.8376493397035604,0.934868399399711,1.117297201065335,0.9392228527148092,0.8201986452008109,-0.41240830698008496,1.6535381883945939,-0.5123960234429854,-0.9875208195381076,2.309923584786955,-0.4727740027780515,-0.5520369982872692
-1.3088144630693284,-0.4146665791082593,1.5760614953270884,1.3510495633865227,2.3994983023879897,1.1846783636804856,2.289751297562343,1.4659799821067483,1.8207163750874626,1.081267593768474,0.8407396000040884,0.508070108363543,-0.3279556278093763,-1.3337520897800574,2.341549461922173,2.0389630572859656,1.6375753139896654
0.49446739122126576,-0.1928138900829889,-1.1143123749570132,-0.09929400405611787,0.9506793201405087,0.05683403575547927,0.7684792715551773,1.536654659293032,0.8118122088706097,0.1524422178765131,-0.00023218169385640257,-0.21827353499189497,0.055116133952831804,0.4583600314890939,-0.6913721553453545,0.27613842338782435,0.24626417118102845
-0.16127146488440414,-1.1911509906967048,1.761604520863923,0.2874642805952528,-0.6266063698924745,-0.6372240121983705,-1.6085082690810193,-1.2615087562840905,-1.9898790353189013,-0.5675873644269371,0.706013654276684,0.9683713680610119,1.2983398248829983,-0.14554526041401722,1.3073832796005036,-1.279295077110534,-0.8101551786474608
-1.1448797490429112,-0.1928138900829889,0.09171729103241152,-1.066189715684545,1.8784944319246375,0.577377571720867,0.03161313395795637,1.662727530206692,0.17612296189152724,0.6111230874510375,-0.1996724091114963,-1.022969048801103,-0.4732575711254215,-1.1634139532849137,-0.8242008393132755,-0.4151653546114468,-0.8290477447624025
-0.07930410787119559,-0.3037402345956241,-0.46491178557809215,-0.09929400405611787,-0.16983585332185333,0.31710580373817315,-0.13477599388657738,-1.1027788392794577,0.012966759674150239,0.38910700786658775,0.1545329752737866,-0.2553219264690018,-0.018856628590260514,-0.07594914185730868,-0.3371623314308986,0.3798339900877158,0.6412030373545241
0.16659796316843153,0.4727441769928217,0.5555748548744983,-0.3893627175446463,-0.291165521785932,-0.4637095002099079,0.1504625109897662,-1.1027788392794577,0.28770826227459045,-0.37358794334610596,-0.4664220071391008,-0.6006153508863536,-0.5855353116523485,0.16817163991978049,-0.04146038021659847,0.5411382049542119,0.6339027251827207
-0.9809450350164927,0.13996514345491606,-0.8359978366517611,-0.2926731463818035,0.35830505646296207,2.52941583159107,0.43570101586610976,0.5237074574389393,0.5404459448543757,2.530809295077329,-0.5435339595368769,-0.12200681794915968,-0.6773182541278726,-0.9714007379133005,-0.6660714536371792,-0.5188609213113362,-0.8273630573381399
1.5600430323929815,0.3618178324801865,1.483289982558671,-0.0026044328932750627,-1.1190620830702127,-0.8974957801810638,-1.5134287674555713,-0.7836769365775159,-1.8144152634103718,-0.8797942129914668,-0.5908312066053094,0.035468907311408525,-0.13407402292013865,1.5586853129046678,0.8282512410019318,-0.11560038414509548,0.16724430866205828
0.08463060615522153,-0.9692983016714347,-0.46491178557809215,0.19077470943241,-0.16983585332185333,0.14359129174971055,-0.30116512173111115,0.5899490597007058,-0.1590816139620979,0.2330774146353509,0.9339824941531583,0.19697504660086204,0.9644696082354014,0.08481632733353492,-0.12843154233845155,-0.00038308781188310046,-0.2678061628510126
0.16659796316843153,-1.1911509906967048,-0.9287693494201784,2.221255703852108,-1.1333361617130198,-1.5047965721406826,-0.5388638757947308,-1.1027788392794577,-0.42236199546769626,-1.7352404416114184,0.21797267975240467,4.355208440694536,1.459959687935629,0.18886106651811735,0.8899217014156097,-1.9705988551098041,-1.5207322672381012
-0.9809450350164927,-0.8583719571587995,0.09171729103241152,0.8676017075723091,1.7571647634605587,-0.4637095002099079,0.5307805174915576,1.3747600691022437,0.6203878196850902,-0.37358794334610596,0.6419613418624163,1.0084399974636677,0.32458299852674505,-1.001014569583578,0.757093017447688,-0.13864384341173733,-0.2408511640628157
0.49446739122126576,-0.08188754557035371,-1.1143123749570132,-0.3893627175446463,-0.07705434214342857,-1.33128206015222,-0.4675542495756449,1.0869057876519248,-0.3410475775182748,-1.469332496695443,-0.37399759104287406,-0.2182735780969856,-0.05447208047741924,0.48437408534275084,-0.8668957734458216,-0.5534261102113001,-0.6413254317731731
-1.0629123920297012,-0.08188754557035371,-0.6504548111149269,-0.5827418598703313,1.22188681435432,0.14359129174971055,0.7684792715551773,1.2311629543312825,0.8118122088706097,0.2330774146353509,-0.604461886666137,-0.14754055310505737,-0.537836242496628,-1.0697786082269174,-0.7704368481834027,-1.267773347477213,-1.1778582647953817
-0.653075606963657,-0.1928138900829889,-0.6504548111149269,0.09408513826956774,2.3638131057809124,0.6641348277150978,1.4102659075269504,1.5434806328304875,1.2772496347645668,0.6821771964116963,-0.23956045459502423,0.26261265951321217,-0.31474545960194533,-0.6945361716938061,-0.30553645429567927,-0.39212189534480396,0.4201078687227645
1.3961083183665643,0.02903879894228149,-0.6504548111149269,-0.2926731463818035,-0.6622915664995518,-1.1577675481637577,-0.5388638757947308,0.8081435013633709,-0.42236199546769626,-1.2217781224792306,0.1308293532194301,-0.7294041511376501,0.11361548025146516,1.3846953752539308,-0.5711938222315213,1.3130940903867305,0.5646700943666078
2.789553387591114,0.5836705215054568,0.9266609059481667,-0.19598357521896068,-2.3716124839787684,-2.3723691320829947,0.293081763427938,-1.3502935043163888,0.4166051548611586,-2.588353925259448,-1.2923618532885326,0.8958542382257746,0.010286803075034493,2.807786378129928,0.32856238226546663,-2.189511718142907,-2.119277642115298
0.16659796316843153,0.2508914879675513,-1.0215408621885957,-0.776121002196017,-0.055643224179198036,-0.6372240121983705,-0.3249349971374731,0.7540246121085826,-0.1844434803938194,-0.5675873644269371,-0.5506860393211085,-0.7294042128683976,-0.43098640662649584,0.16240319981692866,-1.06139491782742,-0.33451324717819825,-0.7431286861250253
1.3141409613533543,0.02903879894228149,-0.46491178557809215,-0.776121002196017,-1.0833768864631352,-1.2445248041579886,-0.22985549551202525,0.18740804436970973,-0.08419584172473729,-1.3434207969926282,-0.42475429007627763,-0.6841714186463029,0.08908383720482362,1.315897102738911,-0.8242008393132755,-0.4727740027780515,-0.5802354568409943
2.079169626809944,-0.08188754557035371,2.503776623011262,0.674222565246624,-1.6686141108192585,-1.9385828521118385,-1.3232697642046756,-0.9639457283928805,-1.49028113853604,-2.501568927563423,-0.5276404547917161,1.214848672931987,0.4373721545596621,2.085623895922361,2.2435092428029946,-0.8875562695776142,-0.8507080116457746
-0.3252061789108227,-0.5255929236208943,-0.8359978366517611,-0.5827418598703313,0.5581421574626187,1.011163851692023,-0.08723624307385346,0.9791300867159248,0.06044938971628145,0.9531069969387995,-0.08174391537202766,-0.2764116854580275,0.1424111309577187,-0.3339016764353533,-0.8558267164484946,-0.9682083770108627,-1.1534704087489176
1.5600430323929815,0.4727441769928217,2.2254620847060087,-0.6794314310331742,-0.6408804485353212,-1.0710102921695264,-0.42001449876292096,0.140200188059598,-0.2879785065486689,-1.1041244592143058,-0.6932854294294668,-0.6348598140523942,-0.22062695842862964,1.5450759182419096,0.43767165838197336,-0.29994805827823445,0.2728982771265095
-0.3252061789108227,-0.35920340685194174,-1.2998554004938478,0.4808434229209384,0.4368124889985401,0.14359129174971055,0.5070106420851956,0.4162799646989643,0.6005912946825762,0.2330774146353509,0.8927707349225018,-0.3216862956017932,-0.044089398352964194,-0.33110573978473623,-0.46050325225825417,2.286680244402371,1.5577732751665732
-0.9809450350164927,-0.1928138900829889,-1.0215408621885957,0.5775329940837812,0.6580607079624273,2.52941583159107,1.4815755337460363,0.5065099470716516,1.3249714810949178,2.530809295077329,-0.15978436362796805,0.6673924824228007,-0.4204202006175963,-0.9777661900789641,-0.22014658603058743,-0.10407865451177455,-0.11437927242712595
1.8059451034326086,1.5820076221191726,-0.37214027280967477,0.09408513826956774,-0.7943267939457458,-0.29019498822144535,-0.7052530036392646,0.06539315945646018,-0.6206580639591687,-0.18954169161124898,-0.9803357286802369,-0.2569955251990287,-0.8104072490745282,1.7910129131235952,-0.14424448090606076,0.9443987421204526,0.8843595889230507
2.0518471744722344,2.0257130001697132,-1.3926269132622648,-2.2264645696386576,-2.004054958925801,-1.6783110841291449,-0.6339433774201787,-0.41045614462078606,-0.5341448331772878,-2.022442901541517,-1.7501015847661126,-1.9440683659004563,-0.9476419960910061,2.068775330092822,-2.0259841704516077,-2.3969028515426887,-2.03720929759052
1.64201038940619,1.1383022440686323,-0.7432263238833442,-0.48605228870748857,-1.1333361617130198,-1.2445248041579886,-0.6101735020138167,0.039292727020321674,-0.5058259402618857,-1.3434207969926282,-0.7581025266425399,-0.8101090038132445,-0.626205087903823,1.63969395666725,-0.7482987341887493,0.9443987421204526,0.4205089847761608
-1.2268471060561197,0.5836705215054568,1.3905184697902535,0.7709121364094663,1.8285351566747134,0.14359129174971055,1.4102659075269504,1.3507327643093638,1.2772496347645668,0.2330774146353509,-0.4438336480055351,0.36182434331609353,-1.0096353930711133,-1.2423155356553537,1.5856909983904324,1.0365725791870222,1.1189322569489086
-0.07930410787119559,1.2492285885812675,-0.27936876004125744,2.3179452750149507,-0.5909211732853972,2.52941583159107,-1.1331107609537798,-1.1793069189638352,-1.196344832782428,2.530809295077329,-0.9442468375869525,2.0828380500847055,-1.0544662758099286,-0.06591062758700124,1.5825284106769117,0.7139641494540279,0.7294485691015958
0.33053267719484863,0.5836705215054568,0.3700318293376636,-1.2595688580102304,-0.6694286058209752,-1.0710102921695264,0.5070106420851956,-0.9005446326752814,0.6005912946825762,-1.1041244592143058,-0.9466651770621263,-1.0564309612095435,-0.6141553578307699,0.3384445479034297,-0.8874525935837139,-1.0488604844441103,-0.5873753225914384
-1.3088144630693284,0.4727441769928217,0.5555748548744983,0.09408513826956774,2.506553892209222,0.9244065956977916,1.4102659075269504,1.6748834567899258,1.2772496347645668,0.8872681726876441,-0.36919482615751553,-0.2569955251990287,-0.9719088621245217,-1.3359050804898773,0.3933954303926669,0.9443987421204526,1.149417077006989
-0.5711082499504484,0.4727441769928217,0.8338893931797494,-0.6794314310331742,0.8329181713371615,0.05683403575547927,1.600424910777846,1.2311629543312825,1.4029392793406334,0.1524422178765131,-0.790512610411052,-0.5147602408361214,-0.7787220868884351,-0.5806945264385328,-0.17903294575480252,-0.6455999472778695,-0.9365468470724744
1.0682388903137285,0.02903879894228149,2.503776623011262,0.2874642805952528,-1.3403103020340998,-0.20343773222721404,-1.1331107609537798,-0.9005446326752814,-1.196344832782428,-0.10094175185183701,-0.7210655665006547,0.9612586120072617,0.015488908064900952,1.0811003782880346,1.7627959103476611,-1.2677733474772122,-1.2032890225806725
1.7239777464193986,-0.5255929236208943,-0.8359978366517611,0.5775329940837812,-1.4188177345696777,-0.9842530361752951,-1.727357646112829,-1.031191601614447,-2.2238775804357296,-0.9902064706735354,0.3691641986693356,0.4678827579441241,0.8890257744486761,1.7285693112498408,-0.0968056652032318,0.3222253419211091,0.5448549613288549
-0.07930410787119559,-1.4130036797219752,-0.37214027280967477,0.674222565246624,-0.20552104992893064,0.577377571720867,-1.085571010141056,-0.7836769365775159,-1.1269456568775238,0.6111230874510375,2.214869708652735,0.5021119577529302,1.9044105402253653,-0.07509934537779267,0.28270486041939935,0.4720078271542853,0.3679627817813123
1.3141409613533543,0.4727441769928217,0.3700318293376636,-0.9695001445217023,-0.7479360383565532,-1.5047965721406826,-0.44378437416928296,0.9620209989402043,-0.31440155107636625,-1.7352404416114184,-1.1146032136830029,-0.3983517162757377,-0.2850225501739918,1.3065774612670171,-0.6360268703587207,-1.8323380995099499,-2.0571848770496293
-1.0629123920297012,0.6945968660180921,0.5555748548744983,0.2874642805952528,1.6501091736392872,0.750892083709329,2.598759677845049,1.1072589678555496,1.991435539950195,0.7518515263711428,-0.8496111206646699,0.4273651484225297,-1.0249401805415548,-1.0787285483806037,0.5673377546363726,-0.2769045990115916,0.41569559213541113
0.8223368192741014,-0.6365192681335294,-1.2998554004938478,-0.48605228870748857,1.507368387210978,-1.33128206015222,-0.1823157446993013,1.7017567894690753,-0.03524082396888361,-1.469332496695443,1.1275088806292028,-0.9938638565224069,0.7179824312712026,0.7643484908075924,-1.013956102124591,1.6817894386530086,1.0478544922871753
-1.3088144630693284,2.580344722732889,-1.2070838877254306,-1.8397062849872867,0.4724976856056174,1.2714356196747167,-0.9667216331092462,0.2761927924020081,-0.9598413011043403,1.143671170989933,-1.5308357086064726,-1.8559627944771255,-1.6916228880745974,-1.2947762726551415,-1.7666519779428098,-0.4497305435114096,0.03904761799676355
0.08463060615522153,-1.6348563687472453,0.5555748548744983,0.38415385175809563,0.72586258151589,-0.11668047623298272,-0.7765626298583505,1.2796851604177446,-0.7096086050858172,-0.014476959580863336,2.7520214786564527,0.37529753187449916,2.7498002854090173,0.06313712211257162,0.6543089167582257,0.06874728998804351,-0.3436170969428182
1.1502062473269372,0.8055232105307267,0.9266609059481667,-0.8728105733588598,-1.1333361617130198,-0.8107385241868326,-0.11100611848021542,-0.6286505862834514,0.03679732860017462,-0.7726783407028834,-1.0247833337687686,-0.6604610354396127,-0.5487371998428411,1.1560829932842063,-0.3245119805768114,-0.8645128103109724,-0.5563690516639463
0.33053267719484863,-0.08188754557035371,0.27726031656924627,-0.19598357521896068,-0.4910026227855887,-0.029923220238752032,0.7684792715551773,0.23268850280246456,0.8118122088706097,0.0699531769801072,-0.5276404547917161,0.20236979226702534,-0.10535251858470443,0.33398335690186853,-0.014578384651661985,-0.9912518362775057,-0.862099707562217
0.16659796316843153,-1.4684668519782929,-0.46491178557809215,1.5444287057122081,0.29407170257023085,0.40386305973240444,0.6258600191170055,0.31805501330887553,0.6983556179308059,0.4646490664410443,1.7451997075804708,1.9957147731463014,2.212322827227948,0.15385206354749895,0.8456454734263018,-0.46701313796139104,0.5266442925046873
-1.4727491770957455,-0.5255929236208943,-1.0215408621885957,2.3179452750149507,1.4359979939968235,0.31710580373817315,-0.11100611848021542,1.1072589678555496,0.03679732860017462,0.38910700786658775,0.5495274442858812,1.9161763739444366,-0.2756930693972171,-1.474357344750062,0.8614584119939119,0.9904856606537384,0.43535027875180604
-0.735042963976867,-1.30207733520934,-1.3926269132622648,-0.19598357521896068,0.5081828822126947,1.3581928756689476,-0.15854586929293935,0.5818819899663145,-0.011045032048426011,1.2050079679899344,1.9642425283038123,-0.39270700200253195,1.2604586385202003,-0.733896994404414,-0.8969403567242797,0.49505128642092716,0.8666703709682977
-0.07930410787119559,1.4710812776065372,-0.8359978366517611,-1.066189715684545,-0.24120624653600795,0.577377571720867,0.38816126505338583,0.6216431358584676,0.49970298737076374,0.6111230874510375,-1.4157693635690576,-0.7030397921550088,-1.1446763162086326,-0.07424937775828587,-1.1720854878006874,-1.3945123734437463,-1.2726018766074672
0.6584021052476844,-0.5255929236208943,2.2254620847060087,0.4808434229209384,-0.7193878810708992,0.05683403575547927,-0.5864036266074547,-1.031191601614447,-0.477758774168862,0.1524422178765131,-0.03665310396789115,0.8834792407144776,0.5007861598333787,0.6617246969923639,1.8228850769045772,-0.7262520547111171,-0.5048657504079259
-0.8170103209900755,1.0273758995559972,0.8338893931797494,-0.2926731463818035,0.5795532754268493,2.52941583159107,1.4815755337460363,0.5406424001166761,1.3249714810949178,2.530809295077329,-1.0944563071697833,-0.06423421221456266,-1.1215843497849012,-0.8156737843738455,0.18782722901374102,-0.6571216769111905,-0.4530014447038501
-0.653075606963657,-0.1928138900829889,1.1122039314850014,1.5444287057122081,-0.4910026227855887,0.750892083709329,-0.08723624307385346,-1.1027788392794577,0.06044938971628145,0.7518515263711428,-0.3193365455620804,1.9836398384705982,-0.31474545960194533,-0.6314842392376094,2.1628632561081846,-0.4497305435114096,-1.0638209708149582
-0.07930410787119559,-1.0802246461840699,-0.6504548111149269,0.4808434229209384,0.18701611274895932,-0.37695224421567664,-0.6577132528265406,0.5237074574389393,-0.5627200091491062,-0.28038490449683706,1.1432183264639506,0.5007746538583054,1.1030504664406497,-0.08443770531296282,-0.03987908635983769,0.02266037145475876,-0.24293696754047464
-0.40717353592403127,-0.5255929236208943,-1.485398426030682,-1.1628792868473878,0.15133091614188202,-0.7239812681926012,0.10292276017704227,0.25465391759127637,0.24354620819824443,-0.6686677176331566,0.008437707436244992,-1.0166706152415301,0.1125465452180803,-0.4048294900411676,-1.4677874390149876,-0.8069041621443657,-0.4353122267490957
0.740369462260893,-0.3037402345956241,-1.0215408621885957,0.4808434229209384,-0.34826183635723984,0.6641348277150978,-0.20608562010566328,-0.0717215665793504,-0.05962345783116127,0.6821771964116963,0.5278850235610528,-0.07503447345354619,0.25589765578070417,0.7325337264415127,-0.280235752587504,1.4859200348865487,1.7214486807547247
-1.3088144630693284,-1.30207733520934,-1.2070838877254306,-0.09929400405611787,1.0291867526760867,-0.7239812681926012,0.43570101586610976,1.2490539421824454,0.5404459448543757,-0.6686677176331566,1.510517101610608,0.005252957815090513,0.9599468161383545,-1.3060793351836095,-0.7419735587617055,-0.29994805827823345,-1.224708619832009
-0.8989776780032841,-1.30207733520934,-1.1143123749570132,-0.2926731463818035,0.8364866909978534,0.577377571720867,0.3406215142406619,0.6675483294242277,0.458427427137323,0.6111230874510375,2.288332118798958,-0.6596468733546578,1.1745981178396734,-0.9013948801535444,-0.8083879007456658,1.0596160384536661,0.9432434255615549
-0.8989776780032841,-0.4146665791082593,-0.37214027280967477,-0.3893627175446463,1.0791460279260108,0.6641348277150978,0.6733997699297294,1.1468780794048066,0.7366292428455685,0.6821771964116963,-0.06671314389705361,-0.20441762889490084,-0.18485446188293106,-0.9065895219607581,-0.5000355986772779,-0.5879912991112628,-0.3182264507628641
-1.3907818200825368,-0.1928138900829889,-0.18659724727284058,-0.8728105733588598,0.82934965167643,0.750892083709329,1.8143537894351038,0.7259416640431159,1.5386060584195156,0.7518515263711428,-0.11989631814444013,-0.8872320827849947,-0.5525136268871597,-1.382182680898973,-0.7799246113239687,-0.16168730267838022,-0.35404611433110866
0.6584021052476844,-0.7474456126461646,-1.1143123749570132,-0.6794314310331742,0.25838650596315355,-0.8107385241868326,0.10292276017704227,0.9150629944611589,0.24354620819824443,-0.7726783407028834,1.3654546743649387,-1.1795042741683874,0.8250286895659765,0.6364383080781736,-1.0424193915462883,1.762441546086257,1.4547867284572027
0.002663249142012967,0.2508914879675513,1.1122039314850014,-0.2926731463818035,0.7080199832123514,-1.8518255961176076,-0.6339433774201787,0.8470673968451634,-0.5341448331772878,-2.334649750106048,-0.343268096438996,-0.4636162421052539,-0.4767788178831421,-0.01661623937331044,0.33014367612222784,0.4143991789876786,0.21112640490355797
0.33053267719484863,-0.8583719571587995,-0.46491178557809215,-0.2926731463818035,-0.9763212966418637,-1.5915538281349135,-1.4658890166428475,-1.1793069189638352,-1.7302093293295229,-1.8759688805315238,0.6419613418624163,-0.21827356277073134,0.8740910177628526,0.3461283263819797,-0.4763161908258634,-0.2769045990115916,-0.5373561507329847
-0.653075606963657,-0.6365192681335294,-0.27936876004125744,-0.3893627175446463,0.6366495899981968,0.577377571720867,-1.1331107609537798,0.8722779638510422,-1.196344832782428,0.6111230874510375,0.46754349868694517,-0.4518928167775424,0.1559853379641457,-0.6565108327171046,-0.45417807683121014,0.08026901962136444,0.3915885173263234
-0.653075606963657,-0.8583719571587995,0.462803342106081,0.4808434229209384,0.7401366601587368,0.577377571720867,0.8397888977742632,0.7678038849499831,0.8670474726790395,0.6111230874510375,0.7975245397528682,0.4376774606682208,0.4619600033357723,-0.6587996202747636,0.6811909123231622,0.160921127054613,0.5143701412707747
-0.9809450350164927,0.3618178324801865,0.9266609059481667,1.4477391345493653,1.61442397703221,-0.11668047623298272,1.576655035371484,1.3904939102015168,1.3874989776938662,-0.014476959580863336,-0.35664963300929065,1.106290756873548,-0.8209602656283204,-0.9980034049329177,1.9146001205967127,0.8637466346872041,0.533383042201735
-1.0629123920297012,-1.4130036797219752,-0.8359978366517611,2.124566132689265,0.37257913510580887,0.14359129174971055,0.5783202683042816,0.4162799646989643,0.6596123662739154,0.2330774146353509,1.6617570380031923,2.5487494736422325,1.3549034368298505,-1.0519640152042171,0.9152224031237849,-0.2769045990115916,-0.9416811325559399
-0.48914089293723984,-0.1928138900829889,0.09171729103241152,-0.6794314310331742,1.7214795668534815,-0.6372240121983705,1.8143537894351038,1.2666609340775468,1.5386060584195156,-0.5675873644269371,0.039655863789671876,-0.8266971516914029,-0.2619080890941201,-0.5205253490553727,-0.5079420679610827,0.3222253419211091,1.0403135104833334
1.8059451034326086,-0.1928138900829889,-0.9287693494201784,-0.3893627175446463,-1.54728444235518,-0.20343773222721404,0.1504625109897662,-0.29755702949821744,0.28770826227459045,-0.10094175185183701,-0.4390006820126641,-0.01741396274604633,0.47781509801543465,1.8129930865605417,-0.7751807297536858,-1.0258170251774685,-1.0592081362009058
0.16659796316843153,2.580344722732889,2.0399190591691743,-0.2926731463818035,0.4368124889985401,0.31710580373817315,0.007843258551594406,-0.7295580473227278,0.15332477335556308,0.38910700786658775,-1.1648035423014464,-0.8555730142932576,-1.4491921427924392,0.1503666446030264,0.8045318331505169,1.8085284646195408,2.1181123459578197
-0.735042963976867,-1.7457827132598804,-0.0938257345044232,1.5444287057122081,-0.13415065671477602,-0.11668047623298272,0.5307805174915576,-1.3502935043163888,0.6203878196850902,-0.014476959580863336,4.168037159760764,0.9196451356678423,2.648525488964977,-0.7197959106487598,1.1555790693514507,1.4628765756199047,1.4161993641205266
-1.3088144630693284,0.13996514345491606,-0.001054221736005843,1.5444287057122081,-0.027095066893504497,2.52941583159107,0.24554201261521405,-1.1793069189638352,0.37422149305647134,2.530809295077329,-0.40048711881891064,1.5897880505838993,-0.7720611630792562,-1.2846022826899408,1.2330624683327378,0.160921127054613,-0.15453098937204351
0.8633204977807065,-1.30207733520934,-0.46491178557809215,-0.19598357521896068,-1.4188177345696777,-1.5047965721406826,-1.656048019893743,-1.3502935043163888,-2.0814082090060637,-1.7352404416114184,0.7327020844222583,0.5782231933407158,2.097598715155345,0.8815660935405628,-0.4067392611283812,-1.6940773439100967,-1.544919565257868
-1.0629123920297012,2.580344722732889,0.741117880411332,-1.1628792868473878,0.008590129713572809,2.52941583159107,2.432370550000515,-0.9970591485694226,1.900658249918177,2.530809295077329,-1.4698303475556347,-1.230609983172039,-1.6512177638609042,-1.0443030692961768,-0.6708153352074623,-0.023426547078525983,-0.26291254699958544
-0.16127146488440414,-0.1928138900829889,1.0194324187165842,-0.8728105733588598,0.5081828822126947,-0.4637095002099079,-0.01592661685476756,0.6371569160108173,0.13036077835568,-0.37358794334610596,-0.1996724091114963,-0.8173246474778644,-0.1562333480784696,-0.17229209791156844,-0.286560928014548,-0.39212189534480396,0.021398511647350058
-0.735042963976867,-1.1911509906967048,0.09171729103241152,-0.09929400405611787,0.008590129713572809,0.40386305973240444,1.4815755337460363,-0.5814427299733397,1.3249714810949178,0.4646490664410443,1.072044385169894,0.15048733786158203,1.015505064540895,-0.7229338991851894,-0.033553910932793654,-0.6340782176445476,0.15376680926796127
1.4780756753797728,-1.30207733520934,2.4110051102428436,0.19077470943241,-1.483051088462409,-0.11668047623298272,-0.7765626298583505,-0.9005446326752814,-0.7096086050858172,-0.014476959580863336,1.445699183511579,0.3669558984211515,2.4195756677073237,1.4883877619863444,1.5872722922471934,-0.38060016571148303,-0.4214737229069419
-0.653075606963657,-1.4130036797219752,-1.0215408621885957,-0.2926731463818035,0.15133091614188202,0.23034854774394187,-0.1823157446993013,-1.031191601614447,-0.03524082396888361,0.3119402649770985,3.182816882289435,-0.8940055323086664,1.5838647299113147,-0.6457593945263798,-0.7609490850428371,1.969832679486038,2.298935462828643
0.4125000342080572,-1.6348563687472453,-0.9287693494201784,-0.5827418598703313,0.008590129713572809,2.52941583159107,0.8160190223679012,0.140200188059598,0.8487428684025978,2.2975502763713105,2.991348831071343,-0.7218369762067867,2.9611489545639484,0.4018581962032751,-0.8985216505810407,0.2991818826544662,0.4570105456351766
-0.653075606963657,-0.7474456126461646,0.6483463676429156,0.38415385175809563,0.7222940618551981,-0.11668047623298272,0.6971696453360914,0.6371569160108173,0.7555934763980802,-0.014476959580863336,0.6246773651785947,0.33468333506391656,0.30168759426052255,-0.6584050968381476,0.7128167894583815,0.160921127054613,0.3927517538811713
1.64201038940619,-0.7474456126461646,2.4110051102428436,0.5775329940837812,-0.9905953752847105,-0.8107385241868326,1.0061780256187969,-0.9005446326752814,0.992291923684418,-0.7726783407028834,1.0197585967446448,0.1492811309924447,1.2175345110450675,1.6355947356852159,2.061660449275483,1.1057029569869499,0.8922214635696083
1.9698798174590257,0.2508914879675513,-0.0938257345044232,0.09408513826956774,-1.5544214816766033,-0.4637095002099079,-0.9904915085156082,-1.1027788392794577,-0.9925621679584964,-0.37358794334610596,-1.0346612393793702,1.0753514853454489,0.07273011719661171,1.9745977865820235,0.017047492483557317,-1.843859829143272,-1.1797836218516813
1.7239777464193986,-0.6365192681335294,-1.1143123749570132,-0.19598357521896068,-1.4188177345696777,-1.1577675481637577,-0.03969649226112952,-0.4507957610341739,0.10722854746078214,-1.2217781224792306,0.46754349868694517,-0.25650215149621897,1.061425099403293,1.7285693112498408,-0.7498800280455102,0.10331247888800629,0.02532944897062818
-0.8170103209900755,-1.1911509906967048,0.27726031656924627,0.4808434229209384,0.7222940618551981,0.750892083709329,1.0537177764315209,0.6675483294242277,1.0271821725509864,0.7518515263711428,1.4990802378786388,0.40183270016794775,0.9751000987777375,-0.8187669576042415,0.5610125792093286,0.24157323448786053,0.7604548400290908
1.2321736043401457,0.02903879894228149,-1.0215408621885957,0.09408513826956774,-1.311762144748446,-1.33128206015222,-0.4675542495756449,-1.031191601614447,-0.3410475775182748,-1.469332496695443,0.056751534113335465,-0.3169571403158125,0.06455219415818257,1.241609985268052,-0.5205924188151704,1.1287464162535916,0.6130446904061384
1.5600430323929815,0.5836705215054568,1.2977469570218363,-0.2926731463818035,-1.2475287908556751,-0.6372240121983705,-1.1806505117665038,-0.0717215665793504,-1.2673036705589338,-0.5675873644269371,-0.7895303242319415,-0.18684240001672586,-0.301934277377868,1.5623478448238106,0.42502130752788575,-0.3575567064448401,-0.22428507105757114
-0.5711082499504484,-1.52393002423461,-0.9287693494201784,0.19077470943241,0.008590129713572809,-0.6372240121983705,-1.5371986428619333,-1.3502935043163888,-1.857375591346672,-0.5675873644269371,2.5013005161684525,0.07837722522598813,1.9534713614973,-0.5622493141296928,-0.4051579672716204,0.2876601530211453,1.153508460751625
-1.1448797490429112,-0.3037402345956241,-0.37214027280967477,1.641118276875051,0.6937459045695442,0.31710580373817315,1.1012575272442449,0.6971292077636988,1.0616910995893223,0.38910700786658775,-0.13585195117186502,1.939833609703183,-0.3760371982725142,-1.1388980114638367,0.9942870959618327,-0.2192959508449859,-0.3004971212027716
-0.07930410787119559,-0.08188754557035371,1.761604520863923,-0.09929400405611787,-0.5052767014283959,-0.029923220238752032,-1.5609685182682953,-1.3502935043163888,-1.9009284941922555,0.0699531769801072,0.08693100020365103,-0.41701046062456854,-0.2325536138529174,-0.0679542933046483,0.8772713505615216,0.8637466346872041,0.533383042201735
1.3141409613533543,1.803860311144443,-0.6504548111149269,-0.5827418598703313,-0.9049509034277091,-0.4637095002099079,0.6733997699297294,0.23268850280246456,0.7366292428455685,-0.37358794334610596,-1.2059364521546352,-0.6904078464500618,-0.9992265808861208,1.310937646170267,-0.7704368481834027,0.19548631595457783,0.24883131392276406
-0.735042963976867,-1.0802246461840699,-1.1143123749570132,-0.776121002196017,1.3289424041755915,0.40386305973240444,0.269311888021576,1.398277922492024,0.3954844380192065,0.4646490664410443,1.0279863920440007,-0.7219749893828538,0.7977684031319988,-0.7518409867853099,-1.100927264246444,-0.3575567064448401,-0.5960795409501282
1.3141409613533543,-1.8567090577725158,0.27726031656924627,-0.09929400405611787,-1.3188991840698694,-1.33128206015222,-1.1331107609537798,-1.031191601614447,-1.196344832782428,-1.469332496695443,1.9760139444715226,1.0472896474306024,4.714371578110233,1.322451255408133,0.06764889589990829,-2.201033447776228,-1.600273580626486
-1.4727491770957455,-0.8583719571587995,2.503776623011262,0.964291278735152,2.506553892209222,0.8376493397035604,1.1012575272442449,1.4512881487866216,1.0616910995893223,0.8201986452008109,1.73090372709558,0.08499740358374243,0.11851749131320465,-1.4954657736873609,2.6040442421444943,2.29244110921903,2.887533159581622
0.33053267719484863,0.3618178324801865,-1.2998554004938478,0.4808434229209384,-0.9192249820705559,-0.4637095002099079,-0.8478722560774363,-0.37153224913899335,-0.8011377787729798,-0.37358794334610596,-0.69119473814646,0.7095313862894279,-0.46643833390796857,0.3446977766386664,-0.46050325225825417,-0.4036436249781249,-0.5039431834851149
-0.5711082499504484,0.5836705215054568,1.1122039314850014,-2.3231541408015004,-0.027095066893504497,-1.33128206015222,0.6020901437106435,0.5237074574389393,0.679043414640239,-1.469332496695443,-1.3237888238545699,-2.0475833197360584,-0.8431174834962318,-0.5614488835212668,-1.6954937543885664,-2.558207066409185,-2.5048303926393314
1.9698798174590257,1.1383022440686323,-0.0938257345044232,-0.3893627175446463,-1.2546658301770985,-1.9385828521118385,-0.5864036266074547,0.21027931237287534,-0.477758774168862,-2.501568927563423,-0.7853943803844055,-0.6891883027479456,-0.5539012299171063,1.965698903750925,-0.3624630331390743,0.8407031754205623,0.5743771028587846
-0.9809450350164927,-0.4146665791082593,1.6688330080955056,-1.066189715684545,1.064871949283164,0.6641348277150978,0.19800226180249014,1.2311629543312825,0.33126116512017395,0.6821771964116963,0.019710926950674022,-1.0163547561582935,-0.21347469506822003,-0.9863878575560213,-0.23279693688467507,-0.4382088138780887,-0.7403208737512541
0.4125000342080572,-0.3037402345956241,0.27726031656924627,-0.09929400405611787,-0.7657786366600918,-0.37695224421567664,-1.656048019893743,0.3583946297222634,-2.0814082090060637,-0.28038490449683706,-0.0943683902510577,0.010056329991491579,0.145995942032318,0.4213735683539626,0.06764889589990829,-0.3114697879115554,-1.0061805939419834
-0.48914089293723984,-1.30207733520934,0.8338893931797494,-1.066189715684545,-0.16983585332185333,-0.29019498822144535,0.269311888021576,-1.1793069189638352,0.3954844380192065,-0.18954169161124898,1.3160633473135208,-0.9195198992709911,1.3892494195409923,-0.47786281483442195,-0.545893120523346,-0.7608172436110809,-0.02785853970965207
0.2485653201816401,-0.8583719571587995,1.0194324187165842,0.2874642805952528,-0.7229564007315912,-1.33128206015222,-2.1789852788337063,-1.031191601614447,-2.8041417031446296,-1.469332496695443,0.6938157411592334,0.3425097865611987,0.839746766560596,0.2592754182196418,0.8519706488533458,-0.09255692487845259,-0.042539387263937946
-0.40717353592403127,0.3618178324801865,-0.46491178557809215,-2.3231541408015004,-0.6123322912496277,-0.37695224421567664,0.0791528847706803,-1.1793069189638352,0.22123137754992137,-0.28038490449683706,-0.5908312066053094,-2.3794593622654197,-0.6658569205006668,-0.3873323839978114,-1.9374317144729938,-0.39212189534480396,-0.6336240035479734
-1.1448797490429112,-0.7474456126461646,0.18448880380082888,2.3179452750149507,-0.19124697128608387,2.52941583159107,-0.42001449876292096,-1.031191601614447,-0.2879785065486689,2.530809295077329,0.6740625191243508,2.2150160337018696,0.10543468352097635,-1.120477959440184,2.033197159853786,0.5065730160542481,-0.1315871511178037
1.64201038940619,0.13996514345491606,1.5760614953270884,-0.8728105733588598,-1.5544214816766033,-0.5504667562041392,-1.01426138392197,-0.2623408272713978,-1.0256256679196953,-0.46927668735086014,-0.5435339595368769,-0.7546169470306737,0.08062501748319617,1.6518059693217555,-0.05885461264096892,-0.5879912991112628,-1.4579174932763204
1.64201038940619,-0.6365192681335294,-1.0215408621885957,-0.48605228870748857,-1.8399030545332218,-0.8107385241868326,-1.1331107609537798,-1.4468080202105298,-1.196344832782428,-0.7726783407028834,-0.003860345557524757,-0.10980215678917862,1.0302030386640122,1.6600339493008949,-0.8811274181566701,-1.0834256733440741,-1.1237878207976284
0.16659796316843153,-0.8583719571587995,0.27726031656924627,0.38415385175809563,-0.5409618980354731,0.4906203157266358,-0.20608562010566328,-1.1027788392794577,-0.05962345783116127,0.5386334452652105,0.8493789390496853,0.29005639982680365,0.8054025153583395,0.17429806788581612,0.47878529865775876,0.2646166937545034,0.17201758969746847
-0.3252061789108227,-1.0802246461840699,-0.37214027280967477,-0.48605228870748857,-0.6087637715889359,-0.20343773222721404,0.5545503928979196,-0.9639457283928805,0.6400610010521738,-0.10094175185183701,0.9703704248340246,-0.37206509328105086,0.9885696926999051,-0.30693192615007214,-0.5711938222315208,-0.4382088138780887,-0.6553644936420259
-0.8989776780032841,0.4727441769928217,-1.0215408621885957,-1.6463271426616015,0.07996052292772741,0.6641348277150978,-0.9904915085156082,-1.1793069189638352,-0.9925621679584964,0.6821771964116963,-0.5960582484478811,-1.7219321411061437,-0.8645828758822514,-0.8851542005609155,-1.6021974168396698,-0.06951346561180971,0.012814628104681647
1.1502062473269372,-0.8583719571587995,1.1122039314850014,-0.19598357521896068,-1.5490687021855456,-0.8974957801810638,-1.01426138392197,-0.7295580473227278,-1.0256256679196953,-0.8797942129914668,0.5382525432687821,-0.0214501325237644,1.2175335297854197,1.167471436242443,0.42660260138464656,-0.49581746204469435,-1.1961491568302298
-0.16127146488440414,-1.0802246461840699,-0.46491178557809215,-0.09929400405611787,0.4296754496771167,0.31710580373817315,-0.6814831282329026,0.6371569160108173,-0.5915561492431368,0.38910700786658775,1.0856023592539752,-0.0513139754189613,1.0648902085270684,-0.1704471926130531,-0.3371623314308986,-0.16168730267838022,0.49511657070777615
-1.0629123920297012,-1.0802246461840699,-1.0215408621885957,-0.2926731463818035,0.12635127851692,0.23034854774394187,1.4578056583396743,-1.3502935043163888,1.3091442028688511,0.3119402649770985,1.6041460641437535,-0.5996755730717807,0.645127371477674,-1.0467833309092605,-0.7609490850428371,0.8522249050538832,0.42267501146449726
-1.0629123920297012,0.2508914879675513,-0.8359978366517611,-1.066189715684545,1.0077756347118563,0.4906203157266358,1.2676466550887786,1.0235046919343256,1.1795861155578766,0.5386334452652105,-0.20498946785092145,-1.3207629289712262,-0.7744294910513416,-1.0652955557317974,-1.1720854878006874,0.7830945272539556,0.5126052306358331
-0.07930410787119559,-0.6365192681335294,0.6483463676429156,-0.8728105733588598,0.465360646284194,-0.20343773222721404,0.6971696453360914,1.1072589678555496,0.7555934763980802,-0.10094175185183701,0.46754349868694517,-0.9403694799808504,0.37453976313911236,-0.09104694102731083,-0.4383651382636001,0.02266037145475876,-0.6020160585403862
-1.4727491770957455,-1.1911509906967048,-0.9287693494201784,2.0278765615264223,0.7579792584622754,2.52941583159107,0.6020901437106435,0.8212704853301495,0.679043414640239,2.386150216130724,1.1330495069854287,2.4255056333338296,0.6518603726724778,-1.4609228969823713,0.766580780588254,-0.26538286937827066,-1.1611317253687763
1.5600430323929815,-0.08188754557035371,-1.3926269132622648,-0.48605228870748857,-0.8121693922492844,-0.4637095002099079,-1.1568806363601418,0.7259416640431159,-1.2316249248984419,-0.37358794334610596,-0.2203547272940325,-0.4915513263554094,0.27625076721993447,1.5499466968416848,-1.0582323301138978,-0.10407865451177352,0.03303087719582934
0.49446739122126576,-1.4130036797219752,-1.0215408621885957,-0.5827418598703313,-1.0262805718917878,-0.20343773222721404,-0.49132412498200684,-1.1793069189638352,-0.3679203813793834,-0.10094175185183701,1.454339786509614,-0.2858877336599062,2.2249563505394145,0.5085352856613038,-0.9412165847135866,-0.9451649177442188,-0.8094732813566866
-0.16127146488440414,-0.1928138900829889,-0.8359978366517611,0.2874642805952528,-0.2768914431430852,-0.9842530361752951,-0.7527927544519885,-1.031191601614447,-0.6796791355505106,-0.9902064706735354,0.1992080457237835,-0.05439955669835288,-0.1562333480784696,-0.15380625833212824,-0.286560928014548,0.8983118235871669,0.8669511522056726
0.6584021052476844,-0.08188754557035371,-0.001054221736005843,-0.776121002196017,-0.45531742617847176,-1.6783110841291449,-0.9191818822965222,0.23268850280246456,-0.8953995665596088,-2.022442901541517,0.5478595914501773,-1.3408448900590266,-0.0035916423701340557,0.6548817647244732,-0.6265391072181551,2.165702083252498,1.210065824280432
0.9862715333005201,0.3618178324801865,-0.46491178557809215,-0.8728105733588598,-0.8835397854634787,-0.5504667562041392,0.293081763427938,-0.9005446326752814,0.4166051548611586,-0.46927668735086014,-0.28974061198185735,-1.1448997586153735,-0.2891773680477927,0.9881632042392061,-0.8937777690107579,0.8176597161539183,0.4515954789143318
1.3141409613533543,1.3601549330939027,-0.7432263238833442,-0.0026044328932750627,-0.09846546010765911,-0.8107385241868326,-0.9429517577028842,0.71162898546923,-0.9274560387990313,-0.7726783407028834,-0.7581022537246846,-0.51399908146963,-0.8087720536625124,1.2885831774174061,-0.42413349355275165,1.4859200348865487,1.6163963863703672
-1.2268471060561197,2.580344722732889,0.5555748548744983,-1.1628792868473878,1.1862016177472428,2.312522691605492,0.8160190223679012,0.9446438728006304,0.8487428684025978,1.8184242503494046,-1.3681547458042387,-1.3638426170059832,-1.6781545133366997,-1.2291845917191837,-0.7372296771914224,0.5526599345875328,0.01137061031245447
-0.653075606963657,0.6945968660180921,0.5555748548744983,-0.48605228870748857,0.6437866293196202,-0.29019498822144535,2.194671795936895,0.6824373744435721,1.7662747609991496,-0.18954169161124898,-0.36156871072998087,-0.9449995436828488,-0.9239274690391982,-0.6566687229428455,-0.1284315423384511,1.4743983052532257,1.463731616447928
-0.2432388218976127,-1.0802246461840699,-0.37214027280967477,0.5775329940837812,0.11564571953480472,0.9244065956977916,-1.109340885547418,-0.8405723409223997,-1.1614545839158594,0.8872681726876441,1.4889141297238027,0.29685034825364365,1.026729950613487,-0.2433774524804267,0.21154663686515593,0.7254858790873508,1.0658646030846455
-0.9809450350164927,-1.7457827132598804,-0.7432263238833442,-0.09929400405611787,0.8650348482835073,0.9244065956977916,0.5783202683042816,0.9562588187127592,0.6596123662739154,0.8872681726876441,3.3038000522564284,-0.15880681885555697,2.47680480535311,-0.9821551182660389,-0.48896654167995146,0.11483420852132825,0.7638643264829557
-0.8170103209900755,-0.3037402345956241,0.09171729103241152,0.2874642805952528,0.6259440310160814,-0.5504667562041392,1.624194786184208,0.8342439337995095,1.4183044454023228,-0.46927668735086014,-0.05288482933025038,0.36860738892066514,-0.26613548452412855,-0.8166793383181233,0.2827048604193989,-0.15016557304505826,-0.1948832643436585
-0.3252061789108227,0.6945968660180921,1.1122039314850014,1.5444287057122081,1.507368387210978,0.750892083709329,0.19800226180249014,0.6524567061558807,0.33126116512017395,0.7518515263711428,-0.14805015638355415,0.4964147234279953,-0.8431172998373131,-0.3557100153353381,2.1628632561081846,2.522875701885455,2.7257630552471013
1.3141409613533543,2.580344722732889,-0.8359978366517611,-2.3231541408015004,-1.2689399088199451,-0.4637095002099079,-0.9667216331092462,0.25465391759127637,-0.9598413011043403,-0.37358794334610596,-1.85619763421094,-2.089531587891134,-1.260634896461872,1.3210602505171336,-1.9943582933163886,-2.3508159330094043,-2.132995811141435
2.133814531485443,0.02903879894228149,-0.5576832983465095,-0.8728105733588598,-1.768532661319067,-0.8107385241868326,-0.396244623356559,-0.7295580473227278,-0.26177474292628716,-0.7726783407028834,-0.2765986518640887,-0.9273071532019218,0.33440026767123465,2.1424572290385546,-0.9317288215730211,-0.023426547078524963,-0.6498290921051626
-0.3252061789108227,1.2492285885812675,-1.8564844771043516,-1.066189715684545,-0.41963222957139446,-0.6372240121983705,-0.5864036266074547,-0.41045614462078606,-0.477758774168862,-0.5675873644269371,-0.8112865155138969,-1.342888897177575,-1.1073037140577988,-0.31131523656841803,-1.5547586011368408,0.886790093953846,0.4591364607181736
-0.9809450350164927,1.5820076221191726,-0.8359978366517611,-1.2595688580102304,0.22270130935603663,1.4449501316631788,0.7209395207424534,-1.1793069189638352,0.7744444899712012,1.2653138455033308,-0.9803357286802369,-1.5038445585580822,-1.3664584867617875,-0.9685175956961708,-1.2985889963415642,0.7830945272539556,0.4474639835643563
1.5600430323929815,-0.9692983016714347,1.761604520863923,0.09408513826956774,-1.5115992457481027,-1.2445248041579886,-0.5150940003883688,-1.031191601614447,-0.39502385590537664,-1.3434207969926282,0.7156482387805491,0.299733268105183,1.6152026176650676,1.5698847515797807,1.092327315081013,-0.4727740027780515,-0.4674416226260977
-0.5711082499504484,-0.9692983016714347,-0.27936876004125744,-0.6794314310331742,0.7936644550693527,-0.37695224421567664,1.0537177764315209,0.8722779638510422,1.0271821725509864,-0.28038490449683706,1.4252345687415278,-0.989767339690456,0.6752549373777728,-0.5798181231093463,-0.6723966290642228,0.9328770124871317,1.0041328424670348
-0.3252061789108227,-0.7474456126461646,-0.0938257345044232,-0.09929400405611787,1.22188681435432,0.8376493397035604,0.17423238639612817,1.071392007499575,0.3095598055044509,0.8201986452008109,1.2172992125276698,-0.6011656565009267,0.43252286808688567,-0.3491633502124246,-0.13475671776549558,1.4859200348865487,1.5813789549089137
-1.1448797490429112,2.580344722732889,1.9471475464007568,2.3179452750149507,2.3994983023879897,0.6641348277150978,2.503680176219601,1.6442401489279872,1.9398827965070022,0.6821771964116963,-1.1037981812506086,1.1772664324532556,-1.664686138598802,-1.1741435523445776,3.7457384067259096,2.4652670537188484,1.9705016383081697
-0.8170103209900755,2.580344722732889,0.09171729103241152,-0.09929400405611787,1.2575720109613973,0.577377571720867,2.337291048375067,1.3094931744597256,1.8475891789485712,0.6111230874510375,-1.4291601068550763,-0.2389670809736356,-1.6108126396472113,-0.8303442587150978,-0.033553910932793654,0.33374707155443106,0.40285987842674725
0.90430417628731,1.0273758995559972,-1.2070838877254306,-0.776121002196017,-1.0262805718917878,-1.33128206015222,-1.2757300133919518,-0.5361622715405847,-1.4141922664956448,-1.469332496695443,-0.9543089600847381,-0.7908555553198368,-0.7317297918816695,0.9114224088772858,-1.1404596106654683,-0.13864384341173733,-0.2995745542799592
-0.16127146488440414,-1.0802246461840699,1.6688330080955056,-0.19598357521896068,-0.13415065671477602,0.4906203157266358,-0.2536253709183872,-1.031191601614447,-0.10896095216611,0.5386334452652105,0.8551384904140746,0.03806853315728297,1.0648902085270684,-0.15717341017354827,0.7207232587421863,-0.6340782176445486,0.40249887397868905
0.002663249142012967,-0.1928138900829889,-1.1143123749570132,-0.776121002196017,0.07996052292772741,-2.02534010810607,-1.9175166493637248,1.0450435667450575,-2.638575655563282,-2.588353925259448,-0.5586648184632479,-0.3263314524009023,-0.10339597757064439,-0.0015668025401418368,-1.100927264246444,-1.4175558327103883,-1.0748917738886816
1.3141409613533543,0.2508914879675513,-0.46491178557809215,-0.5827418598703313,-0.45531742617847176,1.011163851692023,-0.06346636766749149,0.09089352847556888,0.08392559745065886,0.9531069969387995,-0.6198253536151458,-0.4425607558570501,-0.11043952782997289,1.2984619779947288,-0.6850469799183107,-0.5419043805779781,-0.4887809966667538
1.0682388903137285,0.13996514345491606,-1.3926269132622648,-0.9695001445217023,-1.6186548355693344,0.05683403575547927,1.0061780256187969,-1.4468080202105298,0.992291923684418,0.1524422178765131,-1.1157213224087439,-0.097771412666185,-0.085175073181725,1.088667639035495,-1.3270522857632618,-2.4429897700759726,-2.519832133036333
-1.4727491770957455,-0.08188754557035371,-0.37214027280967477,0.2874642805952528,2.5779242854233764,0.14359129174971055,0.7684792715551773,1.8085487056848624,0.8118122088706097,0.2330774146353509,-0.14353329541961152,0.20778584945612236,-0.6650373377648405,-1.496868503654802,-0.0019280337975743518,0.21852977522121866,-0.33760035614188116
0.6584021052476844,0.13996514345491606,0.09171729103241152,-0.0026044328932750627,-1.1761583976415204,-0.20343773222721404,-0.49132412498200684,-1.669395407018331,-0.3679203813793834,-0.10094175185183701,-0.32896369845992696,-0.09206843922490603,-0.2036037093709546,0.6735852597324384,0.0455107819052546,0.20700804558789773,0.29223207090018705
-0.8170103209900755,0.3618178324801865,-0.46491178557809215,1.0609808498979947,0.5081828822126947,0.9244065956977916,0.5307805174915576,0.5573226723308153,0.6203878196850902,0.8872681726876441,-0.5908312066053094,1.1423110308674547,-0.7766450241632765,-0.8141262653319622,0.49776082493888996,0.01113864182143783,-0.43467044106366254
-1.2268471060561197,1.2492285885812675,0.462803342106081,-0.19598357521896068,1.792849960067636,-0.029923220238752032,0.5783202683042816,1.402149539683836,0.6596123662739154,0.0699531769801072,-1.0240230308307856,-0.2438656220498645,-1.301040987633323,-1.2415872804034342,0.08346183446751794,0.06874728998804248,0.017387351113390112
-0.9809450350164927,-1.8567090577725158,-0.46491178557809215,-0.09929400405611787,0.6509236686410436,1.1846783636804856,0.1504625109897662,0.140200188059598,0.28770826227459045,1.081267593768474,3.767340410244492,-0.110440078696853,2.9659441240718944,-0.9776147565210574,-0.3371623314308986,-0.011904817445204031,1.060890764022538
2.133814531485443,0.6945968660180921,0.09171729103241152,-0.48605228870748857,-1.4973251671052559,-1.33128206015222,-0.8954120068901603,-0.014826162234466606,-0.8636652753719254,-1.469332496695443,-0.5445846144554892,-0.7659135012442922,-0.23704103082317377,2.1342714099266327,-0.3498126822849862,0.7830945272539556,0.9034527130646899
0.49446739122126576,1.4710812776065372,0.5555748548744983,-1.1628792868473878,-0.8549916281777851,0.40386305973240444,-0.6101735020138167,-0.8405723409223997,-0.5058259402618857,0.4646490664410443,-1.390474469864499,-0.8607422485835897,-1.0274029629901824,0.5041657825653008,-0.7372296771914224,-1.290816806743855,-1.1788209433235308
-0.8989776780032841,-0.3037402345956241,-0.6504548111149269,-0.8728105733588598,1.22188681435432,0.05683403575547927,-0.01592661685476756,1.3178646647573604,0.13036077835568,0.1524422178765131,-0.42623687761751666,-0.48693402756525933,-0.2936109129612247,-0.9096418842236972,-0.9696798741352843,-1.3253819956438189,-1.0922600990007203
-1.4727491770957455,0.02903879894228149,0.18448880380082888,-0.9695001445217023,1.3432164828183986,0.4906203157266358,1.2438767796824166,1.0450435667450575,1.1630110885471505,0.5386334452652105,-0.3877153805232305,-0.9270215873007639,-0.7449920263809724,-1.472521969039487,-0.7087663877697251,-0.380600165711482,-0.6211091826820241
-1.1448797490429112,-0.3037402345956241,0.18448880380082888,1.0609808498979947,1.5216424658538248,1.1846783636804856,0.6971696453360914,1.5089227848811773,0.7555934763980802,1.081267593768474,-0.260302633934287,1.5267026544913178,-0.3760371982725142,-1.1560467987080054,0.9847993328212671,-0.6340782176445476,-0.8411614495749542
-1.1448797490429112,2.580344722732889,-0.18659724727284058,-2.2264645696386576,1.22188681435432,2.52941583159107,1.1963370288696926,0.7948593042719118,1.1295977037836804,2.530809295077329,-1.4088249865047973,-2.3458293602434153,-1.664686138598802,-1.1498469702285297,-1.8204159690726824,0.1954863159545758,0.8593299471911533
-0.5711082499504484,0.8055232105307267,1.761604520863923,0.19077470943241,-0.6337434092138979,0.14359129174971055,0.6971696453360914,-1.4468080202105298,0.7555934763980802,0.2330774146353509,-1.2025702266135794,0.9350467686992713,-0.9608690974052865,-0.5478168725006577,1.1998552973407577,-1.4290775623437102,-1.2128355846514942
0.4125000342080572,-0.08188754557035371,0.462803342106081,1.5444287057122081,-0.6337434092138979,-0.5504667562041392,0.43570101586610976,-1.4468080202105298,0.5404459448543757,-0.46927668735086014,0.010109568329230434,1.2211557129759163,-0.07991229953106184,0.41804002469643675,1.6204794632391741,0.8291814457872413,0.7911402181138698
1.0682388903137285,-0.1928138900829889,-0.5576832983465095,-0.19598357521896068,-1.1904324762843672,-0.9842530361752951,-0.6814831282329026,-1.031191601614447,-0.5915561492431368,-0.9902064706735354,0.1593200002402556,-0.46725210737955913,0.24004693073022085,1.0770306362295796,-0.45575937068797095,0.7254858790873508,0.09476263781344137
0.8223368192741014,1.0273758995559972,-0.27936876004125744,-0.48605228870748857,-0.5980582126068206,-0.8107385241868326,0.3406215142406619,0.48904159866142893,0.458427427137323,-0.7726783407028834,-1.0664268377527741,-0.3240247465542175,-0.7502942946389664,0.8195393031488644,-0.526917594242214,-0.5649478398446209,-0.3474276994500779
1.9698798174590257,2.247565689194983,-0.8359978366517611,1.5444287057122081,-1.611517796247911,-1.1577675481637577,-0.372474747950197,-0.37153224913899335,-0.23578665058535841,-1.2217781224792306,-1.3846772084912133,1.5286827532093374,-1.0434575817930984,1.9762945253089648,0.5357118775011533,0.2646166937545034,0.11048638710655385
1.0682388903137285,-1.7457827132598804,2.503776623011262,0.2874642805952528,-0.6694286058209752,-0.5504667562041392,-0.6339433774201787,-0.6779572458674805,-0.5341448331772878,-0.46927668735086014,3.130952630755562,0.33217483860344726,3.907810502118668,1.0629102515445303,1.7627959103476611,-0.06951346561180971,0.5752595581762576
1.0682388903137285,-1.30207733520934,-1.1143123749570132,0.38415385175809563,-0.2554803251788151,-1.5915538281349135,-0.7290228790456266,0.7400720105381283,-0.6500306980473303,-1.8759688805315238,2.547603791195075,-0.20014827997085827,2.2049243660060047,1.0517209147665585,-0.3988327918445764,1.60113733121976,0.8584876034790226
-1.1448797490429112,0.9164495550433619,-0.0938257345044232,1.4477391345493653,1.5787387804251327,-0.4637095002099079,-0.5150940003883688,1.334420452688856,-0.39502385590537664,-0.37358794334610596,-0.6428705753767485,0.9683715461777747,-1.1483998744412363,-1.1572265353703677,1.0796769642269246,1.1517898755202336,0.7725284332363044
1.7649614249260035,0.02903879894228149,0.8338893931797494,-0.2926731463818035,-1.4794825688017172,-1.5047965721406826,-0.7765626298583505,-0.04290911029993382,-0.7096086050858172,-1.7352404416114184,-0.6840266569476079,0.195338671582605,0.22400787396134988,1.7706695741536316,0.18782722901374102,-1.2216864289439284,-1.176414247003156
-0.8989776780032841,-0.3037402345956241,1.6688330080955056,-0.8728105733588598,0.6152384720339662,0.8376493397035604,1.7430441632160179,0.12807747505262007,1.4940283477382317,0.8201986452008109,-0.011401268409443055,-0.8838309125148458,-0.2936109129612247,-0.8966524040893135,-0.02090356007870602,-0.17320903231170115,0.33519160021887573
-0.735042963976867,2.1366393446823477,0.6483463676429156,-0.8728105733588598,0.6509236686410436,0.05683403575547927,-1.4421191412364855,0.4349227094066409,-1.6889337690960822,0.1524422178765131,-1.265614081220458,-1.0487764397925543,-1.4861587695953822,-0.7370236442490704,-0.4383651382636001,0.4259209086209995,0.5368727518662788
-0.8989776780032841,-0.4146665791082593,0.09171729103241152,0.4808434229209384,0.7151570225337748,0.14359129174971055,1.1250274026506069,0.7948593042719118,1.0788051544662989,0.2330774146353509,0.10613499779840166,0.5222850605597537,-0.18485446188293106,-0.8987948987580009,0.44083424609549543,-0.023426547078525983,-0.14386130235171615
-0.07930410787119559,-1.0802246461840699,-1.6709414515675167,0.8676017075723091,-0.776484195642207,0.14359129174971055,0.45947089127247176,-1.1793069189638352,0.5606219585172659,0.2330774146353509,1.2584502608839014,0.784328897051491,1.1030504664406497,-0.06147929145852789,-0.5047794802475611,0.2991818826544662,-0.4077956654861446
0.33053267719484863,0.9164495550433619,-0.9287693494201784,-0.8728105733588598,-1.1119250437487893,-0.4637095002099079,-1.5609685182682953,-1.669395407018331,-1.9009284941922555,-0.37358794334610596,-0.9309512116461691,-0.8527805736462497,-0.8049565992152065,0.3495277339979941,-1.0835330318220735,-0.2769045990115916,-0.19079188059902244
1.3141409613533543,0.6945968660180921,1.6688330080955056,-0.5827418598703313,-1.1333361617130198,-1.6783110841291449,-0.7765626298583505,-0.4926579819410412,-0.7096086050858172,-2.022442901541517,-0.9716217231483423,-0.3278015898336413,-0.43906645382788706,1.3172866477452208,0.2969365051302482,-0.8414693510443305,-0.3680851761999628
1.3141409613533543,-0.3037402345956241,-0.46491178557809215,0.09408513826956774,-1.1868639566236356,-0.7239812681926012,-1.3232697642046756,-1.2615087562840905,-1.49028113853604,-0.6686677176331566,0.030082292511364635,0.06910340714817363,0.44822565484037885,1.3187758818802937,-0.19800847203593375,0.05722556035472257,0.034715564620090573
-0.40717353592403127,-1.30207733520934,0.18448880380082888,0.09408513826956774,-0.7943267939457458,-1.2445248041579886,-1.4421191412364855,-1.8000423759574964,-1.6889337690960822,-1.3434207969926282,0.538248330125171,1.1892427426079577,1.432179679881256,-0.38315136861474625,0.17833946587317584,-2.005164044009768,-2.0884719292145006
2.2157818884986527,0.9164495550433619,0.09171729103241152,-0.09929400405611787,-1.5758325996408338,-0.6372240121983705,-1.085571010141056,-0.014826162234466606,-1.1269456568775238,-0.5675873644269371,-1.046183466153937,0.155724448040709,-0.36611241420416873,2.217342544069696,-0.033553910932793654,-0.6455999472778685,-0.6881757868097991
0.002663249142012967,1.304691760837585,-1.2998554004938478,-2.3231541408015004,-0.6337434092138979,-0.7239812681926012,-0.8478722560774363,-1.2615087562840905,-0.8011377787729798,-0.6686677176331566,-1.4407441976313995,-2.1703529015404652,-1.0604856709726618,0.01559965086431348,-2.0655165168706318,-1.907229342126538,-1.3975495272402536
-1.1448797490429112,-0.8583719571587995,-1.0215408621885957,0.674222565246624,-0.19838401060750724,1.2714356196747167,-1.061801134734694,-1.4468080202105298,-1.0928098066275784,1.143671170989933,0.7975245397528682,0.6336108777221657,0.2558944961222314,-1.1203290367268113,-0.16005741947367041,0.18396458632125587,-0.282246340773263
0.08463060615522153,-0.3037402345956241,-0.001054221736005843,0.19077470943241,-0.055643224179198036,-0.37695224421567664,-1.751127521519191,0.5573226723308153,-2.272832598191583,-0.28038490449683706,0.44491790171943824,-0.2559027457521752,0.03609422828393232,0.08204635283365408,0.14829488259471688,1.220920253320161,0.4706484914506344
-0.36618985741742627,-1.30207733520934,0.8338893931797494,0.09408513826956774,-0.04493766519704315,-0.8107385241868326,-0.5626337512010927,0.4532572954238153,-0.4499388990964361,-0.7726783407028834,1.1216095930164327,0.5459728477040722,1.4536448100513883,-0.3601625556149266,0.554687403782285,-0.9682083770108627,-0.7298918563629637
-0.07930410787119559,0.5836705215054568,0.462803342106081,-0.6794314310331742,-0.20552104992893064,0.05683403575547927,-0.8241023806710743,-1.3502935043163888,-0.7703323110645232,0.1524422178765131,-0.349552736307424,-1.0567016729523724,-0.718229051315071,-0.07509934537779267,-0.34348750685794216,1.20939852368684,1.3443193673520033
0.8223368192741014,-0.1928138900829889,-0.5576832983465095,-0.3893627175446463,-0.7051138024280525,-0.029923220238752032,0.8873286485869871,-0.6779572458674805,0.9033413825577722,0.0699531769801072,-0.3193365455620804,-0.16684885615280087,0.16079087496848227,0.8223631586130726,-0.591750642369414,-0.6801651361778334,-0.23210683409878935
-0.07930410787119559,2.580344722732889,0.462803342106081,-0.6794314310331742,0.779390376426506,0.4906203157266358,1.3627261567142264,1.2666609340775468,1.2450296062642032,0.5386334452652105,-1.4291601068550763,-0.8101090276704657,-1.4895972670061324,-0.09849108654440236,-0.34348750685794216,0.2646166937545034,0.5104392039474952
-0.16127146488440414,-1.7457827132598804,-0.46491178557809215,1.5444287057122081,0.25838650596315355,-0.11668047623298272,0.5545503928979196,0.5065099470716516,0.6400610010521738,-0.014476959580863336,2.698834077003395,2.015963129843267,3.0492070840593333,-0.16641911143541144,0.8456454734263018,-0.49581746204469335,-0.12765621379452413
2.4616839595382785,1.1383022440686323,-0.7432263238833442,-0.9695001445217023,-0.7622101169994,-1.1577675481637577,-1.01426138392197,1.0869057876519248,-1.0256256679196953,-1.2217781224792306,-0.7308106729006739,-1.2772248918878744,-0.44544544293703187,2.4342158079454794,-1.0724639748247469,1.0020073902870594,0.24734718452519883
-1.1448797490429112,0.6945968660180921,0.3700318293376636,0.5775329940837812,0.9720904381047789,-0.29019498822144535,1.8381236648414658,0.6971292077636988,1.5533265298124252,-0.18954169161124898,-0.5140819638345713,0.17955867146182738,-1.0451427228420263,-1.1446724621117255,0.7049103201745767,1.0250508495537012,0.872285995715837
1.7239777464193986,0.4727441769928217,2.503776623011262,1.4477391345493653,-0.8335805102135546,-1.5047965721406826,-1.1806505117665038,0.7540246121085826,-1.2673036705589338,-1.7352404416114184,-0.7256944897566618,1.6793551766595496,-0.17769656393172156,1.7116229501850608,3.204935907713661,-0.1616873026783792,-0.0905128672500737
1.1502062473269372,0.4727441769928217,-0.18659724727284058,0.2874642805952528,-0.34826183635723984,-0.11668047623298272,0.958638274806073,0.140200188059598,0.9570118315684041,-0.014476959580863336,-0.2395585848487352,-0.23301764064604172,-0.3279529446708999,1.1346498134336078,0.11192512388921477,1.428311386719942,1.9356045416627348
-0.16127146488440414,0.3618178324801865,0.18448880380082888,-0.48605228870748857,-0.6694286058209752,-0.5504667562041392,-0.44378437416928296,-1.1027788392794577,-0.31440155107636625,-0.46927668735086014,-0.69119473814646,-0.34167620572271873,-0.5993840583031004,-0.1445325878573036,-0.30553645429567927,-0.5188609213113362,-0.21052679042609487
0.740369462260893,2.1366393446823477,-1.2998554004938478,-1.5496375714987587,-1.4759140491410252,-0.7239812681926012,0.24554201261521405,-0.8405723409223997,0.37422149305647134,-0.6686677176331566,-1.7510609158075774,-1.052073374687945,-1.2230956643580617,0.7620654426927451,-1.622754236977562,-2.189511718142907,-2.2526086182640586
0.9862715333005201,-1.1911509906967048,2.503776623011262,0.09408513826956774,-1.2225491532307526,0.14359129174971055,0.7684792715551773,-0.9005446326752814,0.8118122088706097,0.2330774146353509,0.706013654276684,0.732069766315582,1.8640093455672044,0.9972802592072779,1.5224392441199956,-1.302338536377177,-0.9642238547567848
0.16659796316843153,-1.1911509906967048,-0.27936876004125744,0.38415385175809563,-0.5623730159997433,-1.33128206015222,-1.4896588920492093,-1.1027788392794577,-1.7720316016056874,-1.469332496695443,1.438075116063104,0.3548771442330959,1.459959687935629,0.17482359251291996,0.12773806245682487,0.11483420852132825,0.46142282222253
0.33053267719484863,-1.1911509906967048,2.318233597474426,0.09408513826956774,-0.7051138024280525,-0.7239812681926012,-0.8478722560774363,-1.1793069189638352,-0.8011377787729798,-0.6686677176331566,1.7431007251407784,-0.15829730018713822,1.5407696194619431,0.3393373258722236,1.4149112618602488,0.6563555012874233,0.2803189241143314
0.002663249142012967,0.13996514345491606,-0.18659724727284058,0.09408513826956774,1.171927539104396,-1.1577675481637577,0.934868399399711,1.2129786585655846,0.9392228527148092,-1.2217781224792306,0.3147470847709229,-0.6467460288177309,-0.3930895272737218,-0.02769818525776912,-0.03671649864631567,2.29244110921903,2.320154502053278
-0.8989776780032841,0.6945968660180921,-0.7432263238833442,-2.2264645696386576,-0.0627802635005818,0.4906203157266358,-0.4675542495756449,-1.1793069189638352,-0.3410475775182748,0.5386334452652105,-0.7581031688019155,-2.297157882725145,-0.9845350959406123,-0.8820821496777886,-1.9152936004783403,-0.23081768047830786,-0.19704929103199784
1.887912460445817,0.8055232105307267,1.483289982558671,-0.09929400405611787,-0.6765656451423986,-0.9842530361752951,-0.5864036266074547,0.8846715810477487,-0.477758774168862,-0.9902064706735354,-0.8469964409239579,-0.0834220622342177,-0.3721092437446497,1.8680815246047036,0.7254671403124691,-0.08103519524513166,-0.26616158703209086
1.3961083183665643,-0.8583719571587995,-0.001054221736005843,-0.6794314310331742,-1.0762398471417118,-0.8974957801810638,-1.4658890166428475,0.18740804436970973,-1.7302093293295229,-0.8797942129914668,1.1086509355337721,-0.933856433589727,1.3205662833921905,1.3962874390448679,-0.5490557082368677,0.71396414945403,0.11517944493128648
0.740369462260893,-0.3037402345956241,-0.27936876004125744,0.5775329940837812,0.15133091614188202,-0.8107385241868326,-1.2757300133919518,0.5065099470716516,-1.4141922664956448,-0.7726783407028834,0.19601653619459392,0.35852557392703716,0.25589765578070417,0.7195100642231629,0.2732170972788333,0.5757033938541747,0.608712637029464
0.6584021052476844,-0.3037402345956241,-0.9287693494201784,0.674222565246624,-1.311762144748446,-0.4637095002099079,-0.8716421314837983,-1.2615087562840905,-0.8322467535124602,-0.37358794334610596,0.030082292511364635,0.66101414900198,0.2284222273436075,0.6771122677679449,-0.0968056652032318,0.1263559381546502,-0.3430154228627245
0.16659796316843153,-0.1928138900829889,-0.27936876004125744,-0.0026044328932750627,0.6437866293196202,-1.6783110841291449,1.5291152845587601,0.7678038849499831,1.3563900029543858,-2.022442901541517,0.6778645915261199,-0.7158642393261782,-0.050558607062818665,0.14531776189734227,-0.16322000718719243,2.2463541906857465,2.269934772168127
-0.16127146488440414,-0.6365192681335294,-0.18659724727284058,-0.2926731463818035,-0.6194693305710511,0.577377571720867,-0.42001449876292096,-0.7836769365775159,-0.2879785065486689,0.6111230874510375,0.1375608077158163,-0.039534651193466275,0.34331770239983156,-0.1457140153548702,-0.333999743717377,-0.7147303250777972,-0.6557656096954222
-0.8170103209900755,0.4727441769928217,-0.27936876004125744,0.2874642805952528,0.4011272923914628,0.31710580373817315,0.7209395207424534,0.7540246121085826,0.7744444899712012,0.38910700786658775,-0.6932854294294668,0.3844469741415808,-0.8431176786337973,-0.8118038201814268,0.05499854504582021,-0.18473076194502208,-0.3207534818992588
0.5764347482344758,1.803860311144443,-0.18659724727284058,-0.48605228870748857,-0.776484195642207,-0.9842530361752951,-0.13477599388657738,0.0524197109871,0.012966759674150239,-0.9902064706735354,-1.3944984184003986,-0.26516630705484673,-1.1397261735286894,0.5826850500971417,-0.48264136625290743,-0.7147303250777961,-0.6010533800122357
-0.16127146488440414,0.6945968660180921,-1.1143123749570132,-0.2926731463818035,1.143379381818742,-0.5504667562041392,0.7447093961488154,1.4438686080836542,0.793183627434161,-0.46927668735086014,-0.5750872650764072,-0.5511027802982537,-0.8027122152363703,-0.18718911463917692,-0.8083879007456658,0.6909206901873881,0.9620156568604769
0.16659796316843153,0.6945968660180921,-0.9287693494201784,-0.5827418598703313,-0.5980582126068206,-1.5047965721406826,-1.5371986428619333,-1.3502935043163888,-1.857375591346672,-1.7352404416114184,-0.14805015638355415,-1.201389115536575,-0.7219020460344849,0.17569960814710278,-0.8985216505810407,2.2693976499523885,2.1063195339879837
0.6584021052476844,-0.4146665791082593,-0.27936876004125744,-0.48605228870748857,-0.6979767631066292,-1.33128206015222,-0.13477599388657738,-0.9005446326752814,0.012966759674150239,-1.469332496695443,0.019710926950674022,-0.3976176541950828,0.35892996863756005,0.6611694842490544,-0.526917594242214,-0.36907843607816104,0.019713824223087394
-1.3088144630693284,2.580344722732889,-1.0215408621885957,-0.2926731463818035,0.4011272923914628,1.1846783636804856,-0.3487048725438351,0.25465391759127637,-0.210010708302956,1.081267593768474,-1.4901654679059142,-0.30885366523809504,-1.6916228880745974,-1.2933245985686301,-0.7609490850428371,-0.03494827671184794,0.1110078379759686
2.625618673564697,-0.08188754557035371,0.462803342106081,-1.066189715684545,-1.743553023694105,-1.8518255961176076,-0.7290228790456266,0.140200188059598,-0.6500306980473303,-2.334649750106048,-0.7581047504149786,-0.5482098356508418,0.6069736149172877,2.62614997413682,-0.6850469799183107,-1.7862511809766661,-1.6517768818825067
-1.0629123920297012,0.02903879894228149,-0.18659724727284058,1.5444287057122081,0.543868078819772,0.40386305973240444,2.0045127926859996,0.5737558202932183,1.6544919232895583,0.4646490664410443,-0.6099488378415133,2.2185498718466525,-0.6223338111477669,-1.0555637329623657,1.0780956703701634,-0.7723389732444018,-0.8565241944200143
-0.9809450350164927,1.3601549330939027,0.462803342106081,0.8676017075723091,0.62237551135535,1.9654936676285666,0.9110985239933491,0.47129374484483205,0.9213330859079093,1.607297754991093,-1.0433021628533878,0.7731798948516049,-1.2895927725398932,-0.9770089614434755,1.02275038538353,0.32222534192111013,0.14229489014084135
-0.9809450350164927,0.6945968660180921,0.3700318293376636,-1.1628792868473878,-0.01638950791138923,-0.11668047623298272,-0.11100611848021542,0.23268850280246456,0.03679732860017462,-0.014476959580863336,-0.9716217231483423,-0.9849695617276611,-1.0047376382410835,-0.9634287894551299,-0.803644019175383,-0.9105997288442571,-1.4635331180238624
-1.7186512481353726,1.0273758995559972,-0.0938257345044232,1.5444287057122081,1.5787387804251327,0.14359129174971055,2.503680176219601,1.3178646647573604,1.9398827965070022,0.2330774146353509,-1.038397368335765,1.8202090748143243,-1.325793880115165,-1.717143580729544,1.1555790693514507,-0.20777422121166395,-0.3751448187397265
0.33053267719484863,-0.1928138900829889,0.9266609059481667,0.2874642805952528,-0.24120624653600795,-0.29019498822144535,0.0791528847706803,0.2761927924020081,0.22123137754992137,-0.18954169161124898,0.07954390927319978,0.07380113692556475,0.00227876344500657,0.32774523636639935,0.7950440700099508,0.5526599345875328,0.5196648731755996
1.3141409613533543,-1.4130036797219752,-0.27936876004125744,0.674222565246624,-1.4473658918553318,-0.11668047623298272,-1.2044203871728658,-1.1027788392794577,-1.3033901821391358,-0.014476959580863336,1.5926179541719996,1.0224863025810749,2.682878936702343,1.32602993213695,0.34595661468983796,-0.5649478398446199,-0.8492238822482093
0.5764347482344758,-0.4146665791082593,0.09171729103241152,-0.0026044328932750627,-1.2974880661055992,-1.5047965721406826,-1.2519601379855898,-0.5361622715405847,-1.3768245475962362,-1.7352404416114184,-0.23956128559250925,0.44521328161751283,0.3303097354522711,0.596101603026202,0.0455107819052546,-1.0027735659108254,-1.2705561847351476
-1.7186512481353726,0.02903879894228149,-0.46491178557809215,1.5444287057122081,2.8794641967532866,1.4449501316631788,0.17423238639612817,1.778678138861287,0.3095598055044509,1.2653138455033308,-0.017326284992758803,1.101066290775354,-0.8185869555208958,-1.7418802452152478,0.8456454734263018,1.071137768086985,0.5864506960659969
-0.07930410787119559,-0.8583719571587995,-1.0215408621885957,0.19077470943241,-0.6337434092138979,0.577377571720867,-1.5134287674555713,-1.669395407018331,-1.8144152634103718,0.6111230874510375,1.4716317306114939,-0.380632631214729,0.7023697617515687,-0.06488842390211118,-0.46050325225825417,1.6241807904864018,1.591968418718562
0.08463060615522153,0.13996514345491606,-0.18659724727284058,-0.6794314310331742,0.22270130935603663,-0.11668047623298272,0.5307805174915576,0.5237074574389393,0.6203878196850902,-0.014476959580863336,-0.11439343738297737,-0.9606762138000245,-0.36940380003587625,0.07530200880219658,-0.6312829887884379,0.8176597161539204,0.7458141040801458
0.9862715333005201,0.4727441769928217,-0.6504548111149269,0.4808434229209384,-0.9905953752847105,-0.8974957801810638,-1.038031259328332,0.175793098457581,-1.0590390526831654,-0.8797942129914668,-0.9849669723742225,1.1673828561240418,-0.37088333916780797,0.9910403858400172,-0.03987908635983769,-1.1986429696772856,-0.7395186416444616
0.002663249142012967,-0.9692983016714347,1.0194324187165842,-0.8728105733588598,-0.055643224179198036,0.05683403575547927,-0.22985549551202525,-1.2615087562840905,-0.08419584172473729,0.1524422178765131,0.33356329187848344,-0.4589060846404607,0.928317774378198,0.0016895058503794739,-0.286560928014548,-1.3945123734437455,-0.5479055029372921
1.1502062473269372,1.3601549330939027,-1.0215408621885957,2.3179452750149507,1.400312797389746,-0.20343773222721404,0.24554201261521405,1.742307103423096,0.37422149305647134,-0.10094175185183701,-0.8877385760559134,1.8042511030057122,-0.8431163907251823,1.0872519940164966,0.8614584119939119,1.1863550644201983,1.4886008117584701
-0.694059285470262,-0.4146665791082593,-0.27936876004125744,1.3510495633865227,0.047843845981342,2.2257654356112604,1.0537177764315209,0.48904159866142893,1.0271821725509864,1.7667958020916799,-0.36919739186410105,2.296076070116203,-0.11330387891970868,-0.6836297028668935,0.8551332365668679,-1.1871212400439646,-1.5228581823210996
1.5600430323929815,-0.4146665791082593,1.2977469570218363,0.2874642805952528,-1.0762398471417118,-1.2445248041579886,-1.774897396925553,-0.7836769365775159,-2.3225585927294037,-1.3434207969926282,0.27898313949385767,0.12797626835819165,0.6737525336757391,1.5574650604013154,1.02275038538353,0.4143991789876796,0.273700509233302
-0.3252061789108227,-0.9692983016714347,-1.2070838877254306,-0.0026044328932750627,-0.6480174878567446,-0.7239812681926012,0.24554201261521405,-0.9005446326752814,0.37422149305647134,-0.6686677176331566,0.7702318026237011,0.14305590200360235,0.7837104389493832,-0.3060215955238634,-0.6850469799183107,-0.36907843607816104,-0.5229159728107357
2.0518471744722344,0.02903879894228149,-0.6504548111149269,0.4808434229209384,-0.7978953136064773,-1.0710102921695264,1.8618935402478276,0.7259416640431159,1.5679786925076773,-1.1041244592143058,-0.42475429007627763,0.6682893246031197,0.3098686246245936,2.032693109364576,-0.03987908635983769,-0.3229915175448763,-0.8170142631605284
-1.0629123920297012,0.5282073492491393,-0.8359978366517611,1.5444287057122081,0.7936644550693527,0.4906203157266358,1.8856634156541896,0.71162898546923,1.5825631775358782,0.5386334452652105,-0.7261929894307416,1.705939587572877,-0.9382249196372575,-1.0608071019740337,0.5357118775011533,-0.02918741189518645,-0.12043612483340109
-1.4727491770957455,-0.6365192681335294,-0.27936876004125744,-0.9695001445217023,1.8856314712460212,0.31710580373817315,-0.4675542495756449,1.609524970784544,-0.3410475775182748,0.38910700786658775,0.27898196098915695,-0.9062764066822625,-0.15623526942866384,-1.4832383254422616,-0.8906151812972359,-0.4497305435114096,-0.8093128349353301
0.5764347482344758,-0.08188754557035371,-0.8359978366517611,-0.776121002196017,-0.8121693922492844,0.750892083709329,1.1963370288696926,-0.29755702949821744,1.1295977037836804,0.7518515263711428,-0.29717615916845347,-0.7182441566304651,-0.02903186142377665,0.583602731604722,-0.9823302249893717,-0.3690784360781621,-0.26588080579471446
-0.8989776780032841,2.580344722732889,0.27726031656924627,-0.776121002196017,0.7936644550693527,0.40386305973240444,-1.9175166493637248,-0.2623408272713978,-2.638575655563282,0.4646490664410443,-1.4494952272053556,-0.8727445260503269,-1.624281014385109,-0.9004774423524707,-0.5079420679610827,0.13787766778797012,0.6698427235669823
-0.3252061789108227,-0.4146665791082593,-0.27936876004125744,-0.8728105733588598,0.9221311628548547,-1.1577675481637577,1.9332031664669136,0.8846715810477487,1.6115315953532607,-1.2217781224792306,0.19255906864612965,-0.9468465177143421,0.015487170414091622,-0.3422780373024477,-0.8178756638862317,0.04570383072140165,0.8920610171482518
1.7239777464193986,0.4727441769928217,-0.6504548111149269,-0.0026044328932750627,-1.5437159226944484,-1.4180393161464513,0.007843258551594406,-0.7295580473227278,0.15332477335556308,-1.599823795294917,-0.9201488517198324,0.4572077193835974,-0.17769656393172156,1.7321931864644489,-0.3719507962796399,-1.0258170251774674,-0.6651116137395422
0.16659796316843153,0.13996514345491606,-1.3926269132622648,1.5444287057122081,0.7222940618551981,-0.7239812681926012,-0.15854586929293935,1.175690535684223,-0.011045032048426011,-0.6686677176331566,0.028653403334989638,0.8841410166777818,-0.34571807279802974,0.14340420699231587,0.07081148361342986,1.5435286830531534,1.5393018809076953
-1.5547165341089555,-0.4146665791082593,0.6483463676429156,1.5444287057122081,2.4173409006915683,1.1846783636804856,2.598759677845049,1.7308717732832533,1.991435539950195,1.081267593768474,0.10613499779840166,1.6244105280092624,-0.4138163273652437,-1.5735118533286763,1.7754462612017492,0.10331247888800732,-0.45793517216061824
0.9862715333005201,-0.5255929236208943,0.09171729103241152,0.5775329940837812,-0.9192249820705559,-0.9842530361752951,-0.4675542495756449,-0.9005446326752814,-0.3410475775182748,-0.9902064706735354,0.0535285188403815,0.8641207305945946,0.6202445027919319,0.9891220712579653,0.5198989389335437,-0.4842957324113724,-0.17057563150787475
0.90430417628731,-0.8583719571587995,2.1326905719375913,0.674222565246624,-0.8478545888564013,-1.33128206015222,0.007843258551594406,-0.8405723409223997,0.15332477335556308,-1.469332496695443,0.3308349460815123,1.193420551874758,1.1145007761786496,0.9066677441738743,1.9905022257212392,-0.8529910806776504,-0.7579699801006691
1.8059451034326086,0.02903879894228149,-0.6504548111149269,0.964291278735152,-1.169021358320097,2.52941583159107,-0.3487048725438351,-0.9639457283928805,-0.210010708302956,2.2975502763713105,-0.1284430136519002,0.7163268600119765,0.23627369548467042,1.8019392086516919,0.2921926235599645,0.6563555012874233,0.73013046639237
0.5764347482344758,-0.7474456126461646,0.6483463676429156,-0.776121002196017,-1.326036223391253,-0.29019498822144535,-1.4896588920492093,-1.3502935043163888,-1.7720316016056874,-0.18954169161124898,-0.11609994400774927,-0.19679005604406175,0.7923198711093857,0.5968379001131409,-0.3498126822849862,-1.7055990735434177,-1.6060897634007258
0.002663249142012967,-0.7474456126461646,-0.8359978366517611,-0.19598357521896068,0.35830505646296207,-0.7239812681926012,-0.372474747950197,1.055658166400302,-0.23578665058535841,-0.6686677176331566,0.7234476730701076,-0.3341574054231075,0.5633581419132493,-0.008243009854145602,-0.6028196993667406,0.3222253419211091,0.14229489014084135
-0.40717353592403127,-1.30207733520934,-1.1143123749570132,-0.5827418598703313,-0.7051138024280525,0.05683403575547927,0.7209395207424534,-1.1793069189638352,0.7744444899712012,0.1524422178765131,0.7975200025212874,0.021318834623871716,1.432179679881256,-0.3852014232390522,-0.9839115188461328,-1.62494696611017,-1.58571306788822
0.5764347482344758,-1.0802246461840699,-1.0215408621885957,-0.3893627175446463,-0.7800527153029386,-0.9842530361752951,-0.01592661685476756,0.140200188059598,0.13036077835568,-0.9902064706735354,0.5670586543641979,0.0793254670846271,1.4083325297493,0.5827768099187278,-0.8210382515997536,-1.2332081585772492,-1.317246093350417
0.90430417628731,-1.0802246461840699,-1.1143123749570132,-0.3893627175446463,-1.3474473413555232,-0.6372240121983705,-0.8716421314837983,-1.5525277109205653,-0.8322467535124602,-0.5675873644269371,1.373682195303852,-0.5503717886534268,1.5609735614036244,0.9199929081140831,-0.8668957734458216,0.3798339900877148,0.11136884242402396
0.16659796316843153,0.9164495550433619,-0.27936876004125744,1.1576704210608375,0.22270130935603663,-0.11668047623298272,-0.3249349971374731,-1.031191601614447,-0.1844434803938194,-0.014476959580863336,-0.29717381185344394,0.1801406268226207,-0.8431169631292097,0.15559582453284188,0.7096542017448595,2.499832242618811,1.7751982319097592
-1.0629123920297012,-0.7474456126461646,0.18448880380082888,2.3179452750149507,2.4351834989950674,0.4906203157266358,1.7905839140287418,1.5966269510459143,1.5238166384313312,0.5386334452652105,1.2666843664734266,1.439447594112929,0.1381435019775676,-1.0950810175438266,2.033197159853786,1.8891805720527914,1.443675813778141
-1.1448797490429112,-0.9692983016714347,0.09171729103241152,-0.19598357521896068,1.7214795668534815,0.14359129174971055,1.3151864059015026,1.4136839645840367,1.2124774066676323,0.2330774146353509,1.2069003133689193,-0.404139215758581,0.42219210037734667,-1.1601742230810776,-0.1126186037708419,0.529616475320891,0.30418532929138226
1.3141409613533543,-0.5255929236208943,-1.0215408621885957,-0.8728105733588598,-1.611517796247911,-1.0710102921695264,-1.2281902625792278,-1.669395407018331,-1.3398938880642481,-1.1041244592143058,0.4593458214776082,-1.036897126503942,0.7397028457504845,1.3306064760975391,-1.1214840843843366,0.3798339900877158,-0.4807987872041777
0.740369462260893,-0.7474456126461646,-1.6709414515675167,-0.8728105733588598,-0.9905953752847105,-1.4180393161464513,0.293081763427938,0.09089352847556888,0.4166051548611586,-1.599823795294917,-0.0667147900619932,-0.3713489141392971,0.8577375080225673,0.7493325046480659,-1.3871414523201786,-1.6019035068435272,-1.5108648123245652
-0.48914089293723984,0.3618178324801865,0.9266609059481667,-1.066189715684545,2.014098179031523,0.40386305973240444,1.7668140386223798,1.3178646647573604,1.5089576209163353,0.4646490664410443,-0.1893770804407063,-1.3949323846947401,-0.6880145412331885,-0.5270855483695385,-0.5111046556746047,1.1402681458869146,2.214340087167472
-1.2268471060561197,2.580344722732889,-0.27936876004125744,-0.6794314310331742,0.18701611274895932,0.8376493397035604,-0.27739524632474916,0.11582080670469919,-0.13392183626255794,0.8201986452008109,-1.6528464307081479,-0.37866008190090233,-1.6781545133366997,-1.2086641811881258,-0.6723966290642228,-1.0027735659108266,-0.980669612946011
-0.8170103209900755,-0.5255929236208943,0.8338893931797494,1.5444287057122081,1.0434608313189335,-0.6372240121983705,1.0537177764315209,1.0015392771455143,1.0271821725509864,-0.5675873644269371,0.594618255690017,1.1290747402898051,-0.03677638348011127,-0.8257175198943311,1.9304130591643223,1.0135291199203802,0.7596927195276406
-0.48914089293723984,-0.7474456126461646,1.9471475464007568,-0.48605228870748857,0.9364052414976619,0.8376493397035604,1.4578056583396743,0.140200188059598,1.3091442028688511,0.8201986452008109,0.08144067177527611,-0.05263717699254258,0.3671052311737041,-0.5028714687042806,0.5357118775011533,-1.2101646993106063,-0.31750444186675053
-1.3907818200825368,-0.08188754557035371,-0.7432263238833442,2.3179452750149507,1.400312797389746,-0.6372240121983705,0.5545503928979196,1.1272454040653126,0.6400610010521738,-0.5675873644269371,0.16375243207807202,1.6970413943227,-0.6395971187111984,-1.3936233086517422,1.1318596615000367,1.3822244681866582,1.0857198477277379
1.2321736043401457,-0.6365192681335294,-1.2070838877254306,-0.3893627175446463,-1.351015861016215,-0.29019498822144535,0.19800226180249014,-0.16294147958385466,0.33126116512017395,-0.18954169161124898,-0.14528149883086544,0.17025472011526263,0.8740927349676072,1.2426941891533005,-0.9127532952918895,-1.4175558327103883,-1.6228965260380086
-0.48914089293723984,-0.6365192681335294,-0.18659724727284058,0.5775329940837812,-0.11273953875050587,0.4906203157266358,0.3406215142406619,-1.3502935043163888,0.458427427137323,0.5386334452652105,0.32612234541360413,0.690239010599774,0.2184294594427073,-0.4791574039058888,0.33488755769251066,-0.1501655730450593,0.7434074077597695
-0.735042963976867,-0.4146665791082593,-1.2070838877254306,-1.066189715684545,0.5795532754268493,-0.11668047623298272,-1.3470396396110376,1.0765874137159805,-1.5290243901929277,-0.014476959580863336,0.3654072103415853,-1.2539152179643522,-0.12761399551235317,-0.7354606334363153,-1.3112393471956525,0.48352955678760623,-0.5022183844555128
1.5600430323929815,1.2492285885812675,1.0194324187165842,-0.09929400405611787,-0.8335805102135546,-0.7239812681926012,-1.061801134734694,-0.1316938583322322,-1.0928098066275784,-0.6686677176331566,-0.8112865155138969,-0.4600850034597772,-0.7022166874907937,1.550555875782514,0.4724601232307147,1.0020073902870572,0.7473383450830478
0.740369462260893,-1.0802246461840699,0.9266609059481667,0.09408513826956774,-0.9192249820705559,-0.29019498822144535,0.24554201261521405,-1.031191601614447,0.37422149305647134,-0.18954169161124898,0.9127544576240499,0.3050997204926339,1.4846530455764626,0.7474629607757282,0.6084513949121575,-0.4842957324113734,-0.17057563150787616
1.3961083183665643,1.6929339666318077,-0.7432263238833442,-0.6794314310331742,-0.9334990607133631,-0.029923220238752032,0.9110985239933491,0.2761927924020081,0.9213330859079093,0.0699531769801072,-1.192232907570008,-0.7484920626903048,-0.9389607095958324,1.3922871106568768,-0.8779648304431482,0.05722556035472155,0.004671972220744725
-1.3907818200825368,-0.08188754557035371,0.27726031656924627,-1.066189715684545,0.82934965167643,-0.8107385241868326,1.552885159965122,0.7678038849499831,1.371982802024321,-0.7726783407028834,-0.2203547272940325,-1.090159784284264,-0.6395971187111984,-1.382182680898973,-0.7546239096157931,-0.17320903231170115,-0.19115288504707922
1.4780756753797728,-0.7474456126461646,2.503776623011262,-0.09929400405611787,-1.5401474030337565,0.14359129174971055,-1.01426138392197,-1.031191601614447,-1.0256256679196953,0.2330774146353509,0.03205551782951931,0.4706046038457736,1.152116874131886,1.4900055355477273,1.2820825778923288,-1.279295077110534,-1.3179681022465293
-0.653075606963657,1.0273758995559972,0.09171729103241152,0.38415385175809563,0.19415315207038272,-0.20343773222721404,1.8737784779510087,0.19890262598251482,1.5752793556326266,-0.10094175185183701,-1.038397368335765,0.5699397185275351,-1.0844553442703073,-0.646709233889706,0.36176955325744714,-0.3460349768115182,-0.6408440925090965
1.3961083183665643,-0.1928138900829889,2.0399190591691743,-0.09929400405611787,-0.9192249820705559,-1.33128206015222,-0.5864036266074547,-0.16294147958385466,-0.477758774168862,-1.469332496695443,-0.4390006820126641,0.3206181235240247,0.3457216717458713,1.391887255395027,1.0290755608105735,-0.9912518362775046,-0.5453784718009003
1.3141409613533543,-0.6365192681335294,-0.7432263238833442,2.3179452750149507,-0.9905953752847105,0.05683403575547927,0.1504625109897662,-0.4507957610341739,0.28770826227459045,0.1524422178765131,0.5146838831113919,2.207502273120336,0.905314795706888,1.313317560762615,1.1318596615000367,0.518094745687569,0.9563599205075951
-1.5547165341089555,2.580344722732889,-1.2998554004938478,-2.3231541408015004,-0.24120624653600795,1.4449501316631788,-0.7052530036392646,-1.3502935043163888,-0.6206580639591687,1.2653138455033308,-1.6121761900075895,-2.309904987305161,-1.7320280122882905,-1.5214299886071563,-2.0655165168706318,-0.9682083770108627,-1.2858387063695274
-1.3088144630693284,-1.4130036797219752,-0.9287693494201784,-0.0026044328932750627,0.6509236686410436,1.3581928756689476,-0.4675542495756449,0.16405524078297637,-0.3410475775182748,1.2050079679899344,1.869174289496771,0.06413531789754928,1.217526660980972,-1.2984029062170415,-0.5284988880989752,-0.18473076194502208,0.4968814813427192
-1.2268471060561197,-0.3037402345956241,-0.46491178557809215,0.7709121364094663,0.9720904381047789,-0.11668047623298272,0.8397888977742632,0.8342439337995095,0.8670474726790395,-0.014476959580863336,-0.17733551209267234,1.0637804351334048,-0.40351262670961086,-1.2247970687667793,0.2890300358464425,-0.4382088138780877,-1.0235088074486811
1.8059451034326086,2.0257130001697132,-0.46491178557809215,-0.09929400405611787,-0.9192249820705559,-0.8974957801810638,0.007843258551594406,0.012563308347125364,0.15332477335556308,-0.8797942129914668,-1.051192488641005,-0.5851136739302563,-0.9924389720847704,1.7946524395320889,-0.3371623314308986,1.428311386719944,1.5526189338804386
-0.3252061789108227,-0.1928138900829889,1.2049754442534188,1.0609808498979947,0.22270130935603663,0.23034854774394187,-1.6322781444873813,-1.2615087562840905,-2.0353119831112827,0.3119402649770985,0.43853631862495135,0.3834831871561995,-0.20907071858629486,-0.32616706985102134,1.750145559493573,1.6817894386530066,1.6904424098272284
0.740369462260893,-0.6365192681335294,1.0194324187165842,-0.48605228870748857,-0.18410993196466047,0.577377571720867,-0.5150940003883688,0.7259416640431159,-0.39502385590537664,0.6111230874510375,0.4204031142624984,-0.5111686419779866,0.6867603705319218,0.7282504733988808,0.09294959760808355,-0.04647000634516785,0.038646501943370125
-0.8989776780032841,0.5836705215054568,1.9471475464007568,0.4808434229209384,0.7222940618551981,1.6184646436516414,2.812688556502306,-0.9639457283928805,2.8610918104396887,1.3829675087682554,-0.06671000121309162,-0.3492751807792615,-0.9263764382836724,-0.8989478879872869,1.642617577233827,2.384614946285602,2.3061555517897676
-1.2268471060561197,0.6945968660180921,0.462803342106081,-0.19598357521896068,1.6286980556750568,0.6641348277150978,0.19800226180249014,1.5502648570332243,0.33126116512017395,0.6821771964116963,-0.7886058194228336,-0.17906750963538812,-1.0653452651424975,-1.2382354271416445,0.08346183446751794,-0.10407865451177455,-0.49764566144680145
-1.3088144630693284,-1.9121722300288333,-1.1143123749570132,0.09408513826956774,1.2575720109613973,0.577377571720867,0.19800226180249014,1.2221080697668647,0.33126116512017395,0.6111230874510375,4.476684568503893,-0.08955441435368103,2.9837826718378797,-1.3107062596939467,-0.5743564099450433,0.4662469623376248,0.42460036852079824
-0.8170103209900755,-0.9692983016714347,-1.485398426030682,0.8676017075723091,0.7222940618551981,2.052250923622798,1.7668140386223798,0.5065099470716516,1.5089576209163353,1.6612553920670199,1.2069003133689193,0.6181220979052785,0.5667994358061614,-0.8187669576042415,-0.3719507962796399,0.6563555012874253,1.0835538210394013
-0.8989776780032841,-0.3037402345956241,-0.46491178557809215,-0.776121002196017,1.1505164211401653,0.750892083709329,0.6496298945233675,1.1371051774244474,0.7175504210839777,0.7518515263711428,-0.3847533166967089,-0.41773923299827265,-0.2936109129612247,-0.9081160092466116,-0.8242008393132755,-1.1986429696772856,-1.2016043351564099
-1.2268471060561197,2.580344722732889,0.09171729103241152,-2.2264645696386576,1.296825727229206,0.05683403575547927,1.8143537894351038,1.2925582317819888,1.5386060584195156,0.1524422178765131,-1.307149384753401,-2.4044578237800183,-1.6781545133366997,-1.2314494103562597,-1.7729771533698535,0.7715727976206346,0.5653118800520396
-0.48914089293723984,-1.30207733520934,-1.485398426030682,-0.09929400405611787,-0.5623730159997433,-0.29019498822144535,-0.396244623356559,-1.8000423759574964,-0.26177474292628716,-0.18954169161124898,1.8346066921057542,-0.21827353499189547,1.3892494195409923,-0.4689512124418667,-0.8937777690107577,0.27613842338782535,0.5543213001889963
1.5600430323929815,2.580344722732889,0.09171729103241152,0.964291278735152,-0.9263620213919793,-1.2445248041579886,-1.4658890166428475,0.4532572954238153,-1.7302093293295229,-1.3434207969926282,-1.4088249865047973,0.7536233800305235,-1.2202297722481792,1.553196503436839,0.8361577102857363,0.5757033938541747,0.2902264906332071
-1.0629123920297012,-0.35920340685194174,-0.6504548111149269,-0.0026044328932750627,-0.38394703296431715,0.4906203157266358,0.293081763427938,-1.4468080202105298,0.4166051548611586,0.5386334452652105,-0.41946424830877344,0.6303149947656521,-0.29641474095288334,-1.036023621078044,-0.3719507962796399,-1.3426645900938001,-1.6409266926381494
-0.16127146488440414,0.19542831571123367,1.1122039314850014,-0.8728105733588598,-0.2626173645002385,-0.37695224421567664,0.055383009364318336,-1.031191601614447,0.19875772114794182,-0.28038490449683706,-0.5120150285160053,-0.8298512081782559,-0.4822119526399525,-0.15414309558320158,-0.24860987545228472,-0.3517958416281797,0.06842936890800576
0.49446739122126576,-0.9692983016714347,1.0194324187165842,1.2543599922236803,-0.20552104992893064,-0.20343773222721404,1.1725671534633306,-0.0717215665793504,1.1127574750934288,-0.10094175185183701,1.0977331856826147,1.1055479466563196,1.1452287775214196,0.4876364498887995,1.8007469629099244,0.4720078271542853,0.5254008327391603
-0.653075606963657,-0.08188754557035371,-0.46491178557809215,1.5444287057122081,-0.24120624653600795,0.577377571720867,-1.5134287674555713,-1.1793069189638352,-1.8144152634103718,0.6111230874510375,-0.45081902291729503,2.0569292795641094,-0.41063514722841504,-0.6370418375328457,0.8456454734263018,-0.5534261102112991,-0.250477949344315
-0.16127146488440414,2.0257130001697132,-0.6504548111149269,-1.2595688580102304,-0.6337434092138979,0.9244065956977916,-0.27739524632474916,-1.669395407018331,-0.13392183626255794,0.8872681726876441,-1.2766470357781363,-1.3683175081287084,-1.3508147800348862,-0.14537649866853442,-1.235337242071126,0.13787766778797114,-0.11859099098777905
0.16659796316843153,-1.1911509906967048,0.6483463676429156,-0.48605228870748857,-0.04493766519704315,0.31710580373817315,0.293081763427938,-0.4507957610341739,0.4166051548611586,0.38910700786658775,2.4141570651116626,-1.0330518840979048,1.459959687935629,0.1621411800693241,-0.08415531434914418,1.8546153831528245,1.7341640596473686
1.1502062473269372,-0.7474456126461646,-1.1143123749570132,-0.19598357521896068,-1.5151677654087945,0.40386305973240444,-1.8224371477382768,-0.9639457283928805,-2.4244234070522044,0.4646490664410443,-0.26425540584501783,0.7567481444773905,1.0212816003055223,1.1665417607370678,-0.7498800280455102,-1.982120584743126,-2.085343223998014
-0.3252061789108227,-0.8583719571587995,-1.485398426030682,-0.8728105733588598,-0.10560249942908248,0.05683403575547927,-0.8954120068901603,0.5237074574389393,-0.8636652753719254,0.1524422178765131,0.6419613418624163,-0.8316303428879313,0.5993370081447986,-0.31858285669731035,-1.3112393471956523,-0.3460349768115182,-0.5835647200841788
0.4125000342080572,-0.9692983016714347,-1.1143123749570132,-0.09929400405611787,-0.09846546010765911,-2.112097364100301,1.1963370288696926,0.6138041124240838,1.1295977037836804,-2.588353925259448,0.8793989303100056,-0.055940217229138466,1.1090769436642163,0.4045510956982667,-0.6913721553453545,-0.15016557304505826,0.01036782017896591
1.64201038940619,0.2508914879675513,0.6483463676429156,-0.5827418598703313,-1.6543400321764117,-2.5458836440714574,-0.8003325052647124,-0.9639457283928805,-0.7398244853787111,-2.588353925259448,-0.8272432964972579,-0.1629709616095066,-0.018854705316680837,1.654684248382308,-0.17270777032775805,-1.2332081585772503,-0.8317753339254947
1.1502062473269372,1.6929339666318077,-1.3926269132622648,-0.19598357521896068,-1.2689399088199451,0.23034854774394187,0.12669263558340424,-0.1316938583322322,0.2657044422539355,0.3119402649770985,-1.2645880768400521,-0.12976608891274335,-0.9868830487394802,1.1597947337155967,-0.8969403567242797,-0.23081768047830786,-0.37129410462712875
0.49446739122126576,-0.5255929236208943,0.18448880380082888,2.3179452750149507,-0.13415065671477602,-0.11668047623298272,-0.27739524632474916,-0.2623408272713978,-0.13392183626255794,-0.014476959580863336,1.1357079925396536,1.167383102660024,0.4410569883541014,0.48582373322669276,2.033197159853786,2.488310512985492,2.1100098016792264
-0.9809450350164927,-1.30207733520934,-1.2070838877254306,-1.066189715684545,0.008590129713572809,-1.1577675481637577,-0.8478722560774363,0.11582080670469919,-0.8011377787729798,-1.2217781224792306,0.7327020844222583,-0.54337441666822,1.1316678574994097,-0.96396077676843,-1.3112393471956525,-1.7977729106099871,-1.8774046619176366
0.33053267719484863,-1.1911509906967048,-0.6504548111149269,-0.5827418598703313,-0.776484195642207,-0.5504667562041392,-0.9429517577028842,-1.1027788392794577,-0.9274560387990313,-0.46927668735086014,1.072044385169894,-0.3863165373287792,1.5407696194619431,0.3411234220137657,-0.7704368481834027,-0.6916868658111542,-0.026173852285390833
-0.8989776780032841,0.13996514345491606,1.5760614953270884,2.3179452750149507,2.114016729531371,-0.20343773222721404,2.0758224189050853,1.6222747341391754,1.6968755850942454,-0.10094175185183701,-0.11439343738297737,1.8107014299022013,-0.6536325268900266,-0.9286638077542156,3.38520340738441,1.1748333347868753,1.204129306690174
-0.16127146488440414,-0.1928138900829889,-0.5576832983465095,-1.3562584291730733,-0.4910026227855887,0.4906203157266358,0.8160190223679012,-0.19509495404983115,0.8487428684025978,0.5386334452652105,-0.35922459104560794,-1.2104683746155231,-0.1562333480784696,-0.14875044116786976,-1.2717070007766282,-0.9105997288442561,-1.143442507414022
-1.1448797490429112,-0.7474456126461646,0.462803342106081,1.5444287057122081,2.6492946786376104,0.9244065956977916,2.2184416713432573,1.7592420461008333,1.7799734176038478,0.8872681726876441,1.2666843664734266,0.77635916499438,0.10543468352097635,-1.1792767822408952,1.6204794632391741,1.797006734986222,1.2748861785091943
1.0682388903137285,0.3618178324801865,0.3700318293376636,1.641118276875051,-0.6729971254816671,-0.4637095002099079,-0.6339433774201787,0.3973185252040561,-0.5341448331772878,-0.37358794334610596,-0.69119473814646,1.970980496704004,-0.2670197473152709,1.0630068251249516,1.6268046386662183,-0.26538286937827066,-0.32243816932352004
-0.3252061789108227,0.13996514345491606,-1.0215408621885957,-0.6794314310331742,-0.041369145536351265,-0.29019498822144535,-0.5864036266074547,0.6059092947591945,-0.477758774168862,-0.18954169161124898,-0.5077722493573854,-0.584119660345559,-0.48783243622510536,-0.3200678295554388,-1.0013057512705035,-0.4497305435114096,-0.5548046990557022
-1.3088144630693284,0.6945968660180921,-0.46491178557809215,-0.8728105733588598,0.4724976856056174,1.4449501316631788,-0.27739524632474916,0.31805501330887553,-0.13392183626255794,1.2653138455033308,-1.00212437376926,-0.6149238806235673,-1.085547807442969,-1.2947762726551415,-0.8937777690107579,-0.9912518362775046,-0.9412800165025436
-0.5711082499504484,-0.6365192681335294,-0.46491178557809215,0.09408513826956774,1.61442397703221,0.8376493397035604,0.934868399399711,1.2037734837496903,0.9392228527148092,0.8201986452008109,0.2318415765647102,0.28372974043549143,0.1872073987034265,-0.5981027203880374,-0.19800847203593375,-0.4382088138780887,0.44906844777793997
0.16659796316843153,-0.1928138900829889,0.462803342106081,1.5444287057122081,-0.0627802635005818,-1.33128206015222,-0.7290228790456266,0.23268850280246456,-0.6500306980473303,-1.469332496695443,0.07954390927319978,1.2867222981386157,-0.050558607062818665,0.16257788843890436,1.6204794632391741,0.702442419820707,0.9427620862974768
0.2485653201816401,-0.9692983016714347,0.09171729103241152,0.38415385175809563,-0.8014638332671692,-0.20343773222721404,-0.9191818822965222,-0.4926579819410412,-0.8953995665596088,-0.10094175185183701,0.4973139834079399,0.8641206967665608,1.0367732759498087,0.26122249861588837,0.36176955325744714,-0.8990779992109351,-1.023990146712755
-1.2268471060561197,0.8055232105307267,0.09171729103241152,1.3510495633865227,-0.20552104992893064,2.52941583159107,0.007843258551594406,-0.6779572458674805,0.15332477335556308,2.530809295077329,-1.0840456313837055,2.0192518911478143,-1.117871725048123,-1.20057093591098,1.1524164816379288,-0.8299476214110085,-1.1900521928186139
-0.07930410787119559,-0.5255929236208943,-0.6504548111149269,-0.09929400405611787,1.22188681435432,0.14359129174971055,0.3643913896470239,1.5502648570332243,0.4791326514601071,0.2330774146353509,0.2789825758610633,-0.11934503504864037,0.23200488817663395,-0.10895826420759372,-0.4383651382636005,0.011138641821438854,0.10322618654009275
-0.8170103209900755,0.6945968660180921,-0.46491178557809215,1.8344974192007366,0.36901061544507735,0.31710580373817315,1.1487972780569686,0.48904159866142893,1.0958269498392674,0.38910700786658775,-0.9106164219065059,2.2388484467127583,-0.9643325536401409,-0.8111068134928425,1.0543762625187494,-0.3229915175448763,-0.3862156218134501
-0.8170103209900755,2.580344722732889,0.09171729103241152,-0.09929400405611787,1.22188681435432,0.05683403575547927,1.9807429172796376,1.3094931744597256,1.6402366602736516,0.1524422178765131,-1.4494952272053556,-0.1972969036045342,-1.6108126396472113,-0.8295735222220879,-0.033553910932793654,0.21852977522121866,0.4887388254587837
-0.735042963976867,-1.1911509906967048,-0.7432263238833442,-1.1628792868473878,-0.4374748278749331,2.52941583159107,-0.1823157446993013,-0.8405723409223997,-0.03524082396888361,2.530809295077329,0.8890290197232891,-0.9226067418051537,1.015505064540895,-0.7131192871713083,-1.2021300710791458,-1.106469132610717,-1.5395044985370245
2.2977492455118615,1.914786655657078,-2.0420275026411856,-0.5827418598703313,-1.54728444235518,-0.8974957801810638,-0.8478722560774363,0.5065099470716516,-0.8011377787729798,-0.8797942129914668,-1.5877743709484566,-0.029548484342100657,-0.8583799723664999,2.2971710253544737,-1.4108608601715928,-1.5212513994102776,-1.6145934237327138
0.2758877725193486,0.13996514345491606,-1.3926269132622648,-1.1628792868473878,-0.15556177467900656,-0.20343773222721404,-0.44378437416928296,0.9620209989402043,-0.31440155107636625,-0.10094175185183701,-0.5435339595368769,-1.070922011571431,-0.31413710314757654,0.2720221442961196,-1.4345802680230073,-0.6225564880112266,-1.243721520762968
1.3961083183665643,0.6945968660180921,-0.001054221736005843,-0.2926731463818035,-0.7586415973386684,-1.2445248041579886,0.24554201261521405,0.16405524078297637,0.37422149305647134,-1.3434207969926282,-0.7276005181809976,-0.3622937813037457,-0.41886391152741503,1.3873911064591644,-0.2391221123117191,0.11483420852132825,0.6428877247787854
0.6584021052476844,-1.30207733520934,-0.6504548111149269,0.674222565246624,-0.526687819392666,-0.5504667562041392,-0.8478722560774363,-0.6286505862834514,-0.8011377787729798,-0.46927668735086014,1.5753350197096372,0.7687373528274042,1.990273064304686,0.6567301994311006,0.09294959760808355,-0.09255692487845259,0.7840805755741047
0.08463060615522153,0.4727441769928217,-0.6504548111149269,-0.9695001445217023,0.18701611274895932,0.6641348277150978,0.007843258551594406,0.8212704853301495,0.15332477335556308,0.6821771964116963,-0.7256944897566618,-0.906276406682263,-0.607000508900803,0.07616607695491719,-1.0360942161192446,-0.4497305435114086,-0.9507062437573455
0.5764347482344758,-1.1911509906967048,-1.0215408621885957,-0.2926731463818035,-1.0262805718917878,-0.5504667562041392,-0.1823157446993013,-1.1793069189638352,-0.03524082396888361,-0.46927668735086014,0.706013654276684,0.25946656282472164,1.661984516751417,0.5891127103045011,-0.7609490850428371,-1.3484254549104617,-1.2448045341071383
-1.4727491770957455,-0.08188754557035371,-0.37214027280967477,-1.7430167138244441,-0.0627802635005818,1.0979211076862543,-0.22985549551202525,-1.1027788392794577,-0.08419584172473729,1.017759471287118,-0.5276404547917161,-1.5975926622484613,-0.6650373377648405,-1.4445914009713912,-1.496250728436685,-1.1755995104106436,-1.4846318224324804
1.3141409613533543,-0.4146665791082593,-0.5576832983465095,0.09408513826956774,-1.169021358320097,-0.7239812681926012,-0.8478722560774363,-0.3339280649364083,-0.8011377787729798,-0.6686677176331566,0.19255906864612965,0.027408042969986,0.5878918341198717,1.3182794203847352,-0.25177246316580676,0.160921127054613,0.14951497910196582
1.1502062473269372,-0.7474456126461646,-0.5576832983465095,0.4808434229209384,-1.4473658918553318,-0.37695224421567664,-0.372474747950197,-1.1027788392794577,-0.23578665058535841,-0.28038490449683706,0.18021097966678826,0.9627540941556335,1.0212816003055223,1.164682945144924,0.020210080197078893,-0.8645128103109724,-0.9320543472744406
1.1502062473269372,-0.6365192681335294,1.5760614953270884,0.38415385175809563,-1.3153306644091378,-0.29019498822144535,-0.8716421314837983,-1.031191601614447,-0.8322467535124602,-0.18954169161124898,0.27898196098915695,0.5416772799891525,0.8428706742283264,1.1610651937349799,1.2978955164599377,-0.2884263286449135,-0.4344698830369651
0.6584021052476844,-0.9692983016714347,-0.6504548111149269,0.7709121364094663,-1.0976509651059425,-0.29019498822144535,0.12669263558340424,-1.4468080202105298,0.2657044422539355,-0.18954169161124898,1.316067441055223,0.42736521461177074,1.217532445235827,0.6715445443828996,0.15936393959204373,0.875268364320525,0.08517596413728011
-0.48914089293723984,0.6945968660180921,-0.6504548111149269,-1.2595688580102304,0.29407170257023085,1.7052218996458728,0.6258600191170055,0.4532572954238153,0.6983556179308059,1.4403785775337181,-0.6665952169391616,-1.3889276124039955,-0.8835223844382556,-0.4883692948172552,-1.235337242071126,0.2300515048545396,0.19540265561044262
-0.3252061789108227,-0.3037402345956241,0.462803342106081,-0.3893627175446463,0.5081828822126947,-0.11668047623298272,1.2201069042760546,-0.7836769365775159,1.146348593970529,-0.014476959580863336,-0.011401268409443055,-0.38357538108945377,-0.10128291390155002,-0.3327506397666676,-0.08731790206266664,-0.11560038414509548,0.6677569200893247
-1.0629123920297012,-0.9692983016714347,1.6688330080955056,2.221255703852108,2.3887927434058747,1.011163851692023,0.7447093961488154,1.609524970784544,0.793183627434161,0.9531069969387995,1.8073195156435926,1.2604175445530457,0.4583439342345511,-1.0941167345377345,3.3693904688168006,2.085049975819249,1.8715463079354269
0.33053267719484863,-1.0802246461840699,0.18448880380082888,0.2874642805952528,-1.0833768864631352,-0.8107385241868326,-0.6339433774201787,-1.3502935043163888,-0.5341448331772878,-0.7726783407028834,0.7975225232040992,0.6336108172488982,1.2938517560085558,0.3488118525308194,0.3396314392627935,-0.6916868658111542,-0.8492639938535502
1.887912460445817,-0.24827706233930652,0.9266609059481667,-0.5827418598703313,-1.9398216050330699,-0.5504667562041392,-1.2281902625792278,-1.2615087562840905,-1.3398938880642481,-0.46927668735086014,-0.3107334317956691,-0.33467360086862763,0.5710572545058273,1.905275297814955,-0.044622967930120494,-0.824186756594348,-1.2917551681571164
2.2977492455118615,0.02903879894228149,-0.8359978366517611,0.7709121364094663,-1.7899437792833373,-2.3723691320829947,-1.9650564001764488,-1.1793069189638352,-2.7513567656159523,-2.588353925259448,-0.2765986518640887,0.7427659831577336,0.38346355376451674,2.3046076545943177,0.02969784333764495,0.17244285668793496,0.10138105269447213
-0.07930410787119559,-0.8029087849024822,1.8543760336323394,-0.19598357521896068,0.9007200448905847,1.4449501316631788,-0.6577132528265406,-0.9639457283928805,-0.5627200091491062,1.2653138455033308,0.8607620624352077,-0.37151056573630314,0.614415401132915,-0.10136371174889683,0.8187634778613654,0.43168177343765995,1.7345050082927564
-0.5711082499504484,-0.8583719571587995,0.09171729103241152,-0.2926731463818035,-0.36253591500008664,0.23034854774394187,-0.30116512173111115,-0.5361622715405847,-0.1590816139620979,0.3119402649770985,0.12341734889424327,0.3015202305838794,0.4963042545380289,-0.553916953734132,-0.19168329660889016,-1.429077562343709,-1.2128355846514942
-1.1448797490429112,1.1383022440686323,1.1122039314850014,-0.776121002196017,1.1862016177472428,-0.29019498822144535,1.2676466550887786,0.9791300867159248,1.1795861155578766,-0.18954169161124898,-0.9491455028356004,-0.8628036773994558,-1.2407878807909118,-1.1491081996020691,-0.15215095018986602,0.10331247888800732,0.3877779148190637
0.33053267719484863,-0.5255929236208943,-0.5576832983465095,0.19077470943241,-0.776484195642207,0.6641348277150978,-0.6339433774201787,-1.9481576933068847,-0.5341448331772878,0.6821771964116963,-0.03665310396789115,0.5543842377614873,0.38132781687482503,0.3411234220137657,-0.18377682732508532,-0.7608172436110809,-0.3542065607524666
-1.0629123920297012,-0.4146665791082593,0.741117880411332,1.641118276875051,1.0077756347118563,0.31710580373817315,1.7430441632160179,1.1661692995471056,1.4940283477382317,0.38910700786658775,-0.06671314389705361,2.0263905270946996,-0.24209492825350898,-1.0652955557317974,1.9430634100184103,-0.3460349768115182,-0.4117266028094227
0.33053267719484863,2.580344722732889,-1.0215408621885957,-0.0026044328932750627,-0.5480989373568965,0.23034854774394187,-0.44378437416928296,0.71162898546923,-0.31440155107636625,0.3119402649770985,-1.6121761900075895,0.29050161549902176,-1.4222553933166442,0.33541044884929266,-0.5806815853720869,-0.6916868658111542,-1.1785000504808134
-0.8989776780032841,-0.5255929236208943,0.6483463676429156,-0.6794314310331742,-0.13415065671477602,1.4449501316631788,0.38816126505338583,-1.1793069189638352,0.49970298737076374,1.2653138455033308,0.18880095305279065,-0.6386840525327415,-0.0666409692197492,-0.8805451964988201,-0.26126022630637236,-0.2884263286449125,-0.17490768488454772
-0.9809450350164927,1.2492285885812675,-0.0938257345044232,-0.19598357521896068,0.9720904381047789,2.52941583159107,0.5783202683042816,0.2973213778796623,0.6596123662739154,2.530809295077329,-0.9708389020015634,-0.32617120878271827,-1.2482035493854526,-0.9844232488016175,-0.21065882289002183,0.2991818826544662,0.3643527373007501
0.08463060615522153,-0.6365192681335294,-1.0215408621885957,-0.19598357521896068,1.050597870640357,-0.29019498822144535,-0.06346636766749149,1.3668086572793625,0.08392559745065886,-0.18954169161124898,0.18470119214026343,0.017989225033226704,0.43698388461767396,0.05530429949640722,-0.7008599184859203,-0.5879912991112639,-0.5961998757661466
-1.1448797490429112,0.4727441769928217,0.09171729103241152,1.4477391345493653,1.5787387804251327,1.4449501316631788,1.3864960321205884,1.3178646647573604,1.2611807176678118,1.2653138455033308,-0.4664220071391008,1.158157067628721,-0.9289784676276137,-1.1572265353703677,1.231481174475977,0.7600510679873137,0.3579348804464167
1.5600430323929815,-0.4146665791082593,-0.37214027280967477,-0.3893627175446463,-1.3474473413555232,-1.7650683401233762,-1.2281902625792278,-0.7836769365775159,-1.3398938880642481,-2.175151703005463,0.019710926950674022,-0.2944948038678816,0.6737525336757391,1.565198322301486,-0.5000355986772779,-0.3575567064448401,-0.22428507105757114
0.16659796316843153,-0.6365192681335294,-0.8359978366517611,0.09408513826956774,0.5295940001769648,0.577377571720867,0.055383009364318336,1.1661692995471056,0.19875772114794182,0.6111230874510375,0.27898196098915695,0.2314014899881355,0.46820594535695526,0.14810262465355173,-0.4130644365554248,-0.3229915175448773,-0.2713359841208973
0.5764347482344758,-0.3037402345956241,-0.27936876004125744,-0.5827418598703313,-0.7300934400530146,0.31710580373817315,-1.3945793904237616,-0.0717215665793504,-1.6079668868241759,0.38910700786658775,0.19601653619459392,-0.7625768990833527,0.20094679890651132,0.5814923408118815,-0.5996571116532183,0.43744263825432145,0.11060672192257374
-1.3088144630693284,1.914786655657078,-0.8359978366517611,0.8676017075723091,-0.20552104992893064,0.6641348277150978,1.4102659075269504,-1.4468080202105298,1.2772496347645668,0.6821771964116963,-1.5186349798331298,1.5320371636454777,-1.5300027503756868,-1.280961763806207,0.09294959760808355,-1.0027735659108254,-1.5604427565242844
0.8223368192741014,0.02903879894228149,0.27726031656924627,0.09408513826956774,-0.9192249820705559,-0.29019498822144535,1.3389562813078644,-0.1316938583322322,1.2287954553625056,-0.18954169161124898,-0.6469877473945604,0.5955654650652769,-0.0581060210750227,0.8280159976031405,0.23210345700304838,-1.0603822140774313,-0.8625810468262893
-1.4727491770957455,1.3601549330939027,0.09171729103241152,-1.452948000335916,0.9364052414976619,0.6641348277150978,2.812688556502306,0.8846715810477487,2.141228150986169,0.6821771964116963,-1.2507202785833538,-1.331752042558122,-1.3926257837279035,-1.4644632453849693,-1.1404596106654683,-0.8760345399442933,-0.9716846133499463
0.33053267719484863,-1.1911509906967048,-0.27936876004125744,0.38415385175809563,-0.19838401060750724,1.3581928756689476,-0.22985549551202525,0.5899490597007058,-0.08419584172473729,1.2050079679899344,1.5600853596941742,0.2561000990850743,1.5407696194619431,0.3266767271612085,0.12773806245682487,0.345268801187752,0.04313900174140247
0.4125000342080572,0.13996514345491606,-0.5576832983465095,-1.1628792868473878,-0.8478545888564013,1.011163851692023,0.7209395207424534,-1.2615087562840905,0.7744444899712012,0.9531069969387995,-0.6865808002548436,-0.9301185076110784,-0.27466089108449215,0.4234470252738458,-1.1357157290951854,-1.0834256733440741,-0.863062386090366
-0.9809450350164927,-0.8583719571587995,-0.37214027280967477,-1.8397062849872867,0.06568644428488064,2.52941583159107,0.7209395207424534,0.09089352847556888,0.7744444899712012,2.530809295077329,0.5901069425655991,-1.832845089997853,0.32458299852674505,-0.9651764663977188,-1.5674089519909282,-0.5764695694779429,-1.36277276541084
1.8059451034326086,2.580344722732889,-0.9287693494201784,1.4477391345493653,-1.6329289142121812,-1.2445248041579886,-1.4896588920492093,-1.3502935043163888,-1.7720316016056874,-1.3434207969926282,-1.5715059493070311,1.7607389783015746,-1.179824648034486,1.8154991404834813,0.39655801810618846,-0.2884263286449135,0.08465451326786538
1.1502062473269372,0.2508914879675513,-1.485398426030682,1.0609808498979947,0.2655235452845373,-0.029923220238752032,0.38816126505338583,1.2401445191878813,0.49970298737076374,0.0699531769801072,0.00242847503119073,0.3662194684789287,-0.15623193908661917,1.1179590124640628,-0.2675854017334164,1.7278763571862923,1.382224834397904
-0.653075606963657,1.0273758995559972,0.18448880380082888,0.674222565246624,0.9007200448905847,-0.9842530361752951,1.8143537894351038,1.1661692995471056,1.5386060584195156,-0.9902064706735354,-0.8141616129996928,0.4420775759168961,-1.0844553442703073,-0.6623485492574158,0.6622153860420305,0.6102685827541395,0.3912275128782694
-1.4727491770957455,-0.1928138900829889,-0.27936876004125744,-1.7430167138244441,-0.10917101908981398,0.8376493397035604,-0.3249349971374731,-1.3502935043163888,-0.1844434803938194,0.8201986452008109,-0.4390006820126641,-1.5948970320063762,-0.578932312141072,-1.4436660585773573,-1.4725313205852704,-1.1871212400439646,-1.5999927993891083
-0.9809450350164927,2.580344722732889,-1.0215408621885957,-2.3231541408015004,-0.027095066893504497,-0.11668047623298272,-1.3945793904237616,-1.2615087562840905,-1.6079668868241759,-0.014476959580863336,-1.5918410696573104,-2.3246576700362462,-1.6377493891230068,-0.9632007719483077,-2.0228215827380858,-0.8529910806776514,-0.6235961022130793
0.33053267719484863,0.2508914879675513,1.483289982558671,0.4808434229209384,-0.291165521785932,-0.029923220238752032,-0.9429517577028842,-0.7295580473227278,-0.9274560387990313,0.0699531769801072,-0.20498946785092145,0.10781491421823118,-0.38519399536984955,0.3289921568511953,1.342171744449245,0.9674422013870945,1.00918690473982
1.887912460445817,0.2508914879675513,-1.5781699387990995,-0.3893627175446463,-1.0940824454452507,-1.5915538281349135,-1.01426138392197,0.47129374484483205,-1.0256256679196953,-1.8759688805315238,-0.48154672502707085,-0.40400835062190354,0.04983391156828857,1.880344974616673,-1.0961833826761613,-0.0579917359784898,-0.5374764855490045
-0.3798510835863213,-1.30207733520934,0.8338893931797494,0.09408513826956774,-0.04493766519704315,-0.8107385241868326,-0.5626337512010927,0.4532572954238153,-0.4499388990964361,-0.7726783407028834,1.1216095930164327,0.5459728477040722,1.4464897666613303,-0.3735549590940364,0.554687403782285,-0.9682083770108627,-0.7298918563629637
0.002663249142012967,0.9164495550433619,0.18448880380082888,0.7709121364094663,-0.7407989990351298,0.31710580373817315,-0.8003325052647124,-1.2615087562840905,-0.7398244853787111,0.38910700786658775,-1.1326076570347632,1.3347143823342362,-0.8812773270432133,0.0181805908629343,0.742861372736839,-0.8875562695776131,-0.609918044792282
1.4780756753797728,-0.08188754557035371,-1.2998554004938478,-0.48605228870748857,-1.404543655926831,-1.6783110841291449,-0.22985549551202525,-1.8000423759574964,-0.08419584172473729,-2.022442901541517,0.5478595914501773,-1.1075393812633019,0.2508105481662919,1.4861641773015317,-1.013956102124591,2.2002672721524608,1.7696628303728958
0.49446739122126576,-0.1928138900829889,0.09171729103241152,1.7378078480378938,-0.8978138641062858,0.14359129174971055,0.5070106420851956,-0.4926579819410412,0.6005912946825762,0.2330774146353509,0.2390960912073118,1.2342108592736811,0.055116133952831804,0.5052577616170664,1.4686752529901217,1.1863550644201983,0.673212098415509
-0.3252061789108227,2.580344722732889,2.318233597474426,-0.3893627175446463,0.008590129713572809,-0.29019498822144535,-1.4421191412364855,-0.6779572458674805,-1.6889337690960822,-0.18954169161124898,-1.4494952272053556,-0.48677445608130254,-1.5300023912198255,-0.3212224365464523,0.8298325348586921,0.18396458632125487,0.6018134409110568
2.2977492455118615,2.4694183782202535,2.503776623011262,-1.452948000335916,-1.5294418440516413,-0.6372240121983705,-0.20608562010566328,-0.7836769365775159,-0.05962345783116127,-0.5675873644269371,-1.7537086699424986,-1.057603961419384,-1.0629192274998784,2.296624617792418,-0.4004140857013372,-1.7977729106099871,-1.594377174641569
-0.9809450350164927,-1.0802246461840699,-0.5576832983465095,-1.1628792868473878,0.24054390765957528,0.8376493397035604,-0.8003325052647124,0.31805501330887553,-0.7398244853787111,0.8201986452008109,1.0856023592539752,-1.1629132993975695,0.6832876293912553,-0.9688970824018345,-1.1357157290951854,-0.2884263286449135,-0.0018662194496070776
-0.653075606963657,-0.08188754557035371,2.503776623011262,-0.3893627175446463,0.543868078819772,0.14359129174971055,1.2201069042760546,0.2973213778796623,1.146348593970529,0.2330774146353509,-0.29717615916845347,-0.307554027554263,-0.41063514722841504,-0.6544576823486921,0.9215475785508285,-0.3229915175448773,-0.01285679931265174
0.16659796316843153,0.02903879894228149,0.5555748548744983,2.3179452750149507,0.9720904381047789,-0.37695224421567664,0.5070106420851956,0.8969282493956693,0.6005912946825762,-0.28038490449683706,-0.6840266569476079,3.327695193028007,-0.2543591654481511,0.13732124436913895,2.3937321591952863,-0.9105997288442561,0.05689728237287875
1.0682388903137285,0.3618178324801865,0.5555748548744983,-0.2926731463818035,0.8650348482835073,0.23034854774394187,1.7668140386223798,1.0015392771455143,1.5089576209163353,0.3119402649770985,-0.7246492486601771,-0.08372481895511899,-0.2670197473152709,1.0215632743165806,0.0455107819052546,-0.6110347583779068,0.4312990066125066
-0.8989776780032841,0.8055232105307267,0.09171729103241152,-1.1628792868473878,-0.20552104992893064,0.6641348277150978,0.7922491469615393,-0.7295580473227278,0.8303315311366507,0.6821771964116963,-0.9358898873463632,-1.0906032126715666,-1.0393704112267048,-0.8790076243300688,-0.9032655321513238,-0.5534261102113001,-0.6971607864058667
-0.48914089293723984,-0.08188754557035371,-0.7432263238833442,-2.0330854273129724,-0.6337434092138979,-0.29019498822144535,0.7209395207424534,-1.2615087562840905,0.7744444899712012,-0.18954169161124898,-0.2203547272940325,-2.0878405474990216,-0.3597547091211299,-0.467328797734233,-1.7856275042239413,-0.2884263286449125,-0.3479491503194912
1.7239777464193986,0.3618178324801865,-1.0215408621885957,-0.48605228870748857,-1.5401474030337565,-0.37695224421567664,-0.01592661685476756,-0.5361622715405847,0.13036077835568,-0.28038490449683706,-0.69119473814646,-0.34167620572271873,-0.08975878145509504,1.7320896115942839,-0.8811274181566701,-0.5188609213113362,-0.4909069117497508
0.90430417628731,-0.4146665791082593,1.5760614953270884,-0.19598357521896068,-0.7943267939457458,-0.4637095002099079,-0.5626337512010927,-0.41045614462078606,-0.4499388990964361,-0.37358794334610596,-0.06671314389705361,0.00804029072315611,0.44479066819342694,0.9052422798227887,0.6717031491825961,-0.5649478398446209,-0.1244071737620187
0.002663249142012967,-0.1928138900829889,1.761604520863923,-0.19598357521896068,0.11564571953480472,-0.029923220238752032,0.958638274806073,-0.5814427299733397,0.9570118315684041,0.0699531769801072,0.11943195475672769,-0.43046614147724166,-0.10339597757064439,-0.002423312036847226,0.769743368301776,0.6102685827541385,1.4142338954588873
0.90430417628731,-0.9692983016714347,-0.7432263238833442,0.8676017075723091,-1.0619657684988653,-0.9842530361752951,-1.2994998887983136,-0.37153224913899335,-1.4520075136212773,-0.9902064706735354,0.6610646749373972,1.2104102570818869,1.3259879468074378,0.9123739176750408,0.15936393959204373,-0.49581746204469335,-0.24012915516670352
-0.9809450350164927,0.4727441769928217,-0.9287693494201784,-1.1628792868473878,-0.20552104992893064,0.05683403575547927,-1.656048019893743,-0.6779572458674805,-2.0814082090060637,0.1524422178765131,-0.6284673087750766,-1.2046408473226728,-0.8860480731307054,-0.9593984522252959,-1.2685444130631063,-0.1271221137784164,-0.19877409006159857
-2.1284880332014167,-0.691982440389847,-0.46491178557809215,-0.9695001445217023,1.1076941852116646,-0.20343773222721404,0.45947089127247176,0.25465391759127637,0.5606219585172659,-0.10094175185183701,-0.5169233789286208,-0.050105130286222974,-0.3479244706525501,-2.1086111510074663,-0.9633546987082403,-2.529402742325882,-2.32396716416317
1.8059451034326086,0.4727441769928217,-0.6504548111149269,-0.2926731463818035,-1.661477071497835,-0.8974957801810638,0.10292276017704227,-0.8405723409223997,0.24354620819824443,-0.8797942129914668,-0.8877397913926373,0.0631717506619529,-0.156231366683267,1.8163347620436212,-0.5711938222315213,-0.9451649177442198,-0.782919398621886
-0.5711082499504484,-0.8583719571587995,0.8338893931797494,-1.7430167138244441,0.10850868021338134,0.23034854774394187,-0.5864036266074547,0.5406424001166761,-0.477758774168862,0.3119402649770985,0.4863981439719647,-1.6819658895200527,0.4963042545380289,-0.5644896631041414,-1.1878984263682972,-0.7953824325110437,-1.423622070710979
0.90430417628731,-0.5255929236208943,2.503776623011262,1.2543599922236803,-0.35183035601797136,-0.6372240121983705,-1.2519601379855898,0.5065099470716516,-1.3768245475962362,-0.5675873644269371,0.4142550100734721,1.081910774009839,0.590379917052293,0.8934749396603507,2.9645792414859944,0.5180947456875701,0.29175073163611326
0.49446739122126576,0.2508914879675513,-1.7637129643359342,1.5444287057122081,0.18701611274895932,-0.5504667562041392,0.8635587731806251,0.7678038849499831,0.8852465743277103,-0.46927668735086014,-0.03214118211582772,0.8295443764150245,-0.33940158411320376,0.4776755326246179,-0.2391221123117191,1.6702677090196876,1.5352104971630591
0.4125000342080572,-0.1928138900829889,-0.6504548111149269,-0.09929400405611787,-0.4410433475356646,1.3581928756689476,-0.8003325052647124,0.549013890414311,-0.7398244853787111,1.2050079679899344,-0.23956045459502423,0.053926181697333014,0.028697448698918944,0.413179313449747,-0.4383651382636005,-0.4151653546114458,-0.48825954579733905
0.37151635570145364,-0.9692983016714347,-0.18659724727284058,-0.09929400405611787,-1.194000995945059,0.23034854774394187,-1.3708095150173996,-0.41045614462078606,-1.5682489367817558,0.3119402649770985,0.6064811110942445,0.19283611162871486,1.0910010267356147,0.3918943683724335,-0.1853581211818461,-0.7262520547111171,-1.5428738733855485
1.4780756753797728,0.9164495550433619,1.1122039314850014,-0.3893627175446463,-1.4723455294802938,-1.9385828521118385,-1.2519601379855898,-1.031191601614447,-1.3768245475962362,-2.501568927563423,-0.9309512116461691,-0.3460562216232333,-0.5378340518171837,1.4880844876794515,0.23368475085980872,-0.2192959508449859,0.3974448117059025
1.0682388903137285,-0.3037402345956241,-0.8359978366517611,0.2874642805952528,-1.0441231701953264,-0.8107385241868326,0.934868399399711,-0.7295580473227278,0.9392228527148092,-0.7726783407028834,0.19601653619459392,0.07824995567443946,0.36579936952908987,1.0730611206986373,-0.286560928014548,0.5411382049542119,0.7925441243007547
0.49446739122126576,-1.7457827132598804,-0.37214027280967477,-0.776121002196017,-0.9406361000347865,-0.37695224421567664,-0.15854586929293935,-1.1793069189638352,-0.011045032048426011,-0.28038490449683706,2.871681498504261,-0.6609492252742144,3.5071289070243115,0.5063500050862796,-0.7846684928942513,-0.5419043805779791,-0.5726543634318131
-0.16127146488440414,0.4727441769928217,-0.18659724727284058,0.674222565246624,0.6794718259266974,-0.4637095002099079,0.38816126505338583,0.8470673968451634,0.49970298737076374,-0.37358794334610596,-0.4988310674662959,0.4668590555953805,-0.6713961006461647,-0.17631451593973574,0.4092083689602761,0.5526599345875338,0.6467384388913874
-0.16127146488440414,-0.6365192681335294,-0.27936876004125744,-1.066189715684545,-0.291165521785932,-0.37695224421567664,-0.22985549551202525,0.3583946297222634,-0.08419584172473729,-0.28038490449683706,0.1375608077158163,-0.90500740110367,0.34331770239983156,-0.15346939394305206,-0.9633546987082403,-0.8069041621443667,-1.0841575547221243
0.08463060615522153,-0.6365192681335294,0.3700318293376636,0.19077470943241,0.008590129713572809,-0.029923220238752032,-0.5626337512010927,0.3384081935125,-0.4499388990964361,0.0699531769801072,0.37326272983805087,0.2316961635489986,0.43698388461767396,0.08048902609228485,0.369676022541252,-0.08103519524513268,0.23639671626749081
-0.5711082499504484,-0.4146665791082593,1.1122039314850014,0.7709121364094663,0.5795532754268493,-0.29019498822144535,0.6733997699297294,0.9329060151260258,0.7366292428455685,-0.18954169161124898,0.06292296237453784,0.8820566874621668,-0.07037352914177525,-0.5750343315612563,1.3911918540088344,-0.10407865451177352,-0.3207534818992574
-0.07930410787119559,-0.8583719571587995,-0.46491178557809215,-0.5827418598703313,0.4225384103556933,-0.4637095002099079,-0.1823157446993013,1.097129060014584,-0.03524082396888361,-0.37358794334610596,0.5901069425655991,-0.48436217187889574,0.7023697617515687,-0.09003081002317914,-0.6850469799183107,-0.42668708424476676,-0.6995273711209019
0.6584021052476844,-1.7457827132598804,2.318233597474426,0.2874642805952528,-0.8478545888564013,0.05683403575547927,0.19800226180249014,-0.7295580473227278,0.33126116512017395,0.1524422178765131,2.612410366252962,0.6702338795874144,3.621609362765556,0.66505738472386,1.648942752660871,-0.7608172436110809,-0.626163244954812
-0.40717353592403127,-1.0802246461840699,-0.37214027280967477,-0.3893627175446463,-0.8978138641062858,-0.29019498822144535,-2.1552154034273445,-0.6286505862834514,-2.8041417031446296,-0.18954169161124898,0.3942107527342718,0.25394738828021335,0.9504094347863242,-0.38077200977517617,-0.5000355986772779,-1.5788600475768855,-2.044389274946305
-1.3088144630693284,-0.1928138900829889,-0.7432263238833442,-0.776121002196017,0.82934965167643,1.2714356196747167,0.6733997699297294,0.7259416640431159,0.7366292428455685,1.143671170989933,-0.3193365455620804,-0.5969465950774807,-0.5260949416332468,-1.302025898949786,-0.9427978785703479,-0.7262520547111181,-0.6687617698254453
0.5764347482344758,-0.5255929236208943,-1.0215408621885957,-0.48605228870748857,-0.45531742617847176,-1.5915538281349135,-0.396244623356559,0.9620209989402043,-0.26177474292628716,-1.8759688805315238,-0.26210716098857256,0.04548011700885021,0.4709215740937403,0.5744342380656923,-0.8811274181566701,-1.4175558327103872,-1.3488941499633451
-1.3088144630693284,1.0273758995559972,-1.0215408621885957,-1.3562584291730733,-0.13415065671477602,2.1390081796170293,-0.8716421314837983,-0.16294147958385466,-0.8322467535124602,1.7144136272796777,-1.038397368335765,-1.305464315902648,-1.2329713663286812,-1.28241841112397,-1.4219299171689197,-0.5534261102112991,-1.060090591518376
-0.024659203195695555,2.580344722732889,0.741117880411332,-0.776121002196017,-0.5909211732853972,0.40386305973240444,0.934868399399711,-0.9639457283928805,0.9392228527148092,0.4646490664410443,-1.5105005882561933,-0.7695071825475341,-1.480618350514196,-0.012258401258150104,-0.31028033586596254,-0.20777422121166497,0.03254953793175266
-0.07930410787119559,-0.5255929236208943,-0.9287693494201784,-0.48605228870748857,0.4617921266235021,-0.8974957801810638,-0.9667216331092462,1.117297201065335,-0.9598413011043403,-0.8797942129914668,1.0004355583272442,-1.022733417562752,0.23200488817663395,-0.09096227280430731,-0.8368511901673629,1.8085284646195408,1.4314417741495666
0.740369462260893,-1.4130036797219752,-1.0215408621885957,-0.09929400405611787,0.21199575037392135,-1.0710102921695264,-0.9191818822965222,1.3747600691022437,-0.8953995665596088,-1.1041244592143058,0.9703661996912635,0.709903383473051,2.3623331263882936,0.7179311164485771,-0.6407707519290037,-1.6940773439100958,-1.7125459639719682
-1.3907818200825368,-0.08188754557035371,-0.37214027280967477,-0.8728105733588598,0.7222940618551981,1.2714356196747167,-0.5388638757947308,-0.0717215665793504,-0.42236199546769626,1.143671170989933,0.08693100020365103,-1.134022211307609,-0.6395971187111984,-1.3800334702855641,-0.8558267164484948,0.7715727976206346,0.7279644397040321
0.33053267719484863,-1.30207733520934,0.27726031656924627,0.8676017075723091,-1.0619657684988653,-0.6372240121983705,-0.5864036266074547,-1.5525277109205653,-0.477758774168862,-0.5675873644269371,1.3160633473135208,1.230968795352408,1.8185520229436298,0.34827501729587884,0.8899217014156092,-0.5303826509446572,-0.6158144507771992
-0.8170103209900755,0.13996514345491606,-0.7432263238833442,-0.0026044328932750627,0.4189698906950014,-0.5504667562041392,1.600424910777846,0.6675483294242277,1.4029392793406334,-0.46927668735086014,-0.7223425104343354,0.47534470441513615,-0.629946799652181,-0.8121909916327951,-0.42413349355275165,-1.0603822140774313,-0.9933448802333182
-1.4727491770957455,-0.4146665791082593,-0.46491178557809215,2.3179452750149507,1.432429474336092,0.14359129174971055,0.3643913896470239,1.0661721522227117,0.4791326514601071,0.2330774146353509,0.4086192457654491,1.9094564344543765,-0.38519609417995426,-1.4742867710634913,1.4022609110061617,1.0020073902870594,1.014000297380571
-0.40717353592403127,0.13996514345491606,-1.3926269132622648,-0.776121002196017,0.8650348482835073,-0.37695224421567664,-0.42001449876292096,1.0661721522227117,-0.2879785065486689,-0.28038490449683706,-0.5077722493573854,-0.6880018835382966,-0.5115181634629514,-0.4211139683429057,-1.2195243035035164,-0.46125227314473055,-0.172180095721457
0.33053267719484863,0.13996514345491606,-1.1143123749570132,-0.48605228870748857,-0.24834328585743132,-1.5047965721406826,-0.7290228790456266,0.7948593042719118,-0.6500306980473303,-1.7352404416114184,-1.0084361918702687,0.3791517236370154,-0.2983466183223382,0.32792334633951864,-0.925403646145977,-2.039729232909732,-1.877404661917638
-0.5711082499504484,0.13996514345491606,-0.46491178557809215,-0.776121002196017,-0.38394703296431715,2.52941583159107,-0.6339433774201787,-0.5361622715405847,-0.5341448331772878,2.530809295077329,-0.5077722493573854,-0.6880018835382966,-0.558889617938643,-0.5534357079620033,-0.8242008393132755,-0.46125227314473055,-1.047575770652428
-1.1448797490429112,1.1383022440686323,-0.0938257345044232,0.4808434229209384,1.4788202299253241,2.52941583159107,-1.038031259328332,1.3010580220276384,-1.0590390526831654,2.530809295077329,-0.9491455028356004,0.39676829129832686,-1.2407878807909118,-1.1551617479503997,0.32065591298166224,0.2530949641211825,-0.24004893195602456
-1.4727491770957455,0.4727441769928217,-0.0938257345044232,-1.5496375714987587,1.9213166678531381,1.4449501316631788,1.2438767796824166,1.638008575238448,1.1630110885471505,1.2653138455033308,-0.790512610411052,-1.4737092794009472,-1.0148392566214297,-1.4839422057927691,-1.273288294633389,-0.74929551397776,-0.9943476703668068
-0.8989776780032841,-0.6365192681335294,0.3700318293376636,-0.09929400405611787,1.1505164211401653,-0.029923220238752032,1.5053454091523981,1.0450435667450575,1.3407198199493684,0.0699531769801072,0.938947342931415,-0.5391292354223158,0.06231915574630279,-0.9081160092466116,0.11825029931625881,1.2670071718534468,1.1342548901886278
-0.9809450350164927,-0.7474456126461646,2.503776623011261,0.2874642805952528,1.9427277858173686,0.14359129174971055,1.0774876518378829,1.5018801123375574,1.0444837796477284,0.2330774146353509,0.7234476730701076,0.14179421682425067,0.1708523204341584,-1.0049254794688705,1.7627959103476611,0.3798339900877158,0.6100363200056712
-0.07930410787119559,0.3618178324801865,1.0194324187165842,-0.0026044328932750627,-0.776484195642207,-0.6372240121983705,-0.9191818822965222,-1.3502935043163888,-0.8953995665596088,-0.5675873644269371,-0.8919218012287617,0.5245807312867774,-0.5772264375705786,-0.06147929145852789,0.5673377546363726,-1.1525560511440018,-1.3046109376684507
-0.40717353592403127,1.1383022440686323,0.27726031656924627,1.9311869903635794,-0.41963222957139446,2.52941583159107,-1.6322781444873813,-1.1793069189638352,-2.0353119831112827,2.530809295077329,-1.058312917803064,2.1486773814678886,-1.0781042003208,-0.3917546585077147,1.7944217874828803,-0.034948276711846915,-0.1862191575903097
1.4780756753797728,0.2508914879675513,-1.1143123749570132,-0.0026044328932750627,-1.3938380969447157,-0.5504667562041392,0.4119311404597478,-0.16294147958385466,0.5201401810160081,-0.46927668735086014,-0.6889646679091831,0.29600247477405217,-0.06464711657332663,1.4858610377878474,-0.6328642826451989,-0.7032085954444752,-0.8071468082469923
-1.4727491770957455,0.13996514345491606,-0.46491178557809215,-0.9695001445217023,1.0434608313189335,1.0979211076862543,1.8381236648414658,0.8342439337995095,1.5533265298124252,1.017759471287118,-0.3647254086394188,-1.0286893230322816,-0.819432617554948,-1.4665857494345274,-0.9633546987082403,-0.023426547078524963,-0.08433568002777868
1.4780756753797728,0.4727441769928217,-0.8359978366517611,-0.9695001445217023,-1.4901881277838325,-1.5047965721406826,-0.9191818822965222,-0.22820837422637308,-0.8953995665596088,-1.7352404416114184,-0.6284673087750766,-1.0065059315099054,-0.2420921556770837,1.4885899550729798,-1.1088337335302487,-0.10407865451177352,-0.3797175417484378
1.4780756753797728,0.08450197119859848,-1.3926269132622648,-0.3893627175446463,-1.5258733243909097,-0.7239812681926012,0.007843258551594406,0.2654756346403313,0.15332477335556308,-0.6686677176331566,-0.9400498781045867,0.4442858095918763,0.0847802274313642,1.4896010431092175,-1.0044683389840252,-1.918751071759859,-2.129686603700918
0.4125000342080572,-0.9692983016714347,0.741117880411332,0.09408513826956774,-0.9192249820705559,-1.8518255961176076,-1.038031259328332,-1.5525277109205653,-1.0590390526831654,-2.334649750106048,0.8248153664668537,0.19567549709870846,1.1090769436642163,0.42525081346607874,0.500923412652412,-0.24233941011162777,-0.15192373502496984
-1.2268471060561197,0.02903879894228149,-0.46491178557809215,2.3179452750149507,-0.13415065671477602,2.52941583159107,-0.2536253709183872,-1.4468080202105298,-0.10896095216611,2.530809295077329,-0.3136375614171362,2.393690712465824,-0.6713970972410495,-1.2020437681989407,1.4022609110061617,0.24157323448786155,-0.03736499017513292
0.9862715333005201,-0.8583719571587995,0.3700318293376636,0.19077470943241,-0.9834583359632871,-0.29019498822144535,0.055383009364318336,-0.04290911029993382,0.19875772114794182,-0.18954169161124898,0.5382525432687821,0.3996604908095213,1.1488450273809065,0.9908485195392973,0.369676022541252,-0.4497305435114096,-1.092099652579361
0.002663249142012967,-0.4146665791082593,-1.485398426030682,1.5444287057122081,0.5081828822126947,-0.4637095002099079,0.6020901437106435,0.9210426164859395,0.679043414640239,-0.37358794334610596,0.7111034937324963,0.8100438960725619,0.12996810315524793,-0.011833556056470709,-0.006671915367857159,1.7163546275529713,1.2983915792381842
-0.3252061789108227,1.1383022440686323,-1.0215408621885957,-1.7430167138244441,-0.24120624653600795,0.05683403575547927,-1.4183492658301236,0.140200188059598,-1.6481908116124702,0.1524422178765131,-1.0310210640611983,-1.769240203385901,-1.0600282358241209,-0.31544614623309786,-1.6622865833965863,-0.3575567064448401,-0.6246791155572483
-0.3252061789108227,0.6945968660180921,-0.8359978366517611,-0.0026044328932750627,1.0077756347118563,-0.6372240121983705,0.8160190223679012,0.967753400325564,0.8487428684025978,-0.5675873644269371,-0.14805015638355415,-0.7383517049098738,-0.8431172998373131,-0.34424645392745507,-0.4763161908258634,2.338528027752316,2.1804457806555266
-0.16127146488440414,-0.5255929236208943,-1.7637129643359342,-0.2926731463818035,-0.31257663975016253,-1.0710102921695264,-0.9191818822965222,-1.4468080202105298,-0.8953995665596088,-1.1041244592143058,1.1357079925396536,-0.9416676917689647,0.20214030243699554,-0.15296404646850378,-1.1404596106654683,2.177223812885821,1.4835467494856835
-1.3907818200825368,0.02903879894228149,-0.27936876004125744,2.3179452750149507,1.61442397703221,0.23034854774394187,0.934868399399711,1.2129786585655846,0.9392228527148092,0.3119402649770985,0.01971262456028833,1.7532304721425078,-0.7204603833343314,-1.3979040894777996,1.5825284106769117,1.2785289014867678,1.043843331753218
-0.653075606963657,-1.0802246461840699,-0.001054221736005843,-0.19598357521896068,0.6937459045695442,-0.7239812681926012,0.12669263558340424,1.0661721522227117,0.2657044422539355,-0.6686677176331566,1.0279863920440007,-0.10683519562912319,0.8359286610455807,-0.6577737769260413,-0.16163871333043164,-0.2884263286449135,-0.6363515927110656
0.4125000342080572,-0.8583719571587995,1.5760614953270884,0.09408513826956774,-0.15199325501831468,-0.20343773222721404,0.24554201261521405,-0.9005446326752814,0.37422149305647134,-0.10094175185183701,1.1086509355337721,-0.21040996289218733,0.9084352689651092,0.40589815540376123,0.9847993328212671,0.8061379865205994,1.4188868416782805
0.002663249142012967,-0.7474456126461646,-0.9287693494201784,-0.2926731463818035,-0.03423210621492788,-0.6372240121983705,-0.2536253709183872,0.8470673968451634,-0.10896095216611,-0.5675873644269371,0.13082582572103219,0.12248014908927285,0.5633581419132493,0.001175186318443284,-0.7135102693400082,-1.0719039437107531,-1.215322504182548
-0.48914089293723984,-0.5255929236208943,2.503776623011262,-0.8728105733588598,0.36544209578438547,-0.37695224421567664,1.3864960321205884,0.31805501330887553,1.2611807176678118,-0.28038490449683706,0.3691641986693356,-0.9755557887100507,0.08268195947844238,-0.4899832391095426,0.3206559129816627,0.14939939742129207,0.16712397384603983
-0.735042963976867,-0.08188754557035371,-1.7637129643359342,0.5775329940837812,0.7222940618551981,1.7919791556401041,1.1963370288696926,0.5573226723308153,1.1295977037836804,1.4968854973090242,-0.02830114760798042,0.34889919993505525,-0.4360753662820581,-0.7385860272211945,-0.7135102693400082,0.5987468531208175,0.9854408343787905
-0.5711082499504484,-1.2466141629530225,0.5555748548744983,-1.066189715684545,-0.13415065671477602,0.31710580373817315,0.19800226180249014,0.37802730506175736,0.33126116512017395,0.38910700786658775,0.373257872979394,-0.3376831350441591,1.2175291587253945,-0.5590466247986982,-0.6502585150695693,-2.252881231126174,-2.5227602802261226
1.3141409613533543,-1.0802246461840699,-0.46491178557809215,-1.066189715684545,-0.7907582742850539,-0.5504667562041392,-1.2281902625792278,0.3384081935125,-1.3398938880642481,-0.46927668735086014,0.33659478552429684,-0.553028228513283,1.7517748509715316,1.3077662188404564,-1.0329316284057228,-1.7747294513433454,-1.3307637043498564
-0.40717353592403127,0.02903879894228149,-0.27936876004125744,1.5444287057122081,0.7222940618551981,1.3581928756689476,-0.6101735020138167,-0.7836769365775159,-0.5058259402618857,1.2050079679899344,0.4271406296438075,0.5214024223508356,-0.42608066677463846,-0.41786230568900967,1.0006122713888768,2.4537453240855274,2.572697169271267
2.9534881016175314,0.8055232105307267,-0.8359978366517611,-0.48605228870748857,-2.1360901863720345,-0.5504667562041392,-0.5864036266074547,-1.031191601614447,-0.477758774168862,-0.46927668735086014,-0.9358898873463632,-0.35911846244317835,-0.11697997382504073,2.961882449426468,-0.792574962178056,-0.4727740027780515,-0.7212277496096134
0.33053267719484863,-0.7474456126461646,0.09171729103241152,-0.3893627175446463,-0.7407989990351298,-0.8107385241868326,-0.4675542495756449,-1.031191601614447,-0.3410475775182748,-0.7726783407028834,0.7728328270158636,-0.561295964328117,0.6941934157396129,0.3402302838908445,-0.2707479894469384,0.4143991789876786,0.8055803960361174
0.2485653201816401,-0.24827706233930652,-0.9287693494201784,0.38415385175809563,-1.169021358320097,-0.29019498822144535,-0.5626337512010927,-1.4468080202105298,-0.4499388990964361,-0.18954169161124898,-0.270063270840368,0.6963812544029868,0.03232332132889499,0.2703498791396656,-0.2818170464442648,-0.5937521639279243,-1.1859608090739762
-1.1448797490429112,0.4727441769928217,0.18448880380082888,-0.6794314310331742,0.9720904381047789,0.8376493397035604,1.0061780256187969,0.7948593042719118,0.992291923684418,0.8201986452008109,-0.5960582484478811,-0.7449788146995274,-0.9289784676276137,-1.1446724621117255,-0.4668284276852978,0.04570383072140165,0.23198443968014026
-1.1448797490429112,0.13996514345491606,-1.2998554004938478,-2.3231541408015004,-0.4910026227855887,-0.4637095002099079,-2.559303285335498,-1.8000423759574964,-2.8041417031446296,-0.37358794334610596,-0.7581042206138272,-2.2426531034480552,-0.7246897086035646,-1.1142180373073507,-2.0655165168706318,-1.4521210216103522,-1.1900521928186139
-1.1448797490429112,2.4694183782202535,-0.46491178557809215,2.3179452750149507,1.792849960067636,2.52941583159107,2.384830799187791,1.3261734466738646,1.8742352053904796,2.206707063485724,-1.4425813407842742,2.2990449226806966,-1.6399043786445904,-1.1616471815685638,1.4022609110061617,0.3798339900877158,0.08020212507517395
-1.4727491770957455,-0.9692983016714347,-0.46491178557809215,0.7709121364094663,2.0426463363172167,1.0979211076862543,0.4119311404597478,1.4947924383861648,0.5201401810160081,1.017759471287118,0.8248153664668537,0.9122969889571803,0.27758476494853285,-1.4863343454537792,0.2890300358464425,-0.1616873026783792,-0.14907581104585924
-1.3907818200825368,-1.0802246461840699,-0.27936876004125744,2.3179452750149507,1.5145054265324014,-0.37695224421567664,0.31685163883429995,0.9562588187127592,0.437585533678028,-0.28038490449683706,1.4889141297238027,1.9500385689968933,0.49248633982334905,-1.3959070322898535,1.5825284106769117,0.9328770124871317,0.507751726389744
0.6584021052476844,0.3618178324801865,-0.37214027280967477,-0.09929400405611787,-1.104788004427366,-0.6372240121983705,-0.5626337512010927,-1.031191601614447,-0.4499388990964361,-0.5675873644269371,-0.5239221855778754,-0.15447082688481933,-0.3778078509778809,0.6717300265071914,-0.28656092801454763,0.10331247888800732,0.11594156543273813
0.2485653201816401,2.4694183782202535,-0.6504548111149269,1.3510495633865227,0.008590129713572809,-0.5504667562041392,-0.27739524632474916,-1.4468080202105298,-0.13392183626255794,-0.46927668735086014,-1.1521958335699314,0.5698186895603176,-1.406362769847921,0.2411736111477814,0.5578499914958065,1.8776588424194685,2.1592267414308877
-0.653075606963657,0.3618178324801865,0.462803342106081,-0.09929400405611787,-0.605195251928244,-1.6783110841291449,0.6733997699297294,-1.3502935043163888,0.7366292428455685,-2.022442901541517,-0.5239221855778754,-0.15447082688481933,-0.7323297826982323,-0.6289410107600516,0.16885170273260977,0.10331247888800732,-0.30691497805710355
-0.8989776780032841,-0.7474456126461646,0.27726031656924627,-0.5827418598703313,0.6509236686410436,1.0979211076862543,-0.6339433774201787,0.8342439337995095,-0.5341448331772878,1.017759471287118,0.6740625191243508,-0.6797594910658147,0.2035611388907492,-0.8974177190970618,-0.34348750685794216,0.160921127054613,-0.5497907483882537
0.08463060615522153,-1.1911509906967048,-0.7432263238833442,1.2543599922236803,-0.8978138641062858,-0.6372240121983705,0.22177213720885208,-1.669395407018331,0.3528143914340528,-0.5675873644269371,1.8041058469563132,0.890820811382469,1.4195547221724705,0.10251695643877431,0.4186961321008417,0.9098335532204899,0.45043224235948676
1.2321736043401457,1.0273758995559972,2.1326905719375913,-0.19598357521896068,-0.683702684463822,-0.4637095002099079,-0.2536253709183872,0.16405524078297637,-0.10896095216611,-0.37358794334610596,-0.5899258576636206,-0.6726118519179494,-0.6574717808524829,1.2242954286749668,0.965823806540135,1.428311386719942,0.5777464777073086
-1.3088144630693284,2.247565689194983,-1.2998554004938478,-2.0330854273129724,0.07282348360630403,0.577377571720867,-1.2281902625792278,0.11582080670469919,-1.3398938880642481,0.6111230874510375,-1.3198590203180882,-2.153463391065708,-1.6158634380061105,-1.2866393734569392,-1.8994806619107307,0.18396458632125587,-0.8004882817606219
-0.3252061789108227,-1.30207733520934,0.18448880380082888,0.19077470943241,-0.12701361739335265,-0.6372240121983705,-0.7052530036392646,-1.1027788392794577,-0.6206580639591687,-0.5675873644269371,1.8994246102047825,0.024273725423518182,1.4751099402215198,-0.31808774616002355,0.25898545256798444,0.4259209086209995,0.7248357344875451
-0.9809450350164927,1.3601549330939027,-0.001054221736005843,-1.5496375714987587,1.3432164828183986,-0.8974957801810638,1.1487972780569686,1.2839928054406171,1.0958269498392674,-0.8797942129914668,-1.0433021628533878,-1.6424375802724036,-1.2895927725398932,-0.9922755391301322,-1.2464062990684528,0.034182101088080716,-0.29042910826253515
1.5600430323929815,-0.08188754557035371,-0.6504548111149269,1.5444287057122081,-0.8478545888564013,-0.20343773222721404,-1.2281902625792278,-0.9005446326752814,-1.3398938880642481,-0.10094175185183701,0.12534171614086154,1.0515366686495988,0.27625076721993447,1.5509620360405802,0.6906786754637273,1.1748333347868773,1.2041293066901753
0.5764347482344758,-1.30207733520934,0.8338893931797494,0.2874642805952528,-1.1404732010344432,-0.8107385241868326,-0.9429517577028842,-1.2615087562840905,-0.9274560387990313,-0.7726783407028834,1.5753350197096372,0.36335787120899066,1.947342803964422,0.5920540948809238,0.7381174911665563,-0.13864384341173733,-0.6519148955828216
0.33053267719484863,2.358492033707618,-1.1143123749570132,-1.066189715684545,-0.4910026227855887,0.31710580373817315,2.812688556502306,-0.7836769365775159,2.6832097095737173,0.38910700786658775,-1.3295596376500933,-1.240534836029011,-1.3617852627998186,0.33398335690186853,-1.2764508823469112,0.4259209086209995,0.6308542431769126
-1.2268471060561197,-0.1928138900829889,0.462803342106081,1.2543599922236803,0.7222940618551981,0.31710580373817315,1.1487972780569686,0.7259416640431159,1.0958269498392674,0.38910700786658775,-0.1996724091114963,1.4447637670777627,-0.4996762563793344,-1.219671609519473,1.3643098584438986,-0.13864384341173835,-0.12340438362853014
1.64201038940619,0.4727441769928217,1.0194324187165842,-0.5827418598703313,-0.7586415973386684,-1.4180393161464513,-0.372474747950197,0.6216431358584676,-0.23578665058535841,-1.599823795294917,-0.5636491881206861,-0.683318640814962,-0.1991617611801756,1.6289405547722333,-0.0019280337975743518,0.17244285668793394,0.07093634424173001
1.4780756753797728,0.5836705215054568,-1.5781699387990995,0.09408513826956774,-0.9085194230884011,-0.6372240121983705,-0.3249349971374731,0.6824373744435721,-0.1844434803938194,-0.5675873644269371,-0.7266763830998675,0.12635792310920818,-0.32274901607472817,1.4721379839845017,-0.8431763655944069,-0.08103519524513166,-0.6800331309258664
-1.3907818200825368,-0.7474456126461646,-0.27936876004125744,2.3179452750149507,0.8650348482835073,2.52941583159107,-0.27739524632474916,1.0015392771455143,-0.13392183626255794,2.3421237098022254,0.27898128755830076,2.8909082183032053,0.007308228151203984,-1.3828987967825628,1.5825284106769117,-0.4151653546114458,-1.141436927147042
-0.16127146488440414,-1.1911509906967048,1.483289982558671,-0.3893627175446463,0.044275326320650114,0.31710580373817315,-0.7290228790456266,-1.1793069189638352,-0.6500306980473303,0.38910700786658775,1.6820956033252437,-0.5828845598833514,1.2983398248829983,-0.1613785386844376,0.4171148382440809,0.48352955678760623,1.5786112541404835
-0.8989776780032841,1.1383022440686323,1.0194324187165842,-0.3893627175446463,-0.1484247353575832,2.52941583159107,-1.061801134734694,-0.5814427299733397,-1.0928098066275784,2.530809295077329,-1.0310210640611983,-0.3544774274131275,-1.1865599873008743,-0.8802377315962171,0.18782722901374102,-0.19625249157834404,-0.2459052263356037
0.33053267719484863,0.2508914879675513,-1.485398426030682,-0.09929400405611787,-0.6694286058209752,-0.5504667562041392,-0.3249349971374731,-1.031191601614447,-0.1844434803938194,-0.46927668735086014,-0.17041981070390225,-0.4636162185932465,-0.38519399536984955,0.3384445479034297,-0.8937777690107577,1.0135291199203802,0.25909988488969515
0.16659796316843153,-0.1928138900829889,0.6483463676429156,-0.09929400405611787,-0.2768914431430852,-0.29019498822144535,-0.49132412498200684,-1.3502935043163888,-0.3679203813793834,-0.18954169161124898,0.2390960912073118,-0.4494381236670601,-0.050558607062818665,0.16782181920804665,0.27005450956531174,0.9674422013870945,1.142036541624505
-0.3252061789108227,-1.30207733520934,0.462803342106081,0.2874642805952528,0.7151570225337748,0.9244065956977916,0.24554201261521405,0.4162799646989643,0.37422149305647134,0.8872681726876441,2.1586962826008995,-0.05439955669835337,1.4751099402215198,-0.3375171131860985,0.510411175792978,0.8983118235871689,1.1966685480970138
0.33053267719484863,-0.3037402345956241,0.9266609059481667,-1.1628792868473878,-0.8407175495349779,0.05683403575547927,-0.7052530036392646,-1.1027788392794577,-0.6206580639591687,0.1524422178765131,-0.46772043853832396,-0.7955505898992122,0.11852051359522182,0.34273152467181983,-0.6044009932235018,-1.475164480876994,-1.3652596849418936
-1.3907818200825368,2.580344722732889,-0.27936876004125744,-2.3231541408015004,1.22188681435432,1.6184646436516414,0.10292276017704227,0.967753400325564,0.24354620819824443,1.3829675087682554,-1.4494952272053556,-2.416624805926425,-1.705091262812495,-1.3900520562333605,-1.9089684250512962,-0.04647000634516887,0.48388532121269456
-0.735042963976867,2.303028861451301,-0.8359978366517611,-2.3231541408015004,0.07996052292772741,1.8787364116343352,-0.8241023806710743,-1.1027788392794577,-0.7703323110645232,1.5525163054334292,-1.6562007962318959,-2.2243653107157884,-1.530002530068763,-0.7245019463753208,-1.9943582933163886,-1.5730991827602239,-0.7711065308493797
0.16659796316843153,-0.4146665791082593,0.5555748548744983,-0.19598357521896068,-0.2768914431430852,0.31710580373817315,-0.7527927544519885,-1.2615087562840905,-0.6796791355505106,0.38910700786658775,0.49504331661317713,-0.5311318177317231,0.18720856952582632,0.16782181920804665,0.13248194402710767,0.9328770124871317,1.1365011400876446
0.16659796316843153,0.13996514345491606,-0.7432263238833442,1.5444287057122081,0.22270130935603663,-0.11668047623298272,-0.3249349971374731,0.6216431358584676,-0.1844434803938194,-0.014476959580863336,0.0644151135144811,0.8344485496562106,-0.34571807279802974,0.15559582453284188,0.6131952764824403,1.6587459793863646,1.665252321673973
-0.40717353592403127,0.3618178324801865,0.6483463676429156,-0.2926731463818035,-0.6337434092138979,-0.5504667562041392,0.3406215142406619,-1.669395407018331,0.458427427137323,-0.46927668735086014,-1.1261033748247806,0.626367318418226,-0.6658569205006668,-0.3868407229678098,0.09294959760808355,-1.9936423143764481,-1.4112275846610522
-0.9809450350164927,0.4727441769928217,-0.27936876004125744,0.7709121364094663,0.568847716444734,0.40386305973240444,0.958638274806073,0.6371569160108173,0.9570118315684041,0.4646490664410443,-0.6932854294294668,0.8941003682385685,-0.8860480731307054,-0.9758728332089373,0.4186961321008417,-0.1271221137784164,-0.11056866991986344
-0.8170103209900755,-0.08188754557035371,0.8338893931797494,0.674222565246624,1.4716831906039007,0.577377571720867,2.1233621697178093,1.3747600691022437,1.7248185585622304,0.6111230874510375,-0.181944011356822,0.65000697728092,-0.46151558533570025,-0.8349654337709377,1.1049776659350998,0.14939939742129207,0.13675948860397952
-0.2432388218976127,-1.30207733520934,-0.9287693494201784,0.2874642805952528,0.11564571953480472,-0.8974957801810638,-0.372474747950197,-1.1027788392794577,-0.23578665058535841,-0.8797942129914668,2.3531500368979867,-0.17317372988748742,1.5180402005617846,-0.2433774524804267,-0.3434875068579426,1.243963712586803,1.4168812614113007
1.7239777464193986,-0.8583719571587995,0.27726031656924627,0.4808434229209384,-1.8291974955511063,-0.8107385241868326,-0.8003325052647124,-1.2615087562840905,-0.7398244853787111,-0.7726783407028834,0.27898054678469525,1.0381184806011126,1.4579432882012167,1.7404859647741593,0.5610125792093286,-0.9912518362775046,-1.3107881248907456
-0.16127146488440414,0.6945968660180921,0.5555748548744983,-0.5827418598703313,-0.20552104992893064,-0.29019498822144535,-0.7527927544519885,-1.3502935043163888,-0.6796791355505106,-0.18954169161124898,-0.4530766625927352,-0.9454102344749934,-0.8027122152363703,-0.15549017327302114,-0.21540270446030418,1.1172246866202706,0.6347450688948513
1.64201038940619,0.9164495550433619,1.8543760336323394,-0.5827418598703313,-1.5544214816766033,-0.9842530361752951,-1.5371986428619333,-0.2623408272713978,-1.857375591346672,-0.9902064706735354,-1.046183466153937,-0.3818977256151408,-0.4996736879031804,1.6518059693217555,0.3823263733953396,-0.7032085954444752,-1.5742411487611003
-1.4727491770957455,-0.4146665791082593,0.3700318293376636,-0.19598357521896068,1.6857943702464042,0.4906203157266358,1.8856634156541896,1.2925582317819888,1.5825631775358782,0.5386334452652105,0.4086192457654491,-0.4599709575296376,-0.38519609417995426,-1.479293990032078,0.034441724907927754,0.702442419820709,0.426124609523703
-0.8989776780032841,0.9164495550433619,1.0194324187165842,-0.48605228870748857,1.4431350333182469,0.40386305973240444,1.2201069042760546,1.3385210754711645,1.146348593970529,0.4646490664410443,-0.8445270207653427,-0.5646596036173896,-1.0911593285702312,-0.9143682094081705,0.09294959760808355,0.11483420852132928,-0.4459016905587427
-0.03832042936459058,0.3618178324801865,0.5555748548744983,-0.776121002196017,1.22188681435432,-0.029923220238752032,0.6496298945233675,1.055658166400302,0.7175504210839777,0.0699531769801072,-0.5573766960915923,-0.8048876315912007,-0.5661476272043177,-0.06892408320678763,-0.38934502870401033,-0.09255692487845361,0.40029273568501167
-0.48914089293723984,-1.1911509906967048,0.09171729103241152,-0.9695001445217023,-0.4802970638034338,-0.37695224421567664,-0.7052530036392646,-0.37153224913899335,-0.6206580639591687,-0.28038490449683706,0.5229982888300791,-0.42380767075511966,1.136719961830368,-0.47081618095277133,-0.7451361464752272,-1.7747294513433443,-1.7567489530561837
-1.3088144630693284,0.9164495550433619,-0.37214027280967477,-0.19598357521896068,0.3475994974808468,1.53170738765741,-0.08723624307385346,0.012563308347125364,0.06044938971628145,1.3246228858805913,-0.9597592752731111,-0.09756924284652879,-1.1865602383552394,-1.2922354599285377,-0.357719151568791,-0.3114697879115554,-0.37346013131546524
-1.3907818200825368,-0.8583719571587995,-0.27936876004125744,-0.2926731463818035,1.8642203532817907,1.0979211076862543,1.7786989763255607,1.3904939102015168,1.5163958702804372,1.017759471287118,1.1086509355337721,-0.5721331982409577,0.15286174251546122,-1.4028918347647705,-0.3814385594202055,0.7600510679873137,0.682838883697007
-1.3907818200825368,-0.6365192681335294,0.9266609059481667,0.7709121364094663,2.2210723193526034,0.577377571720867,1.2676466550887786,1.4804797598122794,1.1795861155578766,0.6111230874510375,0.6089646519602862,0.5606569685691832,-0.12501320868938304,-1.410005072091145,1.261525757754435,0.5641816642208538,1.0412761890114826
0.08463060615522153,0.6945968660180921,-0.6504548111149269,-0.48605228870748857,-0.776484195642207,-0.7239812681926012,-1.1331107609537798,-1.2615087562840905,-1.196344832782428,-0.6686677176331566,-0.819108470043752,-0.43922340913894575,-0.7421045883349566,0.09956179393038843,-0.7040225061994421,-0.2538611397449497,-0.5413673112669417
1.887912460445817,-0.8583719571587995,0.6483463676429156,-0.6794314310331742,-1.0619657684988653,-1.1577675481637577,-0.8478722560774363,0.967753400325564,-0.8011377787729798,-1.2217781224792306,0.38268934537833016,-0.4195312886914992,1.526631790605731,1.8794006040393219,-0.26126022630637236,-0.8990779992109351,-1.2911334382743507
-0.8170103209900755,0.02903879894228149,1.2977469570218363,0.5775329940837812,1.22188681435432,0.14359129174971055,1.6955044124032939,1.0235046919343256,1.4639563547699697,0.2330774146353509,-0.054365194545805934,0.25081040800671595,-0.5487388820078443,-0.8295735222220879,1.3216149243113522,0.8407031754205623,0.8365465553582728
0.49446739122126576,-1.30207733520934,1.5760614953270884,0.7709121364094663,-0.20552104992893064,0.40386305973240444,0.8397888977742632,-0.9639457283928805,0.8670474726790395,0.4646490664410443,2.1586962826008995,0.3943029303375325,1.9044125436241575,0.4876364498887995,1.7153570946448322,0.9559204717537736,1.228677609157996
-1.0629123920297012,-0.5255929236208943,-0.0938257345044232,0.8676017075723091,0.7222940618551981,0.05683403575547927,1.2201069042760546,0.6675483294242277,1.146348593970529,0.1524422178765131,0.23389176445692678,0.9290438963953106,-0.12637014069902552,-1.0593097487533794,0.6242643334797667,0.01113864182143783,0.10322618654009132
2.37971660252507,1.0273758995559972,0.3700318293376636,-0.2926731463818035,-1.7257104253905664,-0.8974957801810638,-0.7290228790456266,-0.6779572458674805,-0.6500306980473303,-0.8797942129914668,-1.010367898918756,-0.20488149528521302,-0.39756874225032834,2.383375262317279,-0.0493668495004033,-0.3114697879115554,-0.25842004720155165
-0.40717353592403127,0.02903879894228149,-0.27936876004125744,-1.066189715684545,0.6866088652481208,0.40386305973240444,0.6020901437106435,1.2175527565910902,0.679043414640239,0.4646490664410443,-0.6099488378415133,-0.8140500883674566,-0.42608066677463846,-0.4170489818127974,-0.9633546987082403,-1.0834256733440741,-1.1759329077390808
-0.3252061789108227,-1.4130036797219752,-1.0215408621885957,-0.3893627175446463,-0.7550730776779766,0.05683403575547927,-0.5388638757947308,-0.9005446326752814,-0.42236199546769626,0.1524422178765131,1.5926179541719996,-0.16208823305182188,1.7670337643764862,-0.30353784915927357,-0.8210382515997536,-0.6916868658111532,-1.0138820221671805
1.0682388903137285,-0.4146665791082593,1.2049754442534188,1.2543599922236803,-1.1868639566236356,-0.8974957801810638,-0.6339433774201787,-0.6779572458674805,-0.5341448331772878,-0.8797942129914668,0.06292296237453784,1.3902413400010574,0.5020311345640053,1.0769337796772542,1.946225997731933,-0.04647000634516785,-0.31754455347209143
0.5764347482344758,-1.0802246461840699,0.27726031656924627,-0.2926731463818035,-1.2332547122128679,-1.0710102921695264,-1.5371986428619333,-1.5525277109205653,-1.857375591346672,-1.1041244592143058,0.7399065559941239,0.03168370656272461,1.4083325297493,0.5944453695242041,-0.09680566520323225,-0.8760345399442933,-0.8645064038825904
2.0518471744722344,0.2508914879675513,0.8338893931797494,0.4808434229209384,-1.4794825688017172,-0.37695224421567664,-1.2281902625792278,0.21027931237287534,-1.3398938880642481,-0.28038490449683706,-0.8272432964972579,1.1089902057689915,0.09562632282493436,2.053052479799561,0.921547578550828,-1.106469132610717,-1.1236273743762706
1.7239777464193986,0.4727441769928217,-0.0938257345044232,-0.09929400405611787,-1.3831325379626005,-0.6372240121983705,-1.6085082690810193,-0.6779572458674805,-1.9898790353189013,-0.5675873644269371,-0.8229216707382471,0.17683353628408438,-0.17769656393172156,1.727534389011594,-0.13475671776549558,-0.6916868658111532,-0.8492639938535488
-1.2268471060561197,2.580344722732889,-0.27936876004125744,-0.6794314310331742,0.18701611274895932,0.8376493397035604,-0.27739524632474916,0.11582080670469919,-0.13392183626255794,0.8201986452008109,-1.6121761900075895,-0.46795031031886525,-1.6781545133366997,-1.2086641811881258,-0.6723966290642228,-0.7723389732444028,-0.7207464103455397
1.3961083183665643,0.13996514345491606,-0.18659724727284058,-1.066189715684545,-1.2618028694985217,-0.7239812681926012,-0.372474747950197,-0.19509495404983115,-0.23578665058535841,-0.6686677176331566,-0.40048711881891064,-1.0963513142405292,0.009567835769658596,1.4014926974930422,-0.9285662338594992,-0.1501655730450593,-0.4587775158727503
-0.3252061789108227,-0.1928138900829889,-0.001054221736005843,-0.0026044328932750627,1.3646276007826688,0.750892083709329,0.4832407666788337,1.117297201065335,0.5806698696426701,0.7518515263711428,0.3986482731414234,-0.5007404305106781,-0.20907071858629486,-0.3524379952555495,-0.006671915367857159,1.439833116353263,1.0425196487770094
-0.8170103209900755,0.02903879894228149,-0.001054221736005843,0.2874642805952528,0.6366495899981968,-0.029923220238752032,1.64796466159057,0.6059092947591945,1.4335952035886472,0.0699531769801072,-0.3136375614171362,0.30152033189961963,-0.5487388820078443,-0.816911351934648,0.22577828157600435,-0.00038308781188310046,-0.08874795661513347
-0.48914089293723984,-1.4130036797219752,2.503776623011261,0.674222565246624,-0.20552104992893064,-0.6372240121983705,-0.6101735020138167,-1.2615087562840905,-0.5058259402618857,-0.5675873644269371,2.4222869601463133,0.35551187004547086,1.6754492471439004,-0.4770534848539308,2.2435092428029946,0.8176597161539204,0.7458141040801458
-1.0629123920297012,2.580344722732889,0.18448880380082888,-1.8397062849872867,-0.027095066893504497,2.52941583159107,0.7209395207424534,-1.1027788392794577,0.7744444899712012,2.0178152806316993,-1.2868142644031217,-2.0674194395078134,-1.6512177638609042,-1.0435511496337155,-1.4345802680230073,0.9328770124871317,0.5739358752000489
-0.8989776780032841,0.2508914879675513,0.9266609059481667,1.1576704210608375,1.1505164211401653,-0.9842530361752951,1.7668140386223798,1.0661721522227117,1.5089576209163353,-0.9902064706735354,-0.5161163821740897,1.2494015990406806,-0.7286370797946958,-0.9081160092466116,1.6347111079500232,0.01113864182143783,0.10322618654009132
-0.5711082499504484,-0.8583719571587995,-1.3926269132622648,0.2874642805952528,-0.41963222957139446,-0.4637095002099079,-0.6339433774201787,-1.3502935043163888,-0.5341448331772878,-0.37358794334610596,1.0049421369401381,0.0561229360922633,0.4963042545380289,-0.552633502386308,-0.6281204010749158,0.5987468531208185,1.208942699330925
-0.735042963976867,2.580344722732889,0.3700318293376636,0.2874642805952528,1.6501091736392872,0.6641348277150978,0.8397888977742632,0.47129374484483205,0.8670474726790395,0.6821771964116963,-1.225808903352284,-0.26567918064395124,-1.5973442649093137,-0.7588400440366874,0.45348459694958304,1.5320069534198324,1.3508174474170127
1.7239777464193986,-0.08188754557035371,-1.485398426030682,-0.19598357521896068,-1.7328474647119898,-1.0710102921695264,-1.3708095150173996,-1.3502935043163888,-1.5682489367817558,-1.1041244592143058,-0.06671186354519054,-0.35785941074760713,0.3271312053272192,1.7376856521055324,-0.9459604662838696,0.3913557197210367,-0.06347764525119923
-0.5711082499504484,0.9164495550433619,-0.7432263238833442,-1.1628792868473878,-0.34826183635723984,0.4906203157266358,1.1012575272442449,-1.1027788392794577,1.0616910995893223,0.5386334452652105,-0.9309512116461691,-1.1568151848600596,-1.0148386007422243,-0.554237751933194,-1.2021300710791458,-0.3114697879115554,-0.37346013131546524
-0.9809450350164927,-1.52393002423461,-0.5576832983465095,-0.09929400405611787,0.6509236686410436,-0.37695224421567664,0.0791528847706803,0.8846715810477487,0.22123137754992137,-0.28038490449683706,2.353145407079764,-0.12377880533565787,1.7081558071547396,-0.9776147565210574,-0.3877637348472495,0.02266037145475876,0.11614212345943556
-0.48914089293723984,-0.4146665791082593,0.462803342106081,-0.5827418598703313,0.008590129713572809,0.40386305973240444,0.7684792715551773,-0.8405723409223997,0.8118122088706097,0.4646490664410443,-0.23956128559250925,-0.23301776292325863,-0.04175329595648629,-0.481907021601946,-0.25809763859285034,-1.0719039437107531,-0.14470364606384536
-0.40717353592403127,2.580344722732889,-1.0215408621885957,-2.3231541408015004,0.36544209578438547,0.05683403575547927,0.1504625109897662,0.6971292077636988,0.28770826227459045,0.1524422178765131,-1.5308357086064726,-2.366353747648413,-1.543470765957723,-0.40972170875687164,-2.0228215827380858,-0.5073391916780153,-0.3656784798795865
0.16659796316843153,-0.5255929236208943,-0.8359978366517611,-0.776121002196017,0.9542478398012005,-1.0710102921695264,-0.9904915085156082,1.1371051774244474,-0.9925621679584964,-1.1041244592143058,1.0455263697313806,-1.2880010661917982,0.3215986453955487,0.13775545827021174,-0.9823302249893717,1.8891805720527894,1.8078891902615153
-0.5711082499504484,0.13996514345491606,0.6483463676429156,-0.9695001445217023,0.8364866909978534,0.40386305973240444,1.5053454091523981,1.2401445191878813,1.3407198199493684,0.4646490664410443,-0.6150573798958602,-0.7853214563359417,-0.558889617938643,-0.5807741898704644,-0.526917594242214,-0.8299476214110075,-1.1361421952422184
-1.3088144630693284,-0.08188754557035371,-0.18659724727284058,-1.452948000335916,0.8650348482835073,0.40386305973240444,1.1487972780569686,0.71162898546923,1.0958269498392674,0.4646490664410443,-0.41240830698008496,-1.3525635126714295,-0.6141568996575558,-1.3027500610792588,-1.2258494789305603,-0.7953824325110447,-0.7738140642098028
0.2485653201816401,-0.7474456126461646,2.503776623011262,0.8676017075723091,-0.5124137407498193,0.14359129174971055,-0.27739524632474916,-1.3502935043163888,-0.13392183626255794,0.2330774146353509,0.5259070572870819,0.9410670084027187,0.6614845972830221,0.2540579648456185,2.4838659090306607,-0.011904817445205055,-0.31004368327359194
1.7239777464193986,1.803860311144443,-0.9287693494201784,-0.6794314310331742,-1.4116806952482543,0.8376493397035604,-0.22985549551202525,-0.29755702949821744,-0.08419584172473729,0.8201986452008109,-1.4180686641811189,-0.43732958514931153,-0.9211712516402492,1.7283623100731509,-0.9601921109947184,-0.8529910806776504,-0.8654690824107394
-0.5711082499504484,-0.4146665791082593,0.5555748548744983,-1.066189715684545,-0.13415065671477602,-0.4637095002099079,0.45947089127247176,-1.1027788392794577,0.5606219585172659,-0.37358794334610596,-0.06671314389705361,-0.9480203475581008,-0.07037352914177525,-0.5590466247986982,-0.6502585150695693,-0.6686434065445114,-0.13599942770515705
-1.2268471060561197,-0.8583719571587995,0.09171729103241152,-0.5827418598703313,1.0077756347118563,0.40386305973240444,0.12669263558340424,0.48904159866142893,0.2657044422539355,0.4646490664410443,1.5234861299083111,-1.070554141468213,0.22155024491997485,-1.2255286894660975,-0.4288773751230345,1.6472242497530438,2.044026210895616
-0.2432388218976127,-0.4146665791082593,0.9266609059481667,-0.8728105733588598,0.7294311011766215,-0.8107385241868326,-0.06346636766749149,0.8342439337995095,0.08392559745065886,-0.7726783407028834,0.019710926950674022,-0.8101090555038901,0.04410740359938106,-0.25766631079297564,-0.3245119805768114,-0.4151653546114458,-0.06227429709101181
1.3141409613533543,0.02903879894228149,-0.0938257345044232,1.0609808498979947,-1.0976509651059425,-0.9842530361752951,-0.7290228790456266,-0.9005446326752814,-0.6500306980473303,-0.9902064706735354,-0.20252083275799485,0.9203427218031405,0.08908383720482362,1.3162940755239219,0.7760685437288196,0.43744263825432145,0.6752176786824862
-0.40717353592403127,-0.4146665791082593,1.761604520863923,-0.3893627175446463,0.11921423919553623,-0.6372240121983705,-0.49132412498200684,-0.3339280649364083,-0.3679203813793834,-0.5675873644269371,0.27898313949385767,-0.5356691794752654,-0.013133062771197334,-0.4040951478896465,0.554687403782285,0.33374707155443106,0.8989602132666575
0.6584021052476844,-0.9692983016714347,1.3905184697902535,-0.48605228870748857,-1.0976509651059425,-1.8518255961176076,0.4832407666788337,-0.9005446326752814,0.5806698696426701,-2.334649750106048,0.6064811110942445,-0.24190058524446575,1.217532445235827,0.6715445443828996,0.27005450956531174,-0.7723389732444018,-0.8293686376051185
-1.2268471060561197,1.6929339666318077,0.27726031656924627,-0.5827418598703313,0.044275326320650114,0.9244065956977916,-0.6577132528265406,-1.4468080202105298,-0.5627200091491062,0.8872681726876441,-1.2887064665967334,-0.496663906350726,-1.4501323271280744,-1.2057232556459698,-0.34348750685794216,-0.39212189534480396,-0.2918731260547609
-0.9809450350164927,0.8055232105307267,0.8338893931797494,2.221255703852108,1.9712759431030227,0.40386305973240444,1.2438767796824166,1.3587998340437553,1.1630110885471505,0.4646490664410443,-0.34326691119699443,1.2292485766324026,-1.0589957396820593,-1.005526796653174,2.5724183650092747,2.154180353619177,1.945431884970933
-0.16127146488440414,-0.5255929236208943,2.318233597474426,0.8676017075723091,1.3574905614612454,0.31710580373817315,0.7922491469615393,1.1272454040653126,0.8303315311366507,0.38910700786658775,0.18880095305279065,0.9898534310512511,0.20214030243699554,-0.1921986008822418,2.351037225062739,-0.10407865451177352,0.917491774933544
-0.8989776780032841,0.02903879894228149,0.6483463676429156,1.0609808498979947,1.114831224533088,-0.29019498822144535,2.0282826680923614,1.1565656274395786,1.668683117491461,-0.18954169161124898,-0.3136375614171362,1.0985376197343641,-0.5732705250544853,-0.9073528421653128,1.3326839813086795,0.09179074925468639,0.1936377449755024
-0.8989776780032841,-0.08188754557035371,-0.0938257345044232,0.38415385175809563,0.5866903147482727,0.31710580373817315,1.8381236648414658,0.7400720105381283,1.5533265298124252,0.38910700786658775,-0.41240830698008496,0.6872912130519433,-0.48695580438934283,-0.8960400413708015,0.24475380785713557,-0.5764695694779419,-0.6389989586634773
1.4780756753797728,1.3601549330939027,1.6688330080955056,0.19077470943241,-1.1618843189987134,-1.5047965721406826,-0.5864036266074547,0.25465391759127637,-0.477758774168862,-1.7352404416114184,-1.3544293364483366,0.7620917055748546,-0.774427716599842,1.4792975239876294,1.1445100123541239,-1.1410343215106797,-1.2918554471704629
2.2977492455118615,-0.6365192681335294,-1.485398426030682,1.2543599922236803,-1.9184104870688392,2.52941583159107,-1.5134287674555713,-0.9005446326752814,-1.8144152634103718,2.530809295077329,0.04328003886692201,1.848893998138585,1.2799795245782597,2.3085488361738897,-0.16322000718719243,-0.7608172436110819,-0.8437285923166898
-0.5711082499504484,-0.1928138900829889,0.5555748548744983,-0.776121002196017,0.8150755730335832,0.23034854774394187,0.982408150212435,1.0765874137159805,0.9747011517543914,0.3119402649770985,-0.27944850007855215,-0.6373086140663555,-0.28832677434803294,-0.5802961852853329,-0.38934502870401033,-0.6110347583779058,-0.7328200035527532
-0.5711082499504484,1.803860311144443,0.18448880380082888,2.3179452750149507,1.0791460279260108,0.4906203157266358,-0.3249349971374731,0.47129374484483205,-0.1844434803938194,0.5386334452652105,-0.7581017823209475,1.0661912825656852,-1.3582810954171298,-0.5861875534379815,2.033197159853786,2.730266835285236,2.246349148228455
-0.48914089293723984,-0.8583719571587995,-0.5576832983465095,2.3179452750149507,-0.24120624653600795,2.52941583159107,-0.9667216331092462,-1.1793069189638352,-0.9598413011043403,2.530809295077329,0.4345437446751472,2.9004097025055304,0.5306485057402854,-0.4762439918829725,1.3121271611707865,-0.42668708424476676,-0.5577328462454902
1.1502062473269372,-1.1911509906967048,0.741117880411332,0.19077470943241,-1.4866196081231404,-0.29019498822144535,-1.2757300133919518,-0.9005446326752814,-1.4141922664956448,-0.18954169161124898,1.3160648724320336,0.25692394778393385,1.944819277093519,1.1657590145440586,0.5910571624877866,-0.13864384341173835,-0.9748935417771122
0.08463060615522153,0.02903879894228149,-0.18659724727284058,0.19077470943241,-0.7122508417494758,0.9244065956977916,0.24554201261521405,-1.031191601614447,0.37422149305647134,0.8872681726876441,-0.1284430136519002,-0.028116735033364492,-0.27889080849479214,0.09799811641257503,0.03760431262144934,0.5641816642208538,0.5959571465314791
-1.1448797490429112,0.6945968660180921,2.503776623011262,2.3179452750149507,1.0791460279260108,2.2257654356112604,0.293081763427938,1.1272454040653126,0.4166051548611586,1.7667958020916799,-0.7276005181809976,2.268193532543942,-1.0451427228420263,-1.14689099835284,4.286540905738161,0.4259209086210005,-0.1209976873081553
-1.1448797490429112,0.4727441769928217,0.462803342106081,2.3179452750149507,2.185387122745526,0.577377571720867,0.6020901437106435,1.5736881117107957,0.679043414640239,0.6111230874510375,-0.36919482615751553,1.791399315319417,-0.9289784676276137,-1.1697379205538114,2.303598409359912,1.20939852368684,1.208100355618793
-0.48914089293723984,-1.1911509906967048,0.462803342106081,-0.9695001445217023,0.015727169034996193,0.40386305973240444,0.22177213720885208,0.37802730506175736,0.3528143914340528,0.4646490664410443,1.0110392633543592,-0.777594298312254,1.136719961830368,-0.4820687052301408,-0.5996571116532183,-0.8529910806776504,-1.2417159404959892
-0.07930410787119559,0.4727441769928217,-0.46491178557809215,0.38415385175809563,0.25838650596315355,0.6641348277150978,1.4815755337460363,-0.9005446326752814,1.3249714810949178,0.6821771964116963,-0.8553307310654422,0.780103083558085,-0.6499309033977106,-0.08613336948405252,0.01072231705651328,-0.74929551397776,-0.013859589446138876
0.08463060615522153,0.02903879894228149,-0.5576832983465095,0.8676017075723091,-0.6159008109103592,-0.8974957801810638,0.10292276017704227,-1.3502935043163888,0.24354620819824443,-0.8797942129914668,-0.1284430136519002,0.6232714106313088,-0.27889080849479214,0.09565366407543419,0.2921926235599645,0.6448337716541023,0.6531562957457179
-0.653075606963657,2.247565689194983,-0.18659724727284058,-2.3231541408015004,-0.5409618980354731,-0.029923220238752032,-0.9191818822965222,-1.669395407018331,-0.8953995665596088,0.0699531769801072,-1.4278893339399634,-2.3755671073742324,-1.501382266763508,-0.6303717786199708,-1.8947367803404478,-0.42668708424476676,-0.6144506561956539
0.002663249142012967,-0.4146665791082593,-1.0215408621885957,0.19077470943241,-0.41963222957139446,-0.11668047623298272,-1.5847383936746573,-2.1191442786594386,-1.9450905482686016,-0.014476959580863336,0.9271636708518153,-0.5235796986862515,0.12996810315524793,0.01044245118876866,-0.46050325225825417,2.131136894352533,1.9580670406528993
-0.8170103209900755,-0.08188754557035371,0.9266609059481667,1.2543599922236803,1.2932572075684745,0.40386305973240444,1.4102659075269504,0.8470673968451634,1.2772496347645668,0.4646490664410443,0.3942167277013349,0.4573386875320475,-0.46151558533570025,-0.8311148406591367,1.7280074454989194,1.9467892202193962,1.980128423589669
-1.3907818200825368,-0.5255929236208943,-0.5576832983465095,0.19077470943241,2.8794641967532866,1.2714356196747167,1.7668140386223798,1.6411287381940916,1.5089576209163353,1.143671170989933,0.5495274442858812,-0.09131738782092658,-0.2458284836575787,-1.4230917261958844,-0.18377682732508532,0.7370076087206718,1.6299541089751446
0.16659796316843153,-1.0802246461840699,0.09171729103241152,0.38415385175809563,-0.5766470946425505,-0.029923220238752032,-0.8003325052647124,-1.1027788392794577,-0.7398244853787111,0.0699531769801072,1.200834293673926,0.34980759813193296,1.2175312401813938,0.1751739775761042,0.36176955325744714,0.12635593815464918,0.11124850760800693
1.0682388903137285,0.4172810047365041,-0.8359978366517611,-0.5827418598703313,-1.3688584593197537,-1.5047965721406826,-1.6085082690810193,-1.0664078038412668,-1.9898790353189013,-1.7352404416114184,-0.922721094084905,-0.17062939004250446,-0.3088728980540004,1.0818759587844615,-0.8558267164484946,-1.215925564127268,-0.8881521952302719
0.740369462260893,-0.6365192681335294,-0.27936876004125744,0.7709121364094663,-0.4731600244820104,-0.8107385241868326,-0.5150940003883688,0.5573226723308153,-0.39502385590537664,-0.7726783407028834,0.37326272983805087,0.8345682138756949,0.6867603705319218,0.7357953831885822,0.4186961321008417,-0.011904817445205055,-0.04181737836782578
1.3141409613533543,0.13996514345491606,-1.485398426030682,1.5444287057122081,-1.597243717605104,-1.0710102921695264,-0.9191818822965222,-1.3502935043163888,-0.8953995665596088,-1.1041244592143058,-0.2932019882804355,1.391891777744127,-0.014117891468187425,1.3302083468021892,-0.006671915367857159,0.5065730160542481,0.18449229895807692
-0.735042963976867,-0.5255929236208943,-0.5576832983465095,-0.5827418598703313,1.792849960067636,-0.8974957801810638,0.6733997699297294,1.382654886767133,0.7366292428455685,-0.8797942129914668,1.1357079925396536,-1.176006668927741,-0.006911797740472859,-0.7619466873942096,-0.7277419140508565,2.142658623985856,0.8886114190890461
-1.2268471060561197,-0.6365192681335294,-0.8359978366517611,2.221255703852108,1.507368387210978,1.011163851692023,0.5070106420851956,1.4136839645840367,0.6005912946825762,0.9531069969387995,0.18470119214026343,2.6817365543799663,-0.06256908721082094,-1.2357559844476405,0.9784741573942235,-0.29994805827823445,-0.9367072934938323
0.002663249142012967,-1.30207733520934,-0.27936876004125744,-0.0026044328932750627,-0.5980582126068206,2.52941583159107,-1.9175166493637248,-1.5525277109205653,-2.638575655563282,2.1135040246364536,2.6772396273931323,-0.5971948200487183,1.6468309815825748,0.014739684396661307,-0.16322000718719243,1.785485005352899,1.8037978065168792
1.0682388903137285,0.3618178324801865,-0.0938257345044232,0.674222565246624,-0.9549101786776333,-1.4180393161464513,-1.2044203871728658,-1.031191601614447,-1.3033901821391358,-1.599823795294917,-0.22283159095442331,0.19390831906874653,-0.2670197473152709,1.0706422962309314,0.4724601232307147,1.232441982953482,1.2333706669827271
-0.48914089293723984,-0.7474456126461646,-0.27936876004125744,-1.1628792868473878,0.3154828205344614,0.23034854774394187,-0.11100611848021542,-1.031191601614447,0.03679732860017462,0.3119402649770985,0.7728328270158636,-1.312678446818769,0.3671052311737041,-0.488853546254452,-1.0360942161192446,0.3222253419211091,0.9474150325168685
0.5764347482344758,1.0273758995559972,0.5555748548744983,-0.09929400405611787,-0.6337434092138979,-0.29019498822144535,0.6733997699297294,-1.031191601614447,0.7366292428455685,-0.18954169161124898,-0.5899258576636206,-0.5883394128392789,-0.8059878029108563,0.5790161742292861,0.21945310614896074,1.439833116353263,0.9379486936567286
-0.9809450350164927,-0.3037402345956241,0.5555748548744983,1.3510495633865227,0.8079385337121995,-0.11668047623298272,0.43570101586610976,0.8081435013633709,0.5404459448543757,-0.014476959580863336,0.030082292511364635,1.3515766811647534,-0.3210863413983214,-0.9809448899873068,1.5240205379767555,0.20700804558789773,0.10884181128763211
0.16659796316843153,-0.6365192681335294,-0.001054221736005843,-0.19598357521896068,-0.18410993196466047,-1.2445248041579886,-0.15854586929293935,0.48904159866142893,-0.011045032048426011,-1.3434207969926282,0.4204031142624984,-0.21396626825883572,0.46820594535695526,0.16554867136036847,-0.16163871333043164,-0.011904817445205055,-0.33984660604089806
-0.3252061789108227,2.580344722732889,-0.18659724727284058,-1.7430167138244441,0.6866088652481208,-1.0710102921695264,-0.30116512173111115,0.9791300867159248,-0.1590816139620979,-1.1041244592143058,-1.5918410696573104,-1.6843911411559245,-1.5300023912198255,-0.33685999871810507,-1.4488119127338561,-0.7838607028777238,-0.4083572279608988
-0.8989776780032841,-0.3037402345956241,0.18448880380082888,0.09408513826956774,0.2012901913918061,1.0979211076862543,0.9110985239933491,-1.2615087562840905,0.9213330859079093,1.017759471287118,0.3204672189570159,-0.2299937024386187,-0.2936109129612247,-0.8877635004943357,0.17833946587317584,0.8637466346872041,0.6647886612941957
-1.3088144630693284,-0.1928138900829889,-1.0215408621885957,2.3179452750149507,1.0077756347118563,-0.20343773222721404,1.0061780256187969,0.7400720105381283,0.992291923684418,-0.10094175185183701,0.1992080457237835,1.830150888852368,-0.5260949416332468,-1.3056452563332468,0.8614584119939119,1.1402681458869126,0.8617767551168676
0.6584021052476844,-0.9692983016714347,2.503776623011262,-0.48605228870748857,-0.2768914431430852,-0.8974957801810638,-1.4183492658301236,-0.1316938583322322,-1.6481908116124702,-0.8797942129914668,1.043149621839462,-0.5758546550024547,1.217532445235827,0.6502639355183097,0.8013692454369957,0.14939939742129207,-0.6830816129316745
-1.0629123920297012,-0.4146665791082593,0.27726031656924627,-1.066189715684545,0.5973958737303879,0.8376493397035604,0.269311888021576,0.7400720105381283,0.3954844380192065,0.8201986452008109,-0.15313721474478162,-0.8754415664119913,-0.24209492825350898,-1.05668793282877,-0.7546239096157931,-0.8990779992109351,-0.8904185009319578
1.2321736043401457,-1.0802246461840699,1.1122039314850014,0.38415385175809563,-0.9192249820705559,-0.29019498822144535,-0.9904915085156082,-1.2615087562840905,-0.9925621679584964,-0.18954169161124898,1.7769939657736789,-0.09455237951216028,1.7136145930579498,1.2307811817402023,1.005356152959159,1.2785289014867658,0.9752524866225356
0.16659796316843153,0.02903879894228149,-0.001054221736005843,-0.5827418598703313,-0.41963222957139446,-0.6372240121983705,-0.396244623356559,-0.7295580473227278,-0.26177474292628716,-0.5675873644269371,-0.2765986518640887,-0.6325883644325706,-0.2543591654481511,0.17132129506736343,-0.4715723092555806,0.011138641821438854,0.7008891060998181
1.2321736043401457,-0.1928138900829889,-1.3926269132622648,-0.48605228870748857,-0.4410433475356646,-1.33128206015222,-0.396244623356559,0.9329060151260258,-0.26177474292628716,-1.469332496695443,-0.1996724091114963,-0.4060358448313862,0.2928843012380456,1.2176221591998768,-1.0582323301138978,-0.3460349768115192,-0.4403662890218837
2.543651316551487,2.358492033707618,2.503776623011262,-1.9363958561501295,-1.0976509651059425,-0.37695224421567664,-0.5150940003883688,0.11582080670469919,-0.39502385590537664,-0.28038490449683706,-1.6470364911798645,-1.779362276821978,-0.9832964764769972,2.525199446413342,-1.0013057512705033,-1.4060341030770673,-0.9864456841149111
-0.5711082499504484,0.2508914879675513,0.462803342106081,-0.3893627175446463,-0.055643224179198036,0.8376493397035604,1.2201069042760546,-1.2615087562840905,1.146348593970529,0.8201986452008109,-0.44697706788005204,-0.44402291607453087,-0.6370522572814036,-0.5608084230325399,-0.08731790206266664,0.05722556035472257,0.3651950810128807
-1.5547165341089555,0.02903879894228149,-0.27936876004125744,-0.5827418598703313,1.457409111961054,-0.11668047623298272,0.24554201261521405,1.1072589678555496,0.37422149305647134,-0.014476959580863336,-0.46179319962932475,-0.4340502879469415,-0.769523669427614,-1.5547961607696745,-0.5996571116532183,-0.5649478398446199,-0.765591185115187
0.08463060615522153,-0.1928138900829889,-1.3926269132622648,-0.5827418598703313,0.32975689917730816,-1.1577675481637577,-0.44378437416928296,1.0661721522227117,-0.31440155107636625,-1.2217781224792306,-0.5985528639467761,-0.035103959467470386,-0.07697729231673153,0.07271084674952634,-1.1119963212437707,-1.5097296697769589,-1.1590860334964597
-0.8989776780032841,-0.3037402345956241,0.3700318293376636,-0.19598357521896068,0.03713828699922673,1.53170738765741,1.9094332910605516,-1.2196465353772235,1.5970806072237091,1.3246228858805913,-0.05288482933025038,-0.1388460627845286,-0.2936109129612247,-0.8842328449369947,0.034441724907927754,-0.20777422121166497,-0.3169027677866582
-0.5711082499504484,1.3601549330939027,-0.7432263238833442,-0.8728105733588598,0.4368124889985401,1.2714356196747167,0.6733997699297294,0.5573226723308153,0.7366292428455685,1.143671170989933,-0.939593104988405,-1.0865318287935877,-1.203731929883218,-0.5718419319786169,-1.0076309266975474,0.5757033938541757,0.6724098663087165
1.5600430323929815,-0.4146665791082593,-0.5576832983465095,-0.0026044328932750627,-1.2225491532307526,0.05683403575547927,-0.8716421314837983,-1.3502935043163888,-0.8322467535124602,0.1524422178765131,0.6246794228847686,-0.4601921291280054,0.6737525336757391,1.5616354773012422,-0.31976809900652814,1.3015723607534098,0.8966738517623012
1.2321736043401457,0.02903879894228149,-1.485398426030682,0.19077470943241,-1.2689399088199451,-1.33128206015222,-1.109340885547418,-0.16294147958385466,-1.1614545839158594,-1.469332496695443,-0.20252083275799485,0.060147229384075754,0.06455219415818257,1.2404274921163645,-0.7372296771914226,0.33374707155443,-0.3412906238331238
1.2321736043401457,-0.5810560958772119,0.8338893931797494,1.4477391345493653,-0.7051138024280525,2.52941583159107,-0.8003325052647124,-0.6779572458674805,-0.7398244853787111,2.530809295077329,0.11765738782018001,1.8254774889132648,0.790140455878781,1.2248846858971134,1.8386980154721868,-0.38636103052814247,-0.28537504598974855
0.2485653201816401,1.1383022440686323,-0.46491178557809215,-0.0026044328932750627,0.15133091614188202,0.14359129174971055,-0.15854586929293935,0.23268850280246456,-0.011045032048426011,0.2330774146353509,-0.7853943803844055,-0.33113738404328547,-0.9334964843473671,0.23765025525273573,-0.2675854017334164,0.886790093953846,1.414153672248207
-0.9809450350164927,2.580344722732889,-1.0215408621885957,-0.5827418598703313,0.4439495283199634,0.4906203157266358,0.958638274806073,0.6216431358584676,0.9570118315684041,0.5386334452652105,-1.4698303475556347,-0.6436249888335552,-1.6377493891230068,-0.9732205352128067,-0.9412165847135866,0.04570383072140165,-0.0380468874659056
-0.3252061789108227,-0.6365192681335294,0.462803342106081,0.5775329940837812,0.4724976856056174,1.011163851692023,1.4340357829333124,-0.7295580473227278,1.293237189907237,0.9531069969387995,0.46754349868694517,0.5250605096290745,0.28087358092126896,-0.33192827242560297,0.766580780588254,0.1954863159545758,1.225629127152188
-0.5711082499504484,0.5836705215054568,1.2049754442534188,-1.7430167138244441,-0.13415065671477602,0.577377571720867,-1.061801134734694,-0.8405723409223997,-1.0928098066275784,0.6111230874510375,-1.0409460887602373,-1.5304298952330027,-0.8431174834962318,-0.5590466247986982,-1.0930207949626394,-1.452121021610351,-1.1404742486188928
1.1502062473269372,-1.30207733520934,2.503776623011262,-0.6794314310331742,-1.0762398471417118,-0.9842530361752951,-0.8954120068901603,-1.1027788392794577,-0.8636652753719254,-0.9902064706735354,0.7327020844222583,-0.04488658999758167,2.2478546263462684,1.154521007010195,0.561012579209329,-1.7516859920767025,-1.3742446845379583
1.1502062473269372,-1.7457827132598804,0.5555748548744983,0.4808434229209384,-1.2546658301770985,-0.8107385241868326,-1.2281902625792278,-1.669395407018331,-1.3398938880642481,-0.7726783407028834,4.168037159760764,-0.024267692684612454,3.96505072998929,1.159403890048801,0.7412800788800787,1.3361375496533725,0.13972774739910715
-0.16127146488440414,2.580344722732889,-1.5781699387990995,-0.8728105733588598,-0.13415065671477602,-0.37695224421567664,-1.798667272331915,-1.4468080202105298,-2.373080236860665,-0.28038490449683706,-1.4698303475556347,-0.937117486002797,-1.50306564174403,-0.15717341017354827,-1.3491903997579155,0.01113864182143783,0.6710059601218317
-1.3907818200825368,-0.3037402345956241,-0.27936876004125744,0.2874642805952528,1.7214795668534815,0.577377571720867,1.4815755337460363,1.3010580220276384,1.3249714810949178,0.6111230874510375,0.19601653619459392,0.07824995567443946,-0.45846348358380373,-1.400042550840717,0.05499854504582021,0.5411382049542119,0.1262502480050101
1.4780756753797728,2.303028861451301,-1.0215408621885957,-0.3893627175446463,-0.7051138024280525,-1.5047965721406826,-0.8716421314837983,0.012563308347125364,-0.8322467535124602,-1.7352404416114184,-0.9933178678943346,-1.0334945211549205,-1.147611805540424,1.4663976022675387,-0.8210382515997536,2.229071596235762,1.7998468133909278
-0.16127146488440414,-0.3037402345956241,0.3700318293376636,-0.09929400405611787,0.5224569608555415,-0.20343773222721404,-0.2536253709183872,1.2221080697668647,-0.10896095216611,-0.10094175185183701,-0.46772043853832396,0.5084768200071064,-0.04633205702735669,-0.17262744760783164,0.11825029931625881,-1.3484254549104606,-1.395704393394633
-1.0629123920297012,-1.8567090577725158,-1.3926269132622648,1.3510495633865227,0.7222940618551981,0.750892083709329,0.24554201261521405,1.0661721522227117,0.37422149305647134,0.7518515263711428,2.8245370072060867,2.14079087446887,2.9035002864276676,-1.0593097487533794,-0.03671649864631567,-0.9912518362775046,-1.838656851159604
-1.1448797490429112,-1.0802246461840699,-0.6504548111149269,-0.48605228870748857,0.9792274774261627,-0.20343773222721404,-0.6577132528265406,0.6216431358584676,-0.5627200091491062,-0.10094175185183701,1.5465300969337774,-0.7464856582752813,0.6069671135640922,-1.1448204060850529,-0.7040225061994421,0.7139641494540279,0.8264384308126983
-0.9809450350164927,1.1383022440686323,0.462803342106081,1.5444287057122081,1.7036369685499428,-0.11668047623298272,0.6733997699297294,1.3426065946362677,0.7366292428455685,-0.014476959580863336,-0.5943514041913448,0.7432240681587766,-1.2046359517975533,-0.9998856655459087,1.6204794632391741,1.8776588424194685,1.7590332549579095
1.8059451034326086,0.2508914879675513,0.27726031656924627,2.3179452750149507,-0.9905953752847105,-0.8974957801810638,0.43570101586610976,-0.9005446326752814,0.5404459448543757,-0.8797942129914668,-0.1358501535568838,1.6785891786093468,0.026937705939965438,1.7967333231465161,2.1233309096891615,1.416789657086621,1.9224078235060142
-0.8170103209900755,0.13996514345491606,-0.7432263238833442,-0.6794314310331742,1.3110998058720131,0.23034854774394187,1.576655035371484,1.3010580220276384,1.3874989776938662,0.3119402649770985,-0.6150573798958602,-0.45926893368105604,-0.629946799652181,-0.8315000736898167,-0.8779648304431482,-0.7953824325110447,-0.963341399439312
-0.735042963976867,-0.3037402345956241,-0.27936876004125744,-1.9363958561501295,2.078331532924294,-0.6372240121983705,1.9332031664669136,1.6030947081425588,1.6115315953532607,-0.5675873644269371,0.48640146264024553,-2.173580605148855,-0.23866005608703236,-0.7681525151890853,-1.618010355407279,1.082659497720308,0.4304566629003774
0.49446739122126576,-0.6365192681335294,-0.0938257345044232,-0.6794314310331742,-0.6551545271781284,-0.29019498822144535,0.8160190223679012,-1.1027788392794577,0.8487428684025978,-0.18954169161124898,0.6089646519602862,-0.8463117260378582,0.5930941883140785,0.49907337369028937,-0.590169348512653,0.3913557197210357,0.6854862496494173
1.64201038940619,-0.1928138900829889,-1.485398426030682,0.38415385175809563,-1.0548287291774419,-1.5915538281349135,-0.7765626298583505,0.3384081935125,-0.7096086050858172,-1.8759688805315238,-0.00023218169385640257,0.26091145381511044,0.4249777275076089,1.6374389755446968,-0.6328642826451989,0.33374707155443,-0.0312279145581774
1.64201038940619,-0.4146665791082593,-0.8359978366517611,-0.0026044328932750627,-1.3474473413555232,-0.7239812681926012,-0.03969649226112952,-0.9639457283928805,0.10722854746078214,-0.6686677176331566,0.14934703322226583,-0.024988847272499847,0.702372766861028,1.6458489990749106,-0.4763161908258634,0.034182101088080716,0.2489115371334416
-1.3088144630693284,2.0257130001697132,0.8338893931797494,0.7709121364094663,1.9712759431030227,2.52941583159107,2.0045127926859996,1.5769942757064204,1.6544919232895583,2.472615008401698,-1.366828854632989,0.8700822232320071,-1.5598673346724534,-1.3251271999605583,1.1966927096272353,-0.08103519524513166,-0.11835032135574214
-0.48914089293723984,1.5820076221191726,-1.8564844771043516,1.4477391345493653,0.7222940618551981,-0.8107385241868326,-0.6577132528265406,0.9847749701421894,-0.5627200091491062,-0.7726783407028834,-0.6593314637405917,0.38710039967643733,-1.2683317977581534,-0.4980432360720552,-0.3624630331390743,2.6035278093187033,1.647522992113882
1.5600430323929815,0.4727441769928217,2.0399190591691743,-0.5827418598703313,-0.776484195642207,-0.8107385241868326,-0.372474747950197,0.21027931237287534,-0.23578665058535841,-0.7726783407028834,-0.7581035500838565,-0.451020566227613,-0.22062695842862964,1.5489315624306452,0.4677162416604319,-0.5188609213113362,-0.09837474189663278
-0.40717353592403127,-0.7474456126461646,-0.6504548111149269,-0.48605228870748857,-0.34826183635723984,0.6641348277150978,0.10292276017704227,-1.1027788392794577,0.24354620819824443,0.6821771964116963,0.27898128755830076,-0.25124976008518296,0.3998140496302949,-0.39339131713635567,-0.7040225061994421,-0.74929551397776,-0.7219898701110665
0.16659796316843153,-0.1928138900829889,0.27726031656924627,-0.09929400405611787,0.044275326320650114,-0.20343773222721404,-0.4675542495756449,0.6059092947591945,-0.3410475775182748,-0.10094175185183701,-0.11989631814444013,-0.08795695592774898,-0.050558607062818665,0.1599582973037267,0.06764889589990829,-0.06951346561181072,0.10162172232650762
-0.16127146488440414,-0.08188754557035371,-0.7432263238833442,0.09408513826956774,1.2932572075684745,-0.029923220238752032,2.147132045124171,1.055658166400302,1.73869785737041,0.0699531769801072,0.5478595914501773,-0.6409283636718531,-0.2579938329065595,-0.19069638784933937,-0.3593004454255523,2.2693976499523885,1.9553394514898086
1.5600430323929815,0.9164495550433619,-1.2070838877254306,-0.9695001445217023,-1.6329289142121812,-2.2856118760887636,-1.6322781444873813,-0.8405723409223997,-2.0353119831112827,-2.588353925259448,-0.7004867026306325,-1.1944276831156035,-0.5187538698601818,1.5733514354476954,-1.2543127683522577,0.6333120420207824,-0.12873922713869168
0.08463060615522153,-0.4146665791082593,1.3905184697902535,-0.0026044328932750627,-0.0627802635005818,-0.29019498822144535,-0.15854586929293935,0.18740804436970973,-0.011045032048426011,-0.18954169161124898,0.14934703322226583,-0.024988847272499847,0.1585883363405369,0.08221942396838831,0.7760685437288201,0.034182101088080716,0.2489115371334416
0.002663249142012967,0.9164495550433619,-0.9287693494201784,-0.2926731463818035,-0.20552104992893064,0.4906203157266358,-1.2519601379855898,0.18740804436970973,-1.3768245475962362,0.5386334452652105,-1.0173754025269952,-0.10775884420828104,-0.8812773270432133,0.005291482517434384,-0.7135102693400082,-0.5534261102113001,-0.3621486586097047
-0.5711082499504484,-0.4146665791082593,-0.5576832983465095,-0.8728105733588598,-0.4517489065177799,0.31710580373817315,-1.109340885547418,-0.9005446326752814,-1.1614545839158594,0.38910700786658775,0.19255906864612965,-0.9468465177143421,-0.07037352914177525,-0.5519113791559563,-0.9317288215730211,0.04570383072140165,0.382001843650165
-0.653075606963657,-1.6348563687472453,2.503776623011262,0.674222565246624,-0.20552104992893064,0.31710580373817315,-0.08723624307385346,-1.3502935043163888,0.06044938971628145,0.38910700786658775,2.831797262794749,0.6173508453608473,2.274265779810423,-0.6378351406443863,2.2435092428029946,0.21852977522121866,0.5805542900810796
0.16659796316843153,0.4727441769928217,0.09171729103241152,-0.776121002196017,-0.6337434092138979,-0.8107385241868326,-0.03969649226112952,-0.9639457283928805,0.10722854746078214,-0.7726783407028834,-0.8553307310654422,-0.5383273640899628,-0.5855353116523485,0.17657580039716278,-0.5870067607991309,-0.8875562695776142,-0.2353558741312948
-1.1448797490429112,-0.8583719571587995,-0.0938257345044232,-0.3893627175446463,2.3531075467987974,-0.37695224421567664,2.361060923781429,1.7648300538855355,1.860940299875757,-0.28038490449683706,0.9530877376433202,-0.5576642828136366,0.2558944961222314,-1.1731894472636983,-0.3624630331390743,0.40287744935435765,0.16740475508341765
1.64201038940619,-0.08188754557035371,-1.6709414515675167,-0.09929400405611787,-1.5044622064266793,-0.9842530361752951,0.958638274806073,0.11582080670469919,0.9570118315684041,-0.9902064706735354,-0.9117476141638206,0.997965021752687,0.30169098627357654,1.6503674406063773,-0.9949805758434597,-2.1319030699763015,-1.7834231706070043
1.2321736043401457,-1.7457827132598804,1.761604520863923,-0.5827418598703313,-0.5409618980354731,-1.1577675481637577,-0.6577132528265406,0.18740804436970973,-0.5627200091491062,-1.2217781224792306,2.266715523251228,-0.1214814468835498,4.022290957859912,1.2203688683433394,0.33963143926279393,-1.3253819956438178,-0.5624259040702201
0.002663249142012967,0.3618178324801865,-1.0215408621885957,-0.8728105733588598,0.06925496394561215,-1.0710102921695264,0.0791528847706803,0.6216431358584676,0.22123137754992137,-1.1041244592143058,-0.323195122495574,-1.1174969746113594,-0.5550688168380568,-0.0013098160846461708,-1.1214840843843366,0.702442419820707,0.6844433479105891
-0.48914089293723984,-1.52393002423461,-1.2070838877254306,-0.48605228870748857,0.16917351444542067,1.1846783636804856,-1.3232697642046756,0.7400720105381283,-1.49028113853604,1.081267593768474,1.9086800798136974,-0.26516630705484673,2.002534472365812,-0.4855433299021118,-0.9696798741352841,-0.7147303250777961,-0.6010533800122357
1.8059451034326086,0.4727441769928217,0.27726031656924627,-0.2926731463818035,-1.4759140491410252,0.6641348277150978,-0.2536253709183872,-0.6286505862834514,-0.10896095216611,0.6821771964116963,-0.7256944897566618,-0.1822995633465557,-0.156231366683267,1.810905636796246,-0.09680566520323225,-0.36907843607816104,-0.5800348988142969
1.9698798174590257,0.3618178324801865,-1.3926269132622648,0.2874642805952528,-0.45531742617847176,-1.33128206015222,0.10292276017704227,0.7814140826901749,0.24354620819824443,-1.469332496695443,-0.12246805941327264,-0.26567918064395124,-0.023285919257529153,1.9420421912649874,-0.6281204010749158,1.5320069534198324,1.0693944243545273
0.33053267719484863,-0.7474456126461646,0.09171729103241152,0.09408513826956774,-1.022712052231096,0.4906203157266358,-0.6101735020138167,-1.1793069189638352,-0.5058259402618857,0.5386334452652105,0.47652190334132616,0.1856010182080241,0.6941934157396129,0.34729098821346427,0.12457547474330284,-0.2192959508449859,-0.7367108292706919
-0.3252061789108227,-0.5255929236208943,-0.9287693494201784,-1.2595688580102304,-0.5409618980354731,-0.029923220238752032,0.38816126505338583,-0.7836769365775159,0.49970298737076374,0.0699531769801072,-0.21701634958443644,-0.9455540391917596,0.1424111309577187,-0.30850384001765635,-1.3302148734767836,-1.3945123734437455,-1.497507647746485
-1.4727491770957455,-0.4146665791082593,-0.37214027280967477,-0.5827418598703313,1.300394246889898,0.31710580373817315,1.9332031664669136,1.0343264089833806,1.6115315953532607,0.38910700786658775,0.019710926950674022,-0.500740504522285,-0.38519609417995426,-1.4716745498287007,-0.6423520457857645,-0.38060016571148303,-0.8492639938535502
1.887912460445817,-0.7474456126461646,1.0194324187165842,0.674222565246624,-1.0976509651059425,-0.9842530361752951,-0.6577132528265406,-1.031191601614447,-0.5627200091491062,-0.9902064706735354,1.2666843664734266,0.030384682236012865,1.3156609664148402,1.8804499152723195,1.231481174475977,1.6933111682863315,1.2741641696130808
-0.5711082499504484,0.3618178324801865,-0.46491178557809215,0.4808434229209384,-0.4910026227855887,-0.6372240121983705,-0.3249349971374731,-1.3502935043163888,-0.1844434803938194,-0.5675873644269371,-0.45701316455044166,0.33217486572319505,-0.7101721619657103,-0.5510286062259871,0.08029924675399591,0.40287744935435665,0.29239251732154503
-0.2432388218976127,1.0273758995559972,0.6483463676429156,2.3179452750149507,-0.4767285441427419,2.52941583159107,-0.9429517577028842,-1.1027788392794577,-0.9274560387990313,2.530809295077329,-0.926279490667729,2.3224093645519215,-0.9916328304838236,-0.22954007610807967,2.4838659090306607,0.345268801187752,-0.018953763324266352
-1.1448797490429112,0.02903879894228149,1.2049754442534188,-0.776121002196017,1.3646276007826688,0.8376493397035604,0.24554201261521405,1.1944912772868794,0.37422149305647134,0.8201986452008109,-0.09140410409885306,-0.9889627123244393,-0.6468654541944084,-1.1528005716399747,-0.1126186037708419,0.5641816642208548,0.34148912225719064
1.64201038940619,1.803860311144443,1.2049754442534188,-0.19598357521896068,-1.3474473413555232,-1.1577675481637577,-0.8003325052647124,-0.8405723409223997,-0.7398244853787111,-1.2217781224792306,-1.253076943716076,-0.22256876339881687,-0.9367823174894236,1.6458489990749106,0.47562271094423675,0.01113864182143783,0.31240820838599526
1.2048511520024372,0.8055232105307267,0.9266609059481667,-0.3893627175446463,-1.3296047430519846,-0.20343773222721404,-1.3945793904237616,-0.04290911029993382,-1.6079668868241759,-0.10094175185183701,-0.9951521849613,-0.16208823305182138,-0.5356536475392648,1.2152205741106683,0.14196970716767285,-0.6916868658111542,-1.0138820221671818
-0.653075606963657,-1.4130036797219752,-0.6504548111149269,0.4808434229209384,1.3289424041755915,0.14359129174971055,-0.42001449876292096,1.4732535635754334,-0.2879785065486689,0.2330774146353509,2.0074524571591565,0.4637105683840442,1.5838647299113147,-0.6717967054699343,-0.03987908635983769,0.10331247888800732,0.08573752661203576
-0.40717353592403127,-0.1928138900829889,-1.3926269132622648,1.5444287057122081,0.11564571953480472,-0.29019498822144535,-0.8954120068901603,0.2761927924020081,-0.8636652753719254,-0.18954169161124898,0.43853631862495135,0.8003628065326689,-0.23548940384020772,-0.40401354610948015,0.07081148361342986,1.7393980868196133,1.6816178566525215
-0.40717353592403127,-1.7457827132598804,1.6688330080955056,0.2874642805952528,-0.5302563390533579,-0.37695224421567664,-0.30116512173111115,-0.6286505862834514,-0.1590816139620979,-0.28038490449683706,2.9581052092546956,0.43825201665547936,2.877486400447466,-0.3892165338034502,1.2504567007571088,-0.29994805827823345,-0.6775060997894732
1.3141409613533543,0.6945968660180921,-1.485398426030682,1.5444287057122081,-1.3474473413555232,-1.4180393161464513,-0.27739524632474916,-1.1027788392794577,-0.13392183626255794,-1.599823795294917,-0.6665952169391616,1.360460671477469,-0.43906645382788706,1.3232462919812098,-0.006671915367857159,0.5641816642208538,0.9776591829429104
0.90430417628731,0.2508914879675513,-0.27936876004125744,-0.5827418598703313,0.044275326320650114,-0.6372240121983705,-0.6101735020138167,0.8212704853301495,-0.5058259402618857,-0.5675873644269371,-0.10128049640986499,-0.9625296023546931,-0.22492055597158858,0.8829661782770932,-0.5996571116532183,1.1863550644201983,0.5373139795250146
-1.5547165341089555,-0.3037402345956241,0.741117880411332,-0.6794314310331742,1.7214795668534815,-0.029923220238752032,2.6225295532514106,1.3747600691022437,2.0041932760730266,0.0699531769801072,0.48640146264024553,-1.0621037469409798,-0.5134143404579965,-1.5599547693471445,-0.22014658603058743,1.232441982953482,0.8237509532549471
-1.1448797490429112,-0.1928138900829889,-0.7432263238833442,0.09408513826956774,0.25481798630242203,-0.8107385241868326,-0.9191818822965222,0.5065099470716516,-0.8953995665596088,-0.7726783407028834,-0.7979930913644161,1.1892427426079586,-0.4732575711254215,-1.1297737428044088,-0.3593004454255523,-2.005164044009769,-2.1341991593016223
-0.3252061789108227,-1.30207733520934,0.462803342106081,-0.776121002196017,-0.16983585332185333,0.31710580373817315,-1.4421191412364855,-1.2615087562840905,-1.6889337690960822,0.38910700786658775,1.3160633473135208,-0.5969465950774812,1.4751099402215198,-0.31709734564357833,-0.4288773751230345,-0.7262520547111171,0.28729834344342037
-0.9809450350164927,1.5820076221191726,0.462803342106081,-1.2595688580102304,1.6786573309249808,-0.029923220238752032,1.5053454091523981,1.4804797598122794,1.3407198199493684,0.0699531769801072,-1.1284915432677654,-1.3578435207331985,-1.3664584867617875,-0.9993587275845272,-0.8558267164484946,0.09179074925468639,-0.22865723603958363
1.3961083183665643,-0.1928138900829889,-0.46491178557809215,-0.3893627175446463,-1.4901881277838325,-0.9842530361752951,-0.9904915085156082,-1.5525277109205653,-0.9925621679584964,-0.9902064706735354,-0.4390006820126641,-0.01741396274604633,0.3457216717458713,1.407906679029032,-0.545893120523346,-1.0258170251774685,-0.6388385122421194
1.3141409613533543,0.2508914879675513,-0.27936876004125744,-0.2926731463818035,-1.54728444235518,0.40386305973240444,0.293081763427938,-0.6286505862834514,0.4166051548611586,0.4646490664410443,-1.0692308965263893,0.6336106963023687,-0.11043952782997289,1.3288151477666081,-0.3814385594202055,-2.005164044009769,-1.997017469040263
-1.0629123920297012,1.2492285885812675,-0.18659724727284058,-1.1628792868473878,0.9970700757297013,2.52941583159107,-1.109340885547418,1.0765874137159805,-1.1614545839158594,2.530809295077329,-0.9708389020015634,-1.280650645742077,-1.2658160288014095,-1.0650712614049913,-1.0028870451272645,0.18396458632125487,-0.282246340773263
0.49446739122126576,-0.08188754557035371,-1.2070838877254306,-0.6794314310331742,0.0870975622491508,-1.1577675481637577,-1.3232697642046756,1.1072589678555496,-1.49028113853604,-1.2217781224792306,-0.335586875105664,-0.5761405247353539,-0.05447208047741924,0.4802089472164231,-1.0835330318220735,-0.4727740027780525,-0.8622200423782354
-1.1448797490429112,-1.52393002423461,-0.5576832983465095,-0.48605228870748857,0.5795532754268493,-0.20343773222721404,0.958638274806073,-0.9005446326752814,0.9570118315684041,-0.10094175185183701,3.019843397978864,-0.8285787661394692,1.6100295854177153,-1.1365263881239638,-0.6597462782101352,1.0135291199203802,1.994488378301239
0.16659796316843153,-0.8583719571587995,0.6483463676429156,-0.6794314310331742,-0.39108407228574055,-1.4180393161464513,0.0791528847706803,-1.031191601614447,0.22123137754992137,-1.599823795294917,0.4345437446751472,-0.4636162999809621,0.8054025153583395,0.17062117427774942,-0.26126022630637236,-0.7838607028777238,0.052605340601540984
-1.1448797490429112,-0.1928138900829889,-0.6504548111149269,-0.3893627175446463,1.114831224533088,0.05683403575547927,2.432370550000515,1.2401445191878813,1.900658249918177,0.1524422178765131,-0.00023218169385640257,-0.5057845282760989,-0.4732575711254215,-1.1476302137088306,-0.6376081642154819,0.24157323448786053,-0.19079188059902244
-0.3252061789108227,-0.6365192681335294,-0.46491178557809215,1.5444287057122081,1.7571647634605587,0.40386305973240444,1.3627261567142264,1.0450435667450575,1.2450296062642032,0.4646490664410443,1.3160704183269907,0.5467225518211588,0.28087358092126896,-0.36142974364373986,0.8456454734263018,2.384614946285602,3.107224422026498
1.5600430323929815,1.1383022440686323,-1.1143123749570132,-0.3893627175446463,-1.6472029928549885,-0.7239812681926012,-0.8716421314837983,-0.37153224913899335,-0.8322467535124602,-0.6686677176331566,-1.0310210640611983,-0.3544774274131275,-0.6442810524005017,1.5737594372880341,-0.8668957734458216,-0.19625249157834404,-0.6541611454818385
-1.0629123920297012,1.3601549330939027,-0.001054221736005843,0.7709121364094663,1.4716831906039007,0.577377571720867,-0.372474747950197,0.7814140826901749,-0.23578665058535841,0.6111230874510375,-0.6803204603259475,0.039054381434701455,-1.3067649410712283,-1.075002022539866,0.6131952764824403,1.9237457609527542,2.868480147045325
-1.2268471060561197,-0.9692983016714347,-0.001054221736005843,-0.2926731463818035,1.7214795668534815,0.8376493397035604,1.7668140386223798,1.275360721414701,1.5089576209163353,0.8201986452008109,1.2069003133689193,-0.4970720624552956,0.3860402665201432,-1.2401303323342912,-0.2391221123117191,0.5180947456875701,0.4183429580878243
-1.3088144630693284,1.2492285885812675,0.18448880380082888,1.2543599922236803,1.4110183563718615,2.52941583159107,0.7684792715551773,1.175690535684223,0.8118122088706097,2.472615008401698,-0.8112865155138969,0.7758404477451398,-1.31865346704928,-1.313811640709786,1.146091306210885,1.1633116051535544,0.34409637660426146
-0.8989776780032841,-0.1928138900829889,1.6688330080955056,-0.6794314310331742,0.6509236686410436,2.52941583159107,1.5291152845587601,0.012563308347125364,1.3563900029543858,1.9689966330253483,-0.15978436362796805,-0.6500908328370427,-0.39400151536368344,-0.8974177190970618,0.19098981672726345,-0.2538611397449497,0.03784426983657614
0.16659796316843153,1.803860311144443,-0.0938257345044232,0.2874642805952528,-0.630174889553206,-1.1577675481637577,-1.5371986428619333,-0.5361622715405847,-1.857375591346672,-1.2217781224792306,-1.4416389099618392,0.7201429107430133,-1.2177815027745609,0.1764881732229204,0.16885170273260933,-0.8529910806776494,-0.8654690824107379
-0.07930410787119559,-0.4146665791082593,0.5555748548744983,0.19077470943241,0.22270130935603663,0.40386305973240444,0.8160190223679012,0.5065099470716516,0.8487428684025978,0.4646490664410443,0.10613499779840166,0.22170538761897843,0.10134786996995898,-0.08528562265908973,0.4803665925145195,-0.0579917359784898,0.23322789944566574
1.7239777464193986,1.803860311144443,-2.0420275026411856,1.5444287057122081,-0.41963222957139446,-1.0710102921695264,0.31685163883429995,0.8969282493956693,0.437585533678028,-1.1041244592143058,-0.9466637485667106,0.8100438960725619,-0.9211712516402492,1.6996703119140002,-0.4715723092555806,1.7163546275529713,1.799866869193601
-0.8989776780032841,0.4727441769928217,-1.0215408621885957,-0.6794314310331742,0.008590129713572809,-0.11668047623298272,-0.11100611848021542,-0.9005446326752814,0.03679732860017462,-0.014476959580863336,-0.4016038864847106,-0.9398697346871743,-0.8645828758822514,-0.8836184842406831,-1.0013057512705035,0.7370076087206718,0.43077755574309184
0.33053267719484863,-1.30207733520934,-0.0938257345044232,-0.09929400405611787,-0.9513416590169017,-0.6372240121983705,-1.1568806363601418,-1.3502935043163888,-1.2316249248984419,-0.5675873644269371,0.8623379206203172,0.5667392819935028,1.8185520229436298,0.3455024040361939,-0.13475671776549558,-1.452121021610351,-1.437941913817211
2.4616839595382785,0.2508914879675513,-0.8359978366517611,-0.2926731463818035,-2.2681254138182285,-1.2445248041579886,-1.061801134734694,-1.3502935043163888,-1.0928098066275784,-1.3434207969926282,-1.0000915822323517,0.4936582870203308,0.21010735096655003,2.481014980524753,-0.6660714536371792,-1.7747294513433454,-1.685751411605129
0.5764347482344758,-0.7474456126461646,-0.37214027280967477,0.19077470943241,-0.8478545888564013,-0.20343773222721404,-0.7527927544519885,-1.3502935043163888,-0.6796791355505106,-0.10094175185183701,0.9209882888531319,-0.12403175060306455,0.7923198711093857,0.5845205982405219,-0.07308625735181777,0.8291814457872413,0.4965605885000019
-1.0629123920297012,-0.1928138900829889,-0.001054221736005843,2.221255703852108,1.5430535838180552,0.8376493397035604,0.0791528847706803,1.4804797598122794,0.22123137754992137,0.8201986452008109,-0.1996724091114963,2.472985773693958,-0.44683888587150866,-1.0764930809100788,1.7754462612017492,-0.023426547078525983,-0.26291254699958544
1.3961083183665643,0.6945968660180921,-1.0215408621885957,1.5444287057122081,-0.0627802635005818,-0.8974957801810638,1.0061780256187969,0.8846715810477487,0.992291923684418,-0.8797942129914668,-0.3920713613508989,0.8591458249503796,-0.41886391152741503,1.3679548554966252,0.38074507953857883,1.60113733121976,1.5668585537759858
-0.48914089293723984,-0.8583719571587995,-0.5576832983465095,-1.066189715684545,-0.291165521785932,0.4906203157266358,0.4119311404597478,-1.2615087562840905,0.5201401810160081,0.5386334452652105,0.07156294959742582,-0.6095529615575038,0.5306485057402854,-0.4751104278058846,-1.067720093254464,-1.636468695743491,-0.8503068955923797
-0.8989776780032841,-0.1928138900829889,-0.0938257345044232,1.5444287057122081,0.6437866293196202,0.750892083709329,1.4102659075269504,0.7678038849499831,1.2772496347645668,0.7518515263711428,-0.15978436362796805,1.6808411864688342,-0.39400151536368344,-0.8972646683949027,1.1555790693514507,0.01113864182143783,0.01357674860613187
0.740369462260893,-1.1911509906967048,1.2049754442534188,0.674222565246624,-0.09846546010765911,-0.5504667562041392,0.5545503928979196,0.3384081935125,0.6400610010521738,-0.46927668735086014,1.6820956033252437,0.4420775759168961,1.7427944482777318,0.7260173072324991,1.3579846830168543,0.6102685827541395,0.23138276560004656
0.9862715333005201,0.4727441769928217,-0.6504548111149269,0.4808434229209384,-0.9905953752847105,-0.8974957801810638,-1.038031259328332,0.175793098457581,-1.0590390526831654,-0.8797942129914668,-0.9525579120470274,1.0946305752096968,-0.37088333916780797,0.9910403858400172,-0.03987908635983769,-1.0834256733440741,-0.6023369513831022
0.2485653201816401,1.5820076221191726,-0.0938257345044232,0.2874642805952528,-0.6908397237852058,-0.8107385241868326,-1.4421191412364855,-0.5814427299733397,-1.6889337690960822,-0.7726783407028834,-1.3754179009136462,0.7328175934656895,-1.1211417642527026,0.25847913428669844,0.16885170273260933,-0.8760345399442923,-0.8109172991489124
-1.1448797490429112,-1.30207733520934,-1.7637129643359342,2.3179452750149507,-0.0627802635005818,2.52941583159107,0.293081763427938,-1.5525277109205653,0.4166051548611586,2.530809295077329,1.7049708559076953,2.3302410210389928,1.0458073368188816,-1.1231575430893326,0.1403884133109125,0.33374707155443106,0.03078462729681245
-0.8989776780032841,0.5836705215054568,1.3905184697902535,-0.3893627175446463,0.6509236686410436,-0.11668047623298272,0.007843258551594406,-1.2615087562840905,0.15332477335556308,-0.014476959580863336,-0.8838112359300525,-0.15252324453097788,-0.9263764382836724,-0.8974177190970618,0.3712573163980128,-0.7147303250777961,0.3016984097603284
-0.653075606963657,-0.7474456126461646,-0.46491178557809215,-0.19598357521896068,1.4895257889074394,-0.37695224421567664,0.6496298945233675,1.1468780794048066,0.7175504210839777,-0.28038490449683706,0.42713674939556934,-0.07416624906936033,0.30168759426052255,-0.675333905999827,-0.4067392611283812,-0.3690784360781621,0.21963006523554884
-0.07930410787119559,1.5265444498628549,0.27726031656924627,-1.9363958561501295,-0.5623730159997433,-0.29019498822144535,-1.751127521519191,-1.1793069189638352,-2.272832598191583,-0.18954169161124898,-1.3828554833850364,-1.8096457632312068,-1.165870244636236,-0.06659195934512505,-1.4946694345799239,-1.2620124826605525,-1.1458291479317277
1.3141409613533543,-1.4130036797219752,-0.7432263238833442,0.09408513826956774,-1.440228852533948,-0.8974957801810638,-1.5371986428619333,-1.5525277109205653,-1.857375591346672,-0.8797942129914668,2.0765915409903495,0.022839125660420637,2.682878936702343,1.3258310484652331,-0.3593004454255523,0.17244285668793394,0.3449387203163935
-0.8170103209900755,-0.4146665791082593,-0.46491178557809215,-2.0330854273129724,-0.06991730282200519,-0.7239812681926012,2.598759677845049,-1.1793069189638352,1.991435539950195,-0.6686677176331566,-0.2827733210163731,-1.9065031614387147,-0.1562342286976421,-0.8015684001809059,-1.7287009253805468,-1.3599471845437816,-1.1324519275509772
0.33053267719484863,-0.6365192681335294,-1.5781699387990995,1.5444287057122081,0.044275326320650114,-0.8107385241868326,-0.08723624307385346,0.9329060151260258,0.06044938971628145,-0.7726783407028834,0.6089646519602862,1.3110402723596057,0.5306500668355169,0.32062671529780673,-0.08415531434914462,0.6563555012874233,0.08754254885231545
-0.48914089293723984,0.750060038274409,-0.001054221736005843,-1.7430167138244441,0.4154013710343095,-0.8974957801810638,-0.42001449876292096,1.0869057876519248,-0.2879785065486689,-0.8797942129914668,-1.0887695099103174,-1.5632666954766847,-0.9128013463839763,-0.49111261404226464,-1.4013730970310272,-1.3196211308271584,-1.3128137609603947
-0.5711082499504484,-0.9692983016714347,0.27726031656924627,0.674222565246624,0.5795532754268493,1.0979211076862543,-0.6577132528265406,0.6216431358584676,-0.5627200091491062,1.017759471287118,1.2614838772120713,0.3839168286409418,0.6752549373777728,-0.5750343315612563,0.7254671403124691,0.7485293383539927,0.41064152986262453
0.16659796316843153,-0.5255929236208943,-0.8359978366517611,-0.0026044328932750627,-0.45531742617847176,-0.6372240121983705,-0.9904915085156082,-0.9005446326752814,-0.9925621679584964,-0.5675873644269371,0.18880095305279065,0.07380109653525574,0.3215986453955487,0.1721966047717807,-0.4763161908258634,-0.20777422121166395,0.14903363983789059
-0.9809450350164927,0.02903879894228149,0.09171729103241152,-1.3562584291730733,0.7187255421944666,-0.29019498822144535,1.1012575272442449,0.7259416640431159,1.0616910995893223,-0.18954169161124898,-0.20252083275799485,-1.4690892015831496,-0.5978021681011259,-0.9790531297222532,-1.06139491782742,0.14939939742129207,0.07603051811985749
1.887912460445817,-0.4146665791082593,-0.27936876004125744,-0.19598357521896068,-1.3010565857663305,0.05683403575547927,-0.5864036266074547,-0.6286505862834514,-0.477758774168862,0.1524422178765131,0.06292296237453784,-0.1343126176156128,0.7882334664168954,1.8864350365624323,-0.3086990420092013,-0.2192959508449859,0.04847384525156543
-1.3907818200825368,0.02903879894228149,-1.0215408621885957,0.964291278735152,1.3110998058720131,-0.37695224421567664,2.2659814221559813,1.2925582317819888,1.8071937188949945,-0.28038490449683706,-0.535871018735419,1.3955740940333257,-0.7204603833343314,-1.3918381299899003,0.020210080197078893,-0.6110347583779058,-0.9822740771595933
-0.8989776780032841,0.5836705215054568,1.483289982558671,-0.09929400405611787,0.9970700757297013,0.750892083709329,1.0774876518378829,0.7259416640431159,1.0444837796477284,0.7518515263711428,-0.9152382064960896,0.22528923480849788,-0.9263764382836724,-0.9048333041367832,0.7254671403124691,-0.7953824325110447,-0.3406087265423497
-0.2432388218976127,-0.08188754557035371,1.1122039314850014,1.1576704210608375,0.22270130935603663,0.40386305973240444,-1.5609685182682953,-1.2615087562840905,-1.9009284941922555,0.4646490664410443,0.35580601176412446,0.418701494342451,-0.2834340519602021,-0.24587325412037744,1.77702755505851,1.8200501942528617,1.6244989306489617
-0.2432388218976127,-0.08188754557035371,0.9266609059481667,-0.3893627175446463,0.82934965167643,1.3581928756689476,1.4578056583396743,-0.04290911029993382,1.3091442028688511,1.2050079679899344,-0.14353329541961152,-0.47137812803526535,-0.2834340519602021,-0.2599877336103438,0.14196970716767285,0.13787766778797012,1.2156814490279728
-0.48914089293723984,2.358492033707618,-1.485398426030682,1.5444287057122081,0.5081828822126947,-0.029923220238752032,0.269311888021576,0.6059092947591945,0.3954844380192065,0.0699531769801072,-1.1814037726695334,0.8841410166777818,-1.501966294771234,-0.4932091816217653,-0.006671915367857159,1.5435286830531534,1.785827807324747
0.16659796316843153,-1.52393002423461,0.18448880380082888,-0.776121002196017,-0.13415065671477602,-1.4180393161464513,0.055383009364318336,0.11582080670469919,0.19875772114794182,-1.599823795294917,1.538292307091976,-0.36551986989892377,2.395039359313908,0.16432516152657364,-0.5474744143801068,-1.3253819956438189,-0.7138071026217916
1.3141409613533543,-0.08188754557035371,-0.6504548111149269,1.5444287057122081,-0.9549101786776333,1.7052218996458728,-1.085571010141056,-1.3502935043163888,-1.1269456568775238,1.4403785775337181,-0.41240830698008496,1.9756205135088105,0.1999301100590062,1.3123257896075928,0.6906786754637273,-0.4382088138780877,0.05260534060154241
-1.4727491770957455,2.580344722732889,0.27726031656924627,-0.6794314310331742,0.22270130935603663,2.52941583159107,-0.06346636766749149,-0.22820837422637308,0.08392559745065886,2.530809295077329,-1.3478196254539596,-0.9368669338825781,-1.7185596375503926,-1.450280490080034,-0.42571478740951246,0.7254858790873508,0.22424289984959964
-0.2432388218976127,0.2508914879675513,-0.37214027280967477,-0.2926731463818035,0.11564571953480472,0.8376493397035604,0.6020901437106435,0.2761927924020081,0.679043414640239,0.8201986452008109,-0.27412878214495834,-0.5369004201528017,-0.545467434768111,-0.2433774524804267,-0.4288773751230345,0.6448337716541023,0.4927098743874027
0.5764347482344758,0.8055232105307267,-0.8359978366517611,-0.776121002196017,-0.4874341031248572,-1.0710102921695264,-0.5150940003883688,0.7259416640431159,-0.39502385590537664,-1.1041244592143058,-1.3507259706509216,0.011018553081910775,-0.6861144990303226,0.5752586458424294,-0.9823302249893717,-2.1203813403429805,-1.904359660705835
-1.3088144630693284,-0.1928138900829889,-0.27936876004125744,1.8344974192007366,1.5787387804251327,0.31710580373817315,0.982408150212435,1.3094931744597256,0.9747011517543914,0.38910700786658775,0.1593200002402556,1.4415837789275565,-0.5260949416332468,-1.3172028340444177,1.2188308236218899,0.9674422013870945,0.7767000401916209
0.5764347482344758,-0.3037402345956241,0.8338893931797494,-0.0026044328932750627,-1.0548287291774419,-0.7239812681926012,0.4832407666788337,-1.3502935043163888,0.5806698696426701,-0.6686677176331566,0.030082292511364635,-0.02954838316079401,0.20094679890651132,0.5898478783305867,0.46297236009014864,0.04570383072140165,-0.45809561858197617
0.33053267719484863,0.4727441769928217,-1.1143123749570132,-1.452948000335916,-1.1333361617130198,-1.2445248041579886,-0.8003325052647124,-1.1793069189638352,-0.7398244853787111,-1.3434207969926282,-0.9849669723742225,-1.1760067857079433,-0.5426049171554403,0.35006472097913194,-1.5104823731475339,-1.429077562343709,-0.9641436315461045
1.0682388903137285,-0.8583719571587995,-1.3926269132622648,-0.3893627175446463,-0.04850618485777465,-0.7239812681926012,-1.061801134734694,1.1851307390420138,-1.0928098066275784,-0.6686677176331566,0.38268934537833016,-0.08889365315320362,1.1831892785831633,1.046136043399836,-1.0044683389840252,-0.8645128103109713,-0.9857236752187961
-0.8989776780032841,2.580344722732889,-1.7637129643359342,-1.5496375714987587,0.6509236686410436,-0.29019498822144535,-1.8462070231446388,0.7814140826901749,-2.476615263015515,-0.18954169161124898,-1.2054737830020048,-1.875994551479814,-1.624281014385109,-0.8974177190970618,-1.757164214802244,1.428311386719942,1.2392670729676443
-1.2268471060561197,-1.0802246461840699,2.503776623011262,0.5775329940837812,2.02837225767437,0.31710580373817315,0.4832407666788337,1.469622734803796,0.5806698696426701,0.38910700786658775,1.2584502608839014,0.4936584427366185,0.5688068556505113,-1.2463910719831182,2.1233309096891615,0.2646166937545024,0.7565640143111507
-0.9809450350164927,0.13996514345491606,-1.2070838877254306,-1.6463271426616015,0.47963472492704073,0.05683403575547927,1.4102659075269504,0.7400720105381283,1.2772496347645668,0.1524422178765131,-0.7938659307933187,-1.4009565442125504,-0.6773182541278726,-0.9739785250189873,-1.6527988202560204,-1.486686210510315,-1.600514250258523
-1.1448797490429112,0.2508914879675513,-1.2070838877254306,-0.8728105733588598,-0.16983585332185333,-0.8107385241868326,-0.396244623356559,-1.3502935043163888,-0.26177474292628716,-0.7726783407028834,-0.5506860393211085,-0.8316303428879313,-0.7973256966796652,-1.1209246915978048,-1.197386189508863,-0.3460349768115192,-0.5549250338717207
-0.3252061789108227,-1.0802246461840699,-0.0938257345044232,-1.066189715684545,-0.49813966210697247,-0.029923220238752032,0.4119311404597478,-1.1027788392794577,0.5201401810160081,0.0699531769801072,0.7975225232040992,-0.8903157363199573,0.9885696926999051,-0.30949631759645313,-0.8937777690107579,-0.8529910806776514,-0.9460934091432947
0.33053267719484863,0.8055232105307267,-0.0938257345044232,0.2874642805952528,-0.34826183635723984,-0.4637095002099079,-0.3249349971374731,-1.031191601614447,-0.1844434803938194,-0.37358794334610596,-0.49142265523433665,-0.20712154831953788,-0.7449904843963866,0.33041763944941616,0.16885170273260933,1.3476592792866935,1.7050831457761748
0.33053267719484863,-0.6365192681335294,-1.7637129643359342,0.4808434229209384,-0.18410993196466047,0.05683403575547927,-0.2536253709183872,0.8969282493956693,-0.10896095216611,0.1524422178765131,0.18470119214026343,0.7638384772503137,0.5306500668355169,0.32632061479994323,-0.7609490850428371,-0.5073391916780153,-1.1799440682730378
-1.2268471060561197,1.0828390718123146,0.27726031656924627,0.674222565246624,0.37257913510580887,0.9244065956977916,0.22177213720885208,-0.22820837422637308,0.3528143914340528,0.8872681726876441,-1.3388732266696641,1.6005548463963573,-1.2369317335172514,-1.2124838487348084,0.7254671403124691,-1.4578818864270116,-1.0481774447325216
-1.3907818200825368,0.4727441769928217,-0.8359978366517611,-1.5496375714987587,0.7579792584622754,-0.11668047623298272,1.9332031664669136,0.6971292077636988,1.6115315953532607,-0.014476959580863336,-0.5960582484478811,-1.6242368084654821,-0.9933740593729756,-1.3807500176938,-1.4883442591528802,-0.05799173597848878,-0.24105172208951456
0.08463060615522153,-0.4146665791082593,-0.8359978366517611,-0.9695001445217023,0.6901773849088126,-0.9842530361752951,-0.9667216331092462,1.0343264089833806,-0.9598413011043403,-0.9902064706735354,0.9703757062756798,-1.4904460263335566,0.1585883363405369,0.06399874495258157,-1.1088337335302487,2.1080934350858933,2.119275582512669
-1.3907818200825368,-0.08188754557035371,-0.18659724727284058,-0.09929400405611787,0.82934965167643,0.31710580373817315,2.0520525434987236,0.8597443028186184,1.6828108162049602,0.38910700786658775,-0.45081902291729503,0.20358694018341,-0.6395971187111984,-1.382182680898973,-0.1853581211818461,-0.749295513977759,-0.8854045502645093
1.2321736043401457,0.02903879894228149,0.09171729103241152,-0.0026044328932750627,-1.3474473413555232,-1.2445248041579886,-0.6339433774201787,-0.9639457283928805,-0.5341448331772878,-1.3434207969926282,-0.535871018735419,0.3070551271984289,0.06455219415818257,1.242595615207784,0.0455107819052546,-0.7262520547111171,-0.6687617698254439
1.2321736043401457,-1.30207733520934,-0.8359978366517611,-0.3893627175446463,-1.4973251671052559,-1.0710102921695264,-0.3487048725438351,-1.5525277109205653,-0.210010708302956,-1.1041244592143058,1.8346066921057542,-0.5057845282760989,2.290784886686532,1.2467374362346886,-0.7293232079076178,0.24157323448786155,0.05469114407920135
-0.735042963976867,-0.9692983016714347,0.09171729103241152,0.19077470943241,0.9078570842120081,-0.029923220238752032,-0.7527927544519885,1.0235046919343256,-0.6796791355505106,0.0699531769801072,0.6610646749373972,0.46116563700878355,0.6029512696633649,-0.7426452873677949,0.20364016758135065,-0.5764695694779419,-0.7225113209804799
-0.9809450350164927,1.0273758995559972,0.462803342106081,-0.8728105733588598,0.29407170257023085,1.7919791556401041,-0.42001449876292096,-0.7836769365775159,-0.2879785065486689,1.4968854973090242,-0.9823384295017472,-0.8562702100031317,-1.1587133552994944,-0.9700353135908204,-0.5142672433881268,-0.26538286937827066,0.08244837497418799
1.3961083183665643,-0.4146665791082593,-1.2070838877254306,0.4808434229209384,-1.611517796247911,-1.4180393161464513,-1.1331107609537798,-1.5525277109205653,-1.196344832782428,-1.599823795294917,-0.023501108473189793,0.6917513198637131,0.6165120673051612,1.4113174822489678,-0.4004140857013372,-0.36907843607816104,-0.265880805794713
-1.3088144630693284,-1.1911509906967048,-0.5576832983465095,-0.48605228870748857,2.1175852491920635,0.577377571720867,0.38816126505338583,1.6254394073253309,0.49970298737076374,0.6111230874510375,1.5600853596941742,-0.6052625512386076,0.7326703041987926,-1.3280763659900514,-0.6597462782101352,0.24157323448786155,-0.49764566144680145
-0.9809450350164927,-0.4701297513645769,0.09171729103241152,-0.5827418598703313,0.5795532754268493,-1.1577675481637577,-0.4675542495756449,1.180420680162957,-0.3410475775182748,-1.2217781224792306,-0.6698430215180208,0.42375014597860644,-0.156234472273058,-0.9761000862489032,-0.4288773751230345,-2.3450550681927416,-2.8632877537564774
-1.0629123920297012,0.3618178324801865,0.09171729103241152,2.3179452750149507,1.1790645784258194,0.8376493397035604,-0.3487048725438351,1.2925582317819888,-0.210010708302956,0.8201986452008109,-0.6577402276327434,2.6188392854942406,-0.8431178863608424,-1.0688824293608703,1.9430634100184112,-0.06951346561181072,-0.37201611352324093
-0.16127146488440414,-0.1928138900829889,1.2977469570218363,0.09408513826956774,-0.4910026227855887,0.23034854774394187,-2.58307316074186,-1.2615087562840905,-2.8041417031446296,0.3119402649770985,-0.4390006820126641,0.5459728477040722,-0.1562333480784696,-0.14875044116786976,0.823507359431649,-0.9682083770108627,-0.8093128349353301
1.0682388903137285,2.247565689194983,-0.6504548111149269,-0.2926731463818035,-1.1440417206951747,-0.5504667562041392,-1.4183492658301236,-1.1027788392794577,-1.6481908116124702,-0.46927668735086014,-1.557525710286214,0.031683706562724116,-1.2008691922516765,1.0757716535838338,-0.5711938222315213,-0.8760345399442923,-0.22143714707845913
-1.1448797490429112,0.5836705215054568,0.27726031656924627,-0.8728105733588598,1.5858758197465561,0.14359129174971055,0.22177213720885208,1.5263362853570883,0.3528143914340528,0.2330774146353509,-0.7581033536659049,-0.8422512379807406,-0.988820654374253,-1.157373975861782,-0.590169348512653,-0.3114697879115554,-0.6610603416002456
-1.4727491770957455,-0.1928138900829889,-0.9287693494201784,-0.6794314310331742,2.613609482030533,2.52941583159107,0.03161313395795637,1.6748834567899258,0.17612296189152724,2.472615008401698,0.1593200002402556,-0.9217368422145867,-0.578932312141072,-1.497569658460434,-0.9601921109947184,0.6678772309207441,0.6785870535310101
0.90430417628731,1.4710812776065372,2.503776623011262,-0.2926731463818035,-0.38394703296431715,-1.1577675481637577,0.6258600191170055,-0.2623408272713978,0.6983556179308059,-1.2217781224792306,-1.2387051076371471,-0.13143468732028973,-0.943636282119861,0.8943280313861194,1.041725911664662,-0.49581746204469435,0.40659025772332513
0.4125000342080572,0.02903879894228149,-1.485398426030682,1.1576704210608375,-0.13415065671477602,-1.8518255961176076,-2.1076756526146205,0.4349227094066409,-2.8041417031446296,-2.334649750106048,0.4271406296438075,0.21067100310940154,-0.18076423630822797,0.4054490903016633,-0.21540270446030418,2.4076584055522416,1.986987508102734
0.49446739122126576,0.2508914879675513,-0.001054221736005843,0.09408513826956774,0.3440309778201153,-2.1988546200945325,-0.2536253709183872,0.18740804436970973,-0.10896095216611,-2.588353925259448,0.17527676076628446,-0.620362917403798,-0.33940158411320376,0.4736973340834101,0.07081148361342986,2.1887455425191398,2.169695870424519
-0.48914089293723984,1.803860311144443,0.741117880411332,-0.6794314310331742,0.5081828822126947,0.9244065956977916,1.0061780256187969,-0.7836769365775159,0.992291923684418,0.8872681726876441,-1.3237876810582372,-0.6038633548494867,-1.3426700295679557,-0.4932091816217653,-0.22014658603058743,-0.3921218953448029,0.676421026842675
-0.16127146488440414,-0.4146665791082593,-0.7432263238833442,-0.09929400405611787,0.29407170257023085,-1.1577675481637577,-0.20608562010566328,0.48904159866142893,-0.05962345783116127,-1.2217781224792306,-0.23956128559250925,0.33217477419405117,0.07272763678467002,-0.16725861563487743,-0.48896654167995146,-1.0142952955441464,-0.2568958061986483
-0.8989776780032841,0.2508914879675513,1.8543760336323394,-0.48605228870748857,0.4546550873020787,-0.11668047623298272,0.7209395207424534,0.23268850280246456,0.7744444899712012,-0.014476959580863336,-0.6543950107621646,-0.292619858861598,-0.7286370797946958,-0.8932065829790085,0.4914356495118464,-0.6455999472778695,-0.6329822178625403
-0.07930410787119559,-0.1928138900829889,-0.001054221736005843,1.641118276875051,0.17987907342757556,-1.2445248041579886,-1.061801134734694,1.1468780794048066,-1.0928098066275784,-1.3434207969926282,-0.5985528639467761,2.7333749512530097,-0.12981466282455675,-0.08426810137667087,1.3105458673140253,-1.2447298882105713,-1.2790999566724781
1.64201038940619,1.0273758995559972,1.0194324187165842,-0.48605228870748857,-1.3724269789804853,-1.6783110841291449,-0.7527927544519885,-0.8405723409223997,-0.6796791355505106,-2.022442901541517,-0.926279490667729,-0.5305123549103752,-0.5646492670659989,1.6465675733686165,0.09294959760808355,0.01113864182143783,0.7905385440337761
-0.5711082499504484,-0.6365192681335294,0.09171729103241152,-1.452948000335916,0.09066608190984268,-0.20343773222721404,-0.42001449876292096,0.5065099470716516,-0.2879785065486689,-0.10094175185183701,-0.051000729981971527,-1.2104683924568438,0.1872073987034265,-0.5640896933541407,-1.1404596106654683,-1.3138602660104979,-1.2557550023648434
-0.9809450350164927,-1.52393002423461,-1.2070838877254306,1.5444287057122081,0.5795532754268493,0.8376493397035604,-0.4675542495756449,0.4162799646989643,-0.3410475775182748,0.8201986452008109,2.353145407079764,1.5556504817380363,1.7081558071547396,-0.9761000862489032,0.22577828157600435,0.21852977522121866,0.7641852193256715
1.3961083183665643,0.02903879894228149,-0.7432263238833442,0.09408513826956774,-0.9905953752847105,-1.33128206015222,-0.5150940003883688,0.039292727020321674,-0.39502385590537664,-1.469332496695443,-0.054365194545805934,-0.20250598575782866,0.11361548025146516,1.3938868544932659,-0.3593004454255523,0.7830945272539576,0.21946961881419233
0.16659796316843153,-1.1911509906967048,1.0194324187165842,0.38415385175809563,-0.5623730159997433,-0.37695224421567664,-0.30116512173111115,-0.7836769365775159,-0.1590816139620979,-0.28038490449683706,1.2550597506164989,0.5138262305981414,1.459959687935629,0.17482359251291996,0.9468482802590038,-0.23081768047830684,-0.05184527970272137
-0.2432388218976127,0.02903879894228149,-0.0938257345044232,-0.2926731463818035,0.11564571953480472,0.9244065956977916,0.5545503928979196,0.2973213778796623,0.6400610010521738,0.8872681726876441,-0.09140410409885306,-0.5297437621179815,-0.3770173806813564,-0.2433774524804267,-0.286560928014548,0.6217903123874604,0.4676802326555054
-0.16127146488440414,-0.4146665791082593,1.3905184697902535,-0.3893627175446463,-0.5195507800712426,0.05683403575547927,-0.9904915085156082,-0.7836769365775159,-0.9925621679584964,0.1524422178765131,0.10613499779840166,-0.3794539582625716,0.07272763678467002,-0.14807587027129923,0.3712573163980128,-0.1271221137784164,-0.022363249778131165
0.8223368192741014,-0.4146665791082593,-1.1143123749570132,1.0609808498979947,-0.9549101786776333,-0.5504667562041392,0.19800226180249014,-0.0717215665793504,0.33126116512017395,-0.46927668735086014,0.4518312811893129,0.673597334248529,0.416170435008138,0.8289588028542687,0.01072231705651328,0.9674422013870945,0.6438504033069359
0.16659796316843153,-0.3037402345956241,-1.8564844771043516,-0.3893627175446463,-0.1412876960361598,-2.02534010810607,-0.5864036266074547,0.5737558202932183,-0.477758774168862,-2.588353925259448,0.23750009711540124,-0.6111425734807181,0.06356965672102899,0.1644999275314774,-1.2337559482143652,0.5757033938541757,0.44946956383133624
0.90430417628731,0.02903879894228149,-0.9287693494201784,-0.48605228870748857,-1.1190620830702127,-2.6760195280628034,-0.8954120068901603,-0.5814427299733397,-0.8636652753719254,-2.588353925259448,-0.35067647097018334,-0.4555319114111826,-0.03357437802838164,0.9138967313186609,-0.8368511901673629,-0.20777422121166395,-0.02569251302131558
-1.1448797490429112,2.1366393446823477,-1.2998554004938478,2.3179452750149507,0.9364052414976619,2.52941583159107,1.0537177764315209,0.7948593042719118,1.0271821725509864,2.4296430546887087,-1.2435483160119525,1.9568639866628799,-1.5592318543835268,-1.143932653158074,0.5910571624877871,0.9213552828538107,0.3964420215724125
-0.48914089293723984,0.6945968660180921,1.1122039314850014,0.09408513826956774,-0.22693216789316117,0.6641348277150978,1.7192742878096559,-0.4926579819410412,1.4790281513810286,0.6821771964116963,-0.819108470043752,0.1705981739077221,-0.8835223844382556,-0.4765678086333628,0.7159793771719031,-0.1847307619450231,-0.3207534818992588
-0.9809450350164927,2.580344722732889,-0.46491178557809215,-0.6794314310331742,1.114831224533088,1.4449501316631788,1.3151864059015026,1.097129060014584,1.2124774066676323,1.2653138455033308,-1.4291601068550763,-0.8101090276704657,-1.6377493891230068,-0.9874452993464848,-0.7546239096157931,0.2646166937545034,0.35661119747021086
-0.8170103209900755,0.5836705215054568,-0.0938257345044232,1.0609808498979947,0.3939902530700394,1.011163851692023,0.6258600191170055,0.8722779638510422,0.6983556179308059,0.9531069969387995,-0.8209572947979785,1.326510584237918,-0.9055616995868124,-0.8116489407042992,0.7760685437288196,-0.3114697879115544,-0.6035402995432881
1.64201038940619,0.2508914879675513,1.0194324187165842,-0.5827418598703313,-1.2546658301770985,-0.4637095002099079,-0.9667216331092462,-0.014826162234466606,-0.9598413011043403,-0.37358794334610596,-0.5852556964681269,-0.48436217187889574,-0.018854705316680837,1.6431808982700749,-0.0019280337975743518,-0.42668708424476676,-0.4442972263451604
0.2485653201816401,-0.4146665791082593,-0.9287693494201784,-0.48605228870748857,-0.8478545888564013,-0.9842530361752951,-1.085571010141056,-0.8405723409223997,-1.1269456568775238,-0.9902064706735354,0.27898313949385767,-0.6304756720229021,0.2158288027111153,0.2623734523071697,-0.8368511901673629,0.32222534192111013,0.08036257149653189
-0.8989776780032841,-0.08188754557035371,-0.5576832983465095,0.19077470943241,0.7579792584622754,0.40386305973240444,1.4102659075269504,0.7259416640431159,1.2772496347645668,0.4646490664410443,-0.2203547272940325,0.20682520789491993,-0.48695580438934283,-0.89971274196237,-0.18377682732508532,-0.023426547078525983,0.12400399810599323
0.16659796316843153,-0.3037402345956241,0.8338893931797494,-0.8728105733588598,0.0870975622491508,0.14359129174971055,0.6258600191170055,-1.031191601614447,0.6983556179308059,0.2330774146353509,-0.011401268409443055,-0.8838309125148458,0.06356965672102899,0.1589109035880986,-0.3624630331390743,-0.17320903231170115,0.8030533648997241
-0.48914089293723984,0.6391336937617745,1.5760614953270884,0.09408513826956774,-0.6337434092138979,-0.29019498822144535,0.8635587731806251,-1.5525277109205653,0.8852465743277103,-0.18954169161124898,-1.0676823868946321,0.6888032830244111,-0.8533694262374274,-0.467328797734233,0.9847993328212671,-1.227447293760589,-1.1573812902695253
0.2485653201816401,-1.7457827132598804,-0.6504548111149269,-0.48605228870748857,-1.0833768864631352,-0.5504667562041392,-1.2994998887983136,-1.1793069189638352,-1.4520075136212773,-0.46927668735086014,2.266715523251228,-0.004311964791950427,3.3354082234124447,0.26822141501347907,-0.7040225061994421,-1.3138602660104968,-1.1041331341812335
-0.48914089293723984,0.3618178324801865,2.503776623011261,1.3510495633865227,-0.24120624653600795,0.8376493397035604,0.1504625109897662,-0.3339280649364083,0.28770826227459045,0.8201986452008109,-1.0257398432836295,2.520885262391086,-0.6880145412331885,-0.4762439918829725,3.0847575745998257,-1.4521210216103522,-1.363574997517631
1.1502062473269372,-1.1911509906967048,1.5760614953270884,0.2874642805952528,-1.326036223391253,-0.6372240121983705,-0.7052530036392646,-1.1793069189638352,-0.6206580639591687,-0.5675873644269371,1.3160648724320336,0.35812341667366765,1.944819277093519,1.1613584241965802,1.1935301219137142,-0.1271221137784164,-0.1399704766337761
-1.0629123920297012,1.3601549330939027,0.09171729103241152,0.38415385175809563,0.7936644550693527,0.8376493397035604,0.24554201261521405,0.8722779638510422,0.37422149305647134,0.8201986452008109,-1.0433021628533878,0.29005639982680365,-1.3067649410712283,-1.0608071019740337,0.36176955325744714,0.2646166937545044,0.2027831909929279
-0.653075606963657,0.02903879894228149,-0.46491178557809215,0.09408513826956774,0.5795532754268493,-0.4637095002099079,-0.11100611848021542,0.9903912717577839,0.03679732860017462,-0.37358794334610596,-0.42475429007627763,0.25214755744945166,-0.4996755959145616,-0.6552474824987851,-0.19800847203593375,-0.36907843607816104,-0.6371538248178568
-1.2268471060561197,0.13996514345491606,0.741117880411332,1.1576704210608375,1.7535962437998274,0.9244065956977916,1.0299479010251589,1.398277922492024,1.0097852393143443,0.8872681726876441,-0.4362488289984021,1.2558886640101956,-0.7483754358414104,-1.2407860311788617,1.4923946608415362,-0.00038308781188310046,-0.14843402536042605
-0.5711082499504484,-1.4130036797219752,-0.8359978366517611,-0.0026044328932750627,-0.027095066893504497,-1.4180393161464513,-1.774897396925553,-1.4468080202105298,-2.3225585927294037,-1.599823795294917,2.145730624821543,-0.11813365220214368,1.629656988527608,-0.5614488835212668,-0.4763161908258634,0.27613842338782535,0.8623784291969627
-0.3252061789108227,0.2508914879675513,1.3905184697902535,0.2874642805952528,1.22188681435432,1.011163851692023,2.289751297562343,0.5737558202932183,1.8207163750874626,0.9531069969387995,-0.3778377535860148,0.1464250968473499,-0.5683636403964346,-0.3491633502124246,1.0796769642269246,0.36831226045439386,1.3440385861146253
0.740369462260893,-0.7474456126461646,-0.5576832983465095,-0.3893627175446463,-0.9477731393562099,-1.2445248041579886,-0.7527927544519885,0.3077366393729313,-0.6796791355505106,-1.3434207969926282,0.42713674939556934,-0.2813205209588684,0.8577375080225673,0.7482106877826349,-0.591750642369414,-0.39212189534480396,-1.1747295595788934
1.4780756753797728,-0.9692983016714347,-0.7432263238833442,-0.6794314310331742,-1.3545843806769466,-0.37695224421567664,-0.8003325052647124,-1.1793069189638352,-0.7398244853787111,-0.28038490449683706,0.442730419564788,-0.32231636147586584,1.5790507838078636,1.4847496834241396,-0.8779648304431482,-1.1410343215106797,-0.9296476509540672
1.3141409613533543,-0.3037402345956241,0.09171729103241152,0.09408513826956774,0.5081828822126947,-0.9842530361752951,-0.11100611848021542,1.3747600691022437,0.03679732860017462,-0.9902064706735354,-0.011401268409443055,0.1166801503359392,0.44822565484037885,1.2718347787843167,0.12457547474330284,-0.0579917359784898,0.47036771021325663
1.5600430323929815,1.803860311144443,-0.0938257345044232,-1.9363958561501295,-0.8835397854634787,-1.5915538281349135,0.8397888977742632,0.6059092947591945,0.8670474726790395,-1.8759688805315238,-1.4887794015232803,-1.7916236362788802,-0.9523933833385978,1.5519775800893005,-1.576896715131494,-1.3484254549104606,-1.1442046279154736
-0.8989776780032841,1.4710812776065372,-0.6504548111149269,-1.6463271426616015,-0.36967295432151,-0.9842530361752951,-0.9429517577028842,-1.669395407018331,-0.9274560387990313,-0.9902064706735354,-1.2387051076371471,-1.6031253161372951,-1.312209677949276,-0.8754688572407464,-1.500994610006968,-0.6571216769111905,-0.8112381919916283
-1.3088144630693284,-0.3037402345956241,-1.0215408621885957,-0.48605228870748857,1.7214795668534815,1.011163851692023,1.600424910777846,1.4060076903538665,1.4029392793406334,0.9531069969387995,0.1545329752737866,-0.6340388685799678,-0.43098805514670707,-1.3200864415875035,-0.8811274181566701,0.33374707155443106,0.15480971100679072
-1.0629123920297012,0.02903879894228149,-0.46491178557809215,-0.8728105733588598,1.9427277858173686,2.52941583159107,0.8635587731806251,1.7676135363984677,0.8852465743277103,2.0178152806316993,-0.5729099282884665,-0.6316645274211663,-0.6223338111477669,-1.0848319772870387,-0.8937777690107579,-0.9451649177442198,-1.0484582259698996
-1.4727491770957455,0.5836705215054568,0.18448880380082888,-1.2595688580102304,1.899905549888868,1.9654936676285666,0.5545503928979196,1.6473428564037085,0.6400610010521738,1.607297754991093,-0.8523842653640156,-1.157273774150922,-1.0720796091616935,-1.483519894490793,-0.9507043478541525,-0.7032085954444752,-0.9167317140347215
-1.2268471060561197,-1.1911509906967048,2.503776623011262,0.674222565246624,2.0248037380136386,0.31710580373817315,0.43570101586610976,1.417502271966672,0.5404459448543757,0.38910700786658775,1.4990802378786388,0.5958795508797732,0.77307526996195,-1.2463183345982694,2.2435092428029946,0.2646166937545034,0.7565640143111522
0.6584021052476844,0.02903879894228149,0.09171729103241152,-0.19598357521896068,-1.1012194847666739,0.8376493397035604,-0.9429517577028842,-1.1027788392794577,-0.9274560387990313,0.8201986452008109,-0.20252083275799485,-0.32216187835773064,-0.1071693071683043,0.671637284508921,-0.1126186037708419,0.2876601530211453,0.1972879010614027
-0.735042963976867,-1.30207733520934,0.18448880380082888,0.38415385175809563,-0.34826183635723984,-1.5915538281349135,-0.49132412498200684,-1.1027788392794577,-0.3679203813793834,-1.8759688805315238,1.0567916749174044,0.9516845073594534,1.2604586385202003,-0.7150841867300324,0.4202774259576029,-1.0488604844441103,-0.45641093115771353
-0.40717353592403127,0.02903879894228149,0.5555748548744983,-0.09929400405611787,0.5902588344090042,0.14359129174971055,1.576655035371484,0.6971292077636988,1.3874989776938662,0.2330774146353509,0.1308293532194301,-0.5590272636563777,-0.42608066677463846,-0.41485219110707017,0.21945310614896074,1.3361375496533725,1.174607165160244
-0.9809450350164927,-0.1928138900829889,1.1122039314850014,-0.09929400405611787,1.6322665753357486,-1.0710102921695264,1.1250274026506069,1.4732535635754334,1.0788051544662989,-1.1041244592143058,-0.35922459104560794,0.2089873176810922,-0.4204202006175963,-0.9983799324703001,0.5230615266470656,-0.7608172436110809,-0.5173805712738739
0.49446739122126576,-0.24827706233930652,-0.9287693494201784,-0.6794314310331742,-0.20552104992893064,-1.5047965721406826,1.2438767796824166,-0.7836769365775159,1.1630110885471505,-1.7352404416114184,0.3806593044444512,-1.0362079067001884,0.11313341130543479,0.4876364498887995,-0.9601921109947184,1.1229855514369322,0.7420436131782256
0.002663249142012967,-1.30207733520934,0.9266609059481667,0.5775329940837812,-0.7907582742850539,-1.33128206015222,-0.8716421314837983,-1.5525277109205653,-0.8322467535124602,-1.469332496695443,0.6030662482242002,1.7532301807436061,1.6468309815825748,0.01938556399230726,1.0749330826566417,-1.832338099509951,-1.142038601227137
-0.8989776780032841,-0.1928138900829889,-0.0938257345044232,0.38415385175809563,0.5188884411948099,0.31710580373817315,1.5053454091523981,0.6216431358584676,1.3407198199493684,0.38910700786658775,-0.35922459104560794,0.7549318147182515,-0.39400151536368344,-0.8945852853550924,0.24475380785713557,-0.7032085954444752,-0.7797505818000595
1.5600430323929815,0.02903879894228149,-0.6504548111149269,-1.1628792868473878,-1.2510973105164065,-0.9842530361752951,-1.2519601379855898,-1.031191601614447,-1.3768245475962362,-0.9902064706735354,-0.7951433856067494,-0.7223298121713575,0.16267876634474726,1.5624496198340785,-1.1689229000871657,-1.6710338846434538,-1.3019635717160376
-0.3252061789108227,-1.52393002423461,-0.8359978366517611,0.09408513826956774,-0.13415065671477602,-0.11668047623298272,-2.1552154034273445,-1.4468080202105298,-2.8041417031446296,-0.014476959580863336,3.3161536161562415,-0.443558560895589,2.100660694102835,-0.3179226960236085,-0.4130644365554248,1.5435286830531554,2.7014955340166584
1.64201038940619,1.3601549330939027,0.8338893931797494,-0.48605228870748857,-0.8193064315707078,-0.5504667562041392,-0.9667216331092462,0.5237074574389393,-0.9598413011043403,-0.46927668735086014,-0.939593104988405,-0.72011088969973,-0.7400833795371721,1.6306800364778375,0.004397141629469683,0.6217903123874604,0.5957164768994422
-0.653075606963657,0.3618178324801865,1.2049754442534188,-0.9695001445217023,0.015727169034996193,2.2257654356112604,-0.08723624307385346,-0.7836769365775159,0.06044938971628145,1.7667958020916799,-0.25628610146813996,-1.2596782923302936,-0.7323297826982323,-0.6427500566130704,-0.3086990420092013,0.9213552828538107,0.7600136123703565
0.33053267719484863,-0.9692983016714347,-0.9287693494201784,1.1576704210608375,-0.7407989990351298,0.14359129174971055,-0.9904915085156082,-1.1027788392794577,-0.9925621679584964,0.2330774146353509,1.4798181325846798,0.6384547798730227,1.0729251098070127,0.3402302838908445,0.21154663686515593,1.2670071718534448,1.2027655121086271
0.4125000342080572,-0.1928138900829889,-1.3926269132622648,1.0609808498979947,-0.2768914431430852,-1.4180393161464513,-0.27739524632474916,0.6216431358584676,-0.13392183626255794,-1.599823795294917,0.039655863789671876,0.8752446025384393,0.028697448698918944,0.4090428773631782,-0.19800847203593375,0.529616475320891,0.050679983545242835
-1.1448797490429112,-0.8583719571587995,-0.9287693494201784,0.7709121364094663,-0.2162266089110459,1.4449501316631788,-0.8003325052647124,-1.4468080202105298,-0.7398244853787111,1.2653138455033308,0.7456701404560512,0.7881499029235418,0.2558944961222314,-1.1199567037027074,-0.03513520478955488,0.08026901962136546,-0.5121259509743885
1.64201038940619,-0.1928138900829889,1.2049754442534188,-0.19598357521896068,-1.2546658301770985,-1.1577675481637577,-1.085571010141056,-0.1316938583322322,-1.1269456568775238,-1.2217781224792306,-0.23956045459502423,-0.05041705721060632,0.4249777275076089,1.6431808982700749,0.47562271094423675,-0.42668708424476776,-0.3875794163949969
-1.5547165341089555,0.02903879894228149,-1.0215408621885957,-0.48605228870748857,2.292442712566758,-0.20343773222721404,0.1504625109897662,1.792355466277375,0.28770826227459045,-0.10094175185183701,-0.42475429007627763,-0.37206509328105086,-0.769523669427614,-1.5710824230967861,-0.8811274181566701,-0.4382088138780877,-0.6270457002722821
-0.16127146488440414,-0.9692983016714347,0.09171729103241152,1.2543599922236803,-1.0262805718917878,-0.9842530361752951,-0.5388638757947308,-1.4468080202105298,-0.42236199546769626,-0.9902064706735354,0.22439616419217923,2.3188411146576517,0.8560141066637911,-0.13608411148426705,1.073351788799881,-1.3714689141771035,-1.0957096970599232
-1.2268471060561197,0.9164495550433619,0.3700318293376636,0.7709121364094663,2.642157639316147,2.312522691605492,1.64796466159057,1.7337416770817249,1.4335952035886472,1.8184242503494046,-1.0749915297808792,1.191687412347979,-1.1674800563982377,-1.2588802839718756,0.8725274689912383,-0.6571216769111905,-0.17743471602094243
-0.48914089293723984,-1.52393002423461,-0.27936876004125744,-0.776121002196017,-0.45531742617847176,0.31710580373817315,0.8397888977742632,-1.2615087562840905,0.8670474726790395,0.38910700786658775,1.6864474161806637,-0.459094777770182,2.002534472365812,-0.47138360849847644,-0.7451361464752272,-1.094947402977396,-0.7982821434669459
-0.48914089293723984,-1.4130036797219752,-0.46491178557809215,0.4808434229209384,0.29407170257023085,0.9244065956977916,-0.8716421314837983,-0.9005446326752814,-0.8322467535124602,0.8872681726876441,2.3531478763151212,0.21869308199804408,1.6754492471439004,-0.4883692948172552,0.08029924675399591,0.6793989605540671,0.9167697660374332
-0.3252061789108227,-0.5810560958772119,-0.9287693494201784,-0.8728105733588598,0.5973958737303879,0.9244065956977916,0.055383009364318336,0.9791300867159248,0.19875772114794182,0.8872681726876441,-0.25108521203538564,-0.37885202499511694,0.21010389111085354,-0.3348058352596167,-1.0835330318220735,-1.5846209123935457,-1.8072695199813846
-1.636683891122164,-0.4146665791082593,-1.2070838877254306,0.5775329940837812,2.185387122745526,1.1846783636804856,0.269311888021576,1.6504369091750932,0.3954844380192065,1.081267593768474,0.3221951749177211,0.3633579115318781,-0.44243656055053215,-1.6488508566726952,-0.3434875068579426,0.5641816642208538,0.6913826556343359
-1.3907818200825368,-0.3037402345956241,2.4110051102428436,0.09408513826956774,2.135427847495602,0.05683403575547927,1.1012575272442449,1.3507327643093638,1.0616910995893223,0.1524422178765131,0.4034343407986305,-0.30589589824997643,-0.45846348358380373,-1.4082991928974689,1.4686752529901217,1.0941812273536289,1.3173242569584669
0.740369462260893,-1.6348563687472453,2.503776623011262,-0.19598357521896068,-0.4910026227855887,0.9244065956977916,-0.8003325052647124,-0.6286505862834514,-0.7398244853787111,0.8872681726876441,2.991348831071343,-0.3421006077401288,3.1724976237188796,0.7362615219599845,1.1619042447784953,0.34526880118775094,0.5398811222667473
-0.07930410787119559,-1.1911509906967048,-1.3926269132622648,1.5444287057122081,0.32975689917730816,0.40386305973240444,-0.7052530036392646,0.8597443028186184,-0.6206580639591687,0.4646490664410443,2.353151943296128,0.701408001720446,1.3387447906461556,-0.0878283517761973,0.07081148361342986,1.981354409119359,1.06261556305214
1.5600430323929815,-0.4146665791082593,-0.0938257345044232,0.2874642805952528,-1.1511787600165584,-1.0710102921695264,0.03161313395795637,-0.7836769365775159,0.17612296189152724,-1.1041244592143058,0.3654072103415853,0.038629847285342835,0.6737525336757391,1.559600696305275,0.16885170273260933,0.6448337716541023,1.006138422734012
-1.0629123920297012,0.4727441769928217,0.09171729103241152,-2.0330854273129724,0.1656049947847288,0.9244065956977916,-0.9667216331092462,0.18740804436970973,-0.9598413011043403,0.8872681726876441,-0.8229216707382471,-1.9868483384914246,-0.9075132703791594,-1.0476097189014901,-1.6148477676937574,-0.922121458477577,-1.1027693395996883
0.33053267719484863,-0.7474456126461646,0.6483463676429156,1.641118276875051,-0.2983025611073158,-0.6372240121983705,1.2676466550887786,0.8470673968451634,1.1795861155578766,-0.5675873644269371,0.42713674939556934,1.893799333880963,0.6941934157396129,0.3291703170526824,1.863998717180363,-0.1501655730450593,-0.8399581014147682
-1.0629123920297012,2.580344722732889,0.6483463676429156,0.8676017075723091,1.792849960067636,2.52941583159107,1.7905839140287418,1.2578923730044782,1.5238166384313312,2.530809295077329,-1.2054737830020048,0.1961567895156506,-1.6512177638609042,-1.0817070827336919,1.1555790693514512,1.7163546275529713,1.1909325885334532
1.64201038940619,-0.3037402345956241,-1.0215408621885957,-0.48605228870748857,-1.1761583976415204,-0.7239812681926012,-0.27739524632474916,0.23268850280246456,-0.13392183626255794,-0.6686677176331566,-0.011401268409443055,-0.4836264873745315,0.558127368588765,1.64092436858603,-0.8811274181566701,-0.1271221137784164,-0.3457831236311547
-1.0629123920297012,2.580344722732889,0.27726031656924627,1.4477391345493653,1.4716831906039007,0.750892083709329,2.0045127926859996,1.2578923730044782,1.6544919232895583,0.7518515263711428,-1.5511708289567518,1.686645061991455,-1.6512177638609042,-1.075002022539866,1.3832853847250295,-0.17320903231170218,-0.24963560563218581
-0.3252061789108227,0.2508914879675513,0.18448880380082888,-0.48605228870748857,0.36544209578438547,0.05683403575547927,-0.3249349971374731,0.37802730506175736,-0.1844434803938194,0.1524422178765131,-0.06671083926284653,-0.9055286919619466,-0.5683636403964346,-0.3294601784042006,-0.30553645429567927,1.3130940903867305,1.3562325141378575
-0.8989776780032841,0.5836705215054568,-0.001054221736005843,-1.452948000335916,0.3440309778201153,2.52941583159107,0.6733997699297294,0.48904159866142893,0.7366292428455685,2.530809295077329,-0.6009685008357202,-1.5762438052567682,-0.9263764382836724,-0.8908309814864256,-1.1689229000871655,0.1954863159545758,-0.6669166359798248
1.1502062473269372,1.6929339666318077,0.09171729103241152,2.3179452750149507,1.300394246889898,-0.9842530361752951,0.6258600191170055,1.7676135363984677,0.6983556179308059,-0.9902064706735354,-0.9751673997598752,1.6602731415929934,-0.9868830487394802,1.0899478954614743,1.9430634100184112,1.451354845986586,1.9619979779761803
0.5764347482344758,-0.08188754557035371,-0.8359978366517611,0.19077470943241,-0.20552104992893064,-1.33128206015222,-1.01426138392197,0.21027931237287534,-1.0256256679196953,-1.469332496695443,0.5478595914501773,-0.5631598607399454,-0.02903186142377665,0.568027277784028,-0.34981268228498663,2.2809193795857094,1.9675333795130407
0.002663249142012967,0.8055232105307267,-0.5576832983465095,-0.48605228870748857,0.5759847557661574,-0.37695224421567664,-0.3249349971374731,1.2578923730044782,-0.1844434803938194,-0.28038490449683706,-0.9358898873463632,-0.35911846244317835,-0.8234917982178047,-0.013456855359439043,-0.6597462782101352,-0.4727740027780515,-0.4956400811798215
-0.8989776780032841,-0.4146665791082593,0.09171729103241152,-0.6794314310331742,0.5724162361054655,0.9244065956977916,1.0537177764315209,0.7814140826901749,1.0271821725509864,0.8872681726876441,-0.06671314389705361,-0.5231045083219865,-0.18485446188293106,-0.895733823099286,-0.5079420679610827,-0.6225564880112266,-0.8839204208669454
1.4780756753797728,-0.08188754557035371,-0.37214027280967477,-0.0026044328932750627,-1.3403103020340998,0.577377571720867,-0.8241023806710743,-1.3502935043163888,-0.7703323110645232,0.6111230874510375,0.240573863952493,-0.47043952329722755,0.2508105481662919,1.484345615794956,-0.21540270446030418,1.3361375496533725,0.8296473592398642
-0.9809450350164927,-0.8583719571587995,1.8543760336323394,-0.6794314310331742,1.6376193548268063,0.14359129174971055,-0.30116512173111115,1.428878958357032,-0.1590816139620979,0.2330774146353509,0.27898054678469525,-0.32709497538557447,0.32458299852674505,-0.9984928833772103,0.2732170972788333,-1.1295125918773588,-1.7714298006104696
-0.735042963976867,0.8055232105307267,-1.8564844771043516,2.124566132689265,1.1041256655509728,-0.4637095002099079,-0.6339433774201787,1.1991420899676013,-0.5341448331772878,-0.37358794334610596,-0.787734143309021,2.0659517247592496,-1.0001197543159959,-0.7469341271904555,-0.04146038021659847,0.4143991789876786,0.21112640490355797
1.5600430323929815,-0.7474456126461646,-0.37214027280967477,0.09408513826956774,-0.8478545888564013,-1.1577675481637577,-1.109340885547418,0.5406424001166761,-1.1614545839158594,-1.2217781224792306,0.2295961336125447,0.4563231664233483,1.1848256925884766,1.5509620360405802,-0.14424448090606076,-0.7953824325110447,-0.5301360617718602
-0.9809450350164927,1.3601549330939027,0.3700318293376636,0.964291278735152,0.62237551135535,1.8787364116343352,0.958638274806073,0.47129374484483205,0.9570118315684041,1.5525163054334292,-1.0433021628533878,0.8698045938565654,-1.2895927725398932,-0.9770089614434755,1.0401446178079008,0.33374707155443106,0.1238034400792958
-1.1448797490429112,-0.3037402345956241,1.761604520863923,-0.09929400405611787,0.4368124889985401,0.4906203157266358,0.9110985239933491,0.3384081935125,0.9213330859079093,0.5386334452652105,-0.17733551209267234,0.10915748180630261,-0.3760371982725142,-1.1335597137643392,0.8772713505615216,-0.5419043805779781,-0.6006121523535
-0.8989776780032841,0.02903879894228149,-0.46491178557809215,-1.8397062849872867,0.5866903147482727,-0.9842530361752951,0.10292276017704227,0.8342439337995095,0.24354620819824443,-0.9902064706735354,-0.6469877473945604,-1.6871539045947272,-0.5732705250544853,-0.8960400413708015,-1.5895470659855817,-1.290816806743855,-1.204171477898144
0.002663249142012967,2.580344722732889,1.0194324187165842,-0.6794314310331742,0.29407170257023085,0.6641348277150978,0.5545503928979196,-0.9639457283928805,0.6400610010521738,0.6821771964116963,-1.4088249865047973,-0.8430643952621113,-1.4761288922682347,-0.00670327604368995,-0.09680566520323225,0.3798339900877148,0.9528702108430513
0.4125000342080572,0.3618178324801865,-1.1143123749570132,-0.776121002196017,-0.4767285441427419,-0.9842530361752951,0.007843258551594406,0.549013890414311,0.15332477335556308,-0.9902064706735354,-0.39010414352300804,-0.96784226403905,-0.4442807131754468,0.41407904608753987,-1.100927264246444,0.4835295567876052,-0.3761074972678784
1.7239777464193986,-0.7474456126461646,0.09171729103241152,-0.19598357521896068,-1.404543655926831,-0.8974957801810638,0.10292276017704227,-0.9005446326752814,0.24354620819824443,-0.8797942129914668,0.08144067177527611,0.29369356797504886,1.2502433295016582,1.7281553172614883,-0.1126186037708419,-1.1755995104106436,-0.8923438579882573
-1.5547165341089555,1.4710812776065372,-0.27936876004125744,2.3179452750149507,1.3646276007826688,0.6641348277150978,1.3389562813078644,1.0869057876519248,1.2287954553625056,0.6821771964116963,-0.9604612768870016,1.862898697413526,-1.4462363673417906,-1.5529818598321872,1.5825284106769117,1.082659497720308,0.7329783903714806
-1.1448797490429112,-0.4146665791082593,-0.27936876004125744,0.4808434229209384,0.7115885028730828,-0.11668047623298272,1.1725671534633306,0.7540246121085826,1.1127574750934288,-0.014476959580863336,0.019710926950674022,0.6336108490769335,-0.2707151614387984,-1.1392684399189184,0.20047757986782908,-0.2538611397449497,-0.22280094166000736
1.0682388903137285,-0.6365192681335294,0.9266609059481667,-0.09929400405611787,-1.0762398471417118,-1.33128206015222,-1.085571010141056,-0.6779572458674805,-1.1269456568775238,-1.469332496695443,0.2318415765647102,0.07380108138889004,0.8116486134890456,1.073932196331971,0.42185871981436374,-0.46125227314473055,-0.28513437635771166
-0.07930410787119559,-1.1911509906967048,0.27726031656924627,-0.5827418598703313,-0.4410433475356646,-0.9842530361752951,0.269311888021576,-1.1793069189638352,0.3954844380192065,-0.9902064706735354,1.2550597506164989,-0.5128990920923643,1.3387447906461556,-0.06948639400032983,-0.34348750685794216,-0.3460349768115182,0.21834649386468244
-1.4727491770957455,1.0273758995559972,-0.46491178557809215,1.7378078480378938,1.3646276007826688,0.05683403575547927,0.6020901437106435,1.1851307390420138,0.679043414640239,0.1524422178765131,-0.926279490667729,1.7321496984562732,-1.2701003718432746,-1.4729456021937435,0.9847993328212671,0.27613842338782435,0.307875596982622
-0.8170103209900755,-0.9692983016714347,0.09171729103241152,-0.2926731463818035,-0.2768914431430852,1.1846783636804856,-0.06346636766749149,-1.1793069189638352,0.08392559745065886,1.081267593768474,1.2069003133689193,-0.4970720624552956,0.5667994358061614,-0.7970624134124795,-0.19168329660889016,0.5180947456875701,0.355046844861968
-0.07930410787119559,1.0273758995559972,2.503776623011262,1.7378078480378938,0.18701611274895932,0.40386305973240444,0.19800226180249014,0.48904159866142893,0.33126116512017395,0.4646490664410443,-1.0664268377527741,2.108252127962131,-0.9545038249692303,-0.08443770531296282,3.5654709070551602,-0.29994805827823445,-0.5911057018880206
0.8223368192741014,-0.1928138900829889,-0.8359978366517611,-0.09929400405611787,-0.13415065671477602,-0.5504667562041392,-0.9667216331092462,0.4162799646989643,-0.9598413011043403,-0.46927668735086014,-0.00023218169385640257,-0.21827353499189497,0.16079087496848227,0.8073223049268132,-0.539567945096302,0.27613842338782435,0.677544151792182
-0.9809450350164927,1.1383022440686323,1.5760614953270884,-1.5496375714987587,1.5180739461930932,2.52941583159107,1.7668140386223798,0.8597443028186184,1.5089576209163353,2.2975502763713105,-1.1128966252867958,-1.489978871432048,-1.2046359517975533,-0.9959695043078384,-0.7894123744645342,-0.6801651361778334,0.015181212819715562
0.49446739122126576,0.5836705215054568,-0.5576832983465095,-0.6794314310331742,-0.4910026227855887,-1.4180393161464513,0.12669263558340424,0.23268850280246456,0.2657044422539355,-1.599823795294917,-0.6638224419677938,-0.7484920626903053,-0.57252588043705,0.49489462292511466,-0.7957375498915782,0.05722556035472257,0.24502071141550297
0.6584021052476844,0.02903879894228149,2.0399190591691743,0.7709121364094663,-0.2768914431430852,0.577377571720867,-0.03969649226112952,-0.9639457283928805,0.10722854746078214,0.6111230874510375,-0.2765986518640887,0.7427659831577336,-0.1071693071683043,0.6502639355183097,2.039522335280829,0.17244285668793496,0.10138105269447213
1.1502062473269372,-0.1928138900829889,-1.0215408621885957,0.7709121364094663,0.22270130935603663,-0.11668047623298272,0.5783202683042816,0.9090509624026475,0.6596123662739154,-0.014476959580863336,0.47842436410848,0.09342069030204843,0.2664656159841332,1.1191216133005668,-0.09996825291675426,1.762441546086257,1.6346872784052153
0.08463060615522153,0.02903879894228149,-0.001054221736005843,0.7709121364094663,-0.13415065671477602,0.05683403575547927,0.3406215142406619,-0.7836769365775159,0.458427427137323,0.1524422178765131,0.09379044366638296,0.2503670890115769,-0.27889080849479214,0.0839505186015414,0.6131952764824403,1.3246158200200515,2.3681279820394154
-0.5711082499504484,0.2508914879675513,0.462803342106081,-0.2926731463818035,-0.05921174383988992,0.8376493397035604,1.1487972780569686,-1.2615087562840905,1.0958269498392674,0.8201986452008109,-0.44697706788005204,-0.3460562075475584,-0.6370522572814036,-0.5607283582199387,-0.0019280337975743518,0.06874728998804351,0.37839179916960275
0.49446739122126576,-1.30207733520934,-0.46491178557809215,-0.0026044328932750627,-0.6337434092138979,-0.029923220238752032,-0.5626337512010927,0.18740804436970973,-0.4499388990964361,0.0699531769801072,1.38088126541255,0.2099710177065646,1.9044125436241575,0.49852809946286,-0.2675854017334164,-0.5188609213113362,-0.6030589602792144
0.08463060615522153,0.13996514345491606,-0.6504548111149269,0.5775329940837812,0.008590129713572809,-0.6372240121983705,-0.49132412498200684,0.5573226723308153,-0.3679203813793834,-0.5675873644269371,-0.007108306844501838,0.07380117110198199,-0.36940380003587625,0.08048902609228485,0.02653525562412293,1.3130940903867305,1.2185694846124229
-0.07930410787119559,1.5265444498628549,0.27726031656924627,-1.9363958561501295,-0.5623730159997433,-0.29019498822144535,-1.751127521519191,-1.1793069189638352,-2.272832598191583,-0.18954169161124898,-1.3578653467016,-1.8330093652342079,-1.165870244636236,-0.06659195934512505,-1.4946694345799239,-1.1467951863273402,-1.0138619663645114
0.33053267719484863,-1.0802246461840699,0.3700318293376636,0.09408513826956774,-0.6337434092138979,-1.1577675481637577,-0.7290228790456266,-0.4507957610341739,-0.6500306980473303,-1.2217781224792306,1.4312981625138275,-0.12117218441403181,1.2938517560085558,0.3375519499300121,0.28586744813292136,0.5526599345875328,-0.08393456397438383
0.002663249142012967,-1.0802246461840699,0.09171729103241152,-0.8728105733588598,0.5046143625520028,1.1846783636804856,1.1250274026506069,1.0343264089833806,1.0788051544662989,1.081267593768474,1.0279863920440007,-0.824498288341809,1.1412107243542304,-0.01174810208112055,-0.6660714536371792,-0.36907843607816104,-0.6085943618160761
-1.1448797490429112,-0.08188754557035371,0.3700318293376636,-1.066189715684545,1.8285351566747134,-0.8107385241868326,-0.5150940003883688,1.6411287381940916,-0.39502385590537664,-0.7726783407028834,-0.2203547272940325,-1.090159784284264,-0.5632764615502707,-1.1623834396254484,-0.7198354447670517,-0.17320903231170115,-0.5420492085577159
-0.48914089293723984,-0.08188754557035371,-0.18659724727284058,0.7709121364094663,0.4724976856056174,0.750892083709329,0.10292276017704227,-1.2615087562840905,0.24354620819824443,0.7518515263711428,-0.29717615916845347,0.9245163596743441,-0.3597547091211299,-0.4924029391305256,0.4835291802280411,-0.1847307619450231,0.46768023265550396
0.740369462260893,0.13996514345491606,-1.2998554004938478,-0.09929400405611787,-1.3831325379626005,-1.8518255961176076,-2.1552154034273445,-1.1793069189638352,-2.8041417031446296,-2.334649750106048,-0.7223425104343354,0.36139312357356457,-0.17991798213310858,0.7596284995575848,-0.7925749621780565,-1.0719039437107523,-0.7714073678894265
0.5764347482344758,-0.4146665791082593,0.9266609059481667,-0.2926731463818035,-0.6729971254816671,-0.11668047623298272,0.982408150212435,-0.057221788873819436,0.9747011517543914,-0.014476959580863336,0.06292296237453784,-0.2359495481233906,0.3303097354522711,0.5800248201080632,0.23526604471656995,-0.23081768047830684,-0.6907429295515333
1.887912460445817,0.2508914879675513,-0.7432263238833442,-0.2926731463818035,-1.7328474647119898,-1.1577675481637577,0.10292276017704227,-0.7836769365775159,0.24354620819824443,-1.2217781224792306,-0.7926736393502392,0.12797617660998772,0.04983391156828857,1.8991631627587973,-0.6186326379343505,-1.0834256733440741,-0.6284094948538289
0.740369462260893,-1.0802246461840699,1.0194324187165842,-0.0026044328932750627,-0.9406361000347865,-1.2445248041579886,0.007843258551594406,-1.1793069189638352,0.15332477335556308,-1.3434207969926282,0.9127544576240499,0.1995068621441229,1.4846530455764626,0.7480237447147523,0.5673377546363726,-0.49581746204469435,-0.07141974310843587
-0.5711082499504484,-0.4146665791082593,-0.0938257345044232,-1.7430167138244441,0.0014530903921494236,-0.029923220238752032,-0.08723624307385346,0.6216431358584676,0.06044938971628145,0.0699531769801072,-0.5852575689834205,-1.340130249112901,-0.07037352914177525,-0.5620892408950421,-1.4250925048824417,-2.1319030699763,-2.2542933056883196
1.9698798174590257,2.580344722732889,0.3700318293376636,-0.5827418598703313,-1.0334176112132112,-0.9842530361752951,-0.4675542495756449,0.3973185252040561,-0.3410475775182748,-0.9902064706735354,-1.3681547458042387,-0.8149240894771981,-1.1528878985586906,1.9591403585669536,-0.30079257272539645,0.6217903123874604,0.6277255379604256
1.1502062473269372,-0.8583719571587995,1.483289982558671,-0.0026044328932750627,-1.3188991840698694,-0.37695224421567664,-0.6577132528265406,-1.1027788392794577,-0.5627200091491062,-0.28038490449683706,0.5382525432687821,0.18910517914287897,1.2175335297854197,1.1611629352477266,0.8282512410019318,-0.4727740027780515,-0.43924316407237385
-0.735042963976867,-0.4146665791082593,-0.5576832983465095,0.7709121364094663,1.792849960067636,0.577377571720867,0.958638274806073,1.3426065946362677,0.9570118315684041,0.6111230874510375,0.3221951749177211,0.5504561358851398,-0.12761399551235317,-0.7619466873942096,0.22419698771924312,0.5872251234874967,1.2273539261817916
0.16659796316843153,-0.5255929236208943,1.3905184697902535,-0.19598357521896068,-0.19124697128608387,0.23034854774394187,-0.3249349971374731,0.11582080670469919,-0.1844434803938194,0.3119402649770985,-0.21701634958443644,0.3411728440989737,0.3215986453955487,0.16572348663573017,0.5736629300634162,-1.267773347477213,-1.1015659914395022
-1.3907818200825368,-0.1928138900829889,-0.0938257345044232,-0.2926731463818035,0.9007200448905847,0.4906203157266358,0.45947089127247176,0.7400720105381283,0.5606219585172659,0.5386334452652105,0.11943195475672769,-0.5225497325056125,-0.5525136268871597,-1.3836147689112257,-0.286560928014548,0.5987468531208175,0.47457942877391257
-1.2268471060561197,0.3618178324801865,-0.46491178557809215,1.641118276875051,1.61442397703221,1.3581928756689476,0.24554201261521405,1.4136839645840367,0.37422149305647134,1.2050079679899344,-0.45701316455044166,1.4744587591168559,-0.8874331278258865,-1.2379438156598477,0.9152224031237844,0.5411382049542108,-0.19103255023106078
0.16659796316843153,-0.7474456126461646,0.09171729103241152,-0.19598357521896068,0.044275326320650114,0.23034854774394187,-0.7052530036392646,0.4349227094066409,-0.6206580639591687,0.3119402649770985,0.6246773651785947,-0.2523016592745666,0.6287757788264313,0.1599582973037267,-0.1126186037708419,0.09179074925468536,0.31429345383695395
-1.1448797490429112,2.4694183782202535,0.09171729103241152,-2.3231541408015004,0.36544209578438547,0.9244065956977916,0.19800226180249014,-0.4926579819410412,0.33126116512017395,0.8872681726876441,-1.608515916335327,-2.2931445567418423,-1.6399043786445904,-1.1320754819309151,-1.8520418462079016,-1.0949474029773951,-0.5900226885438502
-1.0629123920297012,2.580344722732889,-0.5576832983465095,-2.3231541408015004,-0.20552104992893064,0.750892083709329,-1.3945793904237616,-0.4507957610341739,-1.6079668868241759,0.7518515263711428,-1.7951922731601027,-2.153463441493242,-1.6512177638609042,-1.0397892801205229,-1.9516633591838424,-2.005164044009769,-1.9284266239095833
-0.07930410787119559,0.02903879894228149,-2.2275705281780205,0.7709121364094663,-0.5623730159997433,-0.11668047623298272,-1.8699768985510008,-1.5525277109205653,-2.529684333985121,-0.014476959580863336,0.4271406296438075,-0.1000604161320325,-0.3279540945880743,-0.06659195934512505,-0.9427978785703479,2.3615714870189577,1.7483635679375806
-0.8989776780032841,2.580344722732889,0.6483463676429156,-0.3893627175446463,1.089851586908126,-0.8107385241868326,2.0520525434987236,1.1371051774244474,1.6828108162049602,-0.7726783407028834,-1.3478196254539596,-0.6659218727894073,-1.624281014385109,-0.906818534102808,0.004397141629469683,0.7600510679873137,0.682838883697007
-1.1448797490429112,1.3601549330939027,0.27726031656924627,-0.8728105733588598,0.8864459662477775,1.011163851692023,0.31685163883429995,0.8212704853301495,0.437585533678028,0.9531069969387995,-0.9655203694546506,-1.057603863724068,-1.3239371096025634,-1.142896671114243,-0.590169348512653,0.46048609752096437,0.5440527292220653
1.0682388903137285,-0.5255929236208943,-0.5576832983465095,0.5775329940837812,-1.3474473413555232,-0.6372240121983705,-0.9429517577028842,-0.8405723409223997,-0.9274560387990313,-0.5675873644269371,0.09861933024451763,0.8024687606476171,0.6501090885315698,1.0812942616609336,0.08820571603780074,-0.36907843607816104,-0.40867812080361465
-0.48914089293723984,-0.8583719571587995,-0.27936876004125744,1.5444287057122081,1.0791460279260108,0.40386305973240444,1.7668140386223798,1.1851307390420138,1.5089576209163353,0.4646490664410443,1.3679229320178583,0.8791178865841418,0.5306485057402854,-0.506087061307288,1.0006122713888768,1.5550504126864741,1.3756064195168731
-0.48914089293723984,-0.4146665791082593,0.462803342106081,1.5444287057122081,-0.03423210621492788,-0.9842530361752951,-2.8445417902118413,0.21027931237287534,-2.8041417031446296,-0.9902064706735354,0.9703757062756798,0.5382451633448131,-0.04175329595648629,-0.48093678315486554,1.6204794632391741,2.4076584055522434,1.3753657498848377
1.5600430323929815,-0.5255929236208943,-0.18659724727284058,1.2543599922236803,-1.0976509651059425,-1.1577675481637577,-0.30116512173111115,-1.1027788392794577,-0.1590816139620979,-1.2217781224792306,0.7749815013065631,0.6574181658202106,0.8292966029693998,1.5580751497018062,0.8551332365668679,1.439833116353265,1.739659349578894
1.109222568820332,0.6945968660180921,-1.2998554004938478,0.2874642805952528,-0.212658089250354,-1.2445248041579886,-0.22985549551202525,0.8722779638510422,-0.08419584172473729,-1.3434207969926282,-0.7581031688019155,0.2713810269169757,-0.48957280957906535,1.090761112339293,-0.5711938222315213,0.06874728998804351,0.3483080951649174
0.6584021052476844,-0.13735071782667133,-1.2070838877254306,0.2874642805952528,-0.8835397854634787,-0.8107385241868326,-1.3708095150173996,-1.3502935043163888,-1.5682489367817558,-0.7726783407028834,0.5333647464678821,-0.42065007333018056,0.05112862231028709,0.665983560896294,-0.5142672433881268,2.056245651735946,1.3967251797281628
-1.5547165341089555,-0.7474456126461646,-0.9287693494201784,1.5444287057122081,2.114016729531371,-0.11668047623298272,0.4832407666788337,1.662727530206692,0.5806698696426701,-0.014476959580863336,0.42713674939556934,1.7902221979362096,-0.05810940876197808,-1.5676088575750566,0.45822847851986587,-0.16168730267838022,0.08517596413728011
1.3141409613533543,-1.30207733520934,-0.6504548111149269,1.3510495633865227,-1.3474473413555232,-1.2445248041579886,-1.3470396396110376,-1.1793069189638352,-1.5290243901929277,-1.3434207969926282,1.1864275111154625,1.9275107060449337,2.333715147026795,1.3232462919812098,0.5578499914958065,-0.7032085954444752,-0.5879769966715336
-0.9809450350164927,-0.1928138900829889,-1.0215408621885957,0.4808434229209384,0.6509236686410436,2.52941583159107,1.5053454091523981,0.5237074574389393,1.3407198199493684,2.530809295077329,-0.1996724091114963,0.6221861617848073,-0.4204202006175963,-0.9776147565210574,-0.280235752587504,-0.23081768047830786,-0.25513089556370816
-0.40717353592403127,-0.3037402345956241,0.09171729103241152,-0.2926731463818035,0.6330810703375048,-0.4637095002099079,1.3864960321205884,0.7259416640431159,1.2611807176678118,-0.37358794334610596,0.3619507798778232,-0.6233204420875136,-0.1287583423386462,-0.415828689639031,-0.19168329660889016,0.9328770124871317,0.7393962472258125
-0.8170103209900755,0.13996514345491606,0.18448880380082888,0.7709121364094663,0.568847716444734,0.23034854774394187,0.7922491469615393,0.7259416640431159,0.8303315311366507,0.3119402649770985,-0.3647254086394188,0.7371640041781558,-0.629946799652181,-0.815441696162816,0.742861372736839,0.18396458632125587,-0.007882960250541294
0.002663249142012967,-1.4130036797219752,-1.1143123749570132,0.19077470943241,0.9435422808190853,-0.11668047623298272,0.4832407666788337,1.5089227848811773,0.5806698696426701,-0.014476959580863336,1.3852007026784203,0.6649601410615477,1.9502027988416575,-0.02224607176654787,-0.5158485372448876,-0.9682083770108627,-0.9416811325559399
1.3141409613533543,2.247565689194983,2.318233597474426,1.4477391345493653,-0.9156564624098245,-0.7239812681926012,-0.9904915085156082,-0.9005446326752814,-0.9925621679584964,-0.6686677176331566,-1.4711014593887137,1.7086437424872913,-1.1579387530357008,1.3112350724676105,3.0531316974646066,-0.20777422121166497,0.6440910729389742
-1.1448797490429112,2.1366393446823477,1.0194324187165842,0.09408513826956774,0.9364052414976619,-0.029923220238752032,0.8160190223679012,0.8722779638510422,0.8487428684025978,0.0699531769801072,-1.3538771420544795,0.0597473111852727,-1.5592318543835268,-1.143932653158074,0.6622153860420305,0.08026901962136444,0.18072180805615817
-1.1448797490429112,-1.1911509906967048,-1.2070838877254306,-0.3893627175446463,0.5652791967840421,0.05683403575547927,-0.9429517577028842,0.967753400325564,-0.9274560387990313,0.1524422178765131,0.8280238979077543,0.03025019728487771,0.8134802357251074,-1.1362298279860343,-0.9127532952918895,-1.1295125918773588,-1.4345725389686856
-0.3252061789108227,-0.3037402345956241,0.09171729103241152,-0.09929400405611787,0.697314424230236,-0.4637095002099079,1.2914165304951406,1.1371051774244474,1.1960745885083495,-0.37358794334610596,-0.17733551209267234,0.10915748180630261,-0.10128291390155002,-0.33710642901732224,-0.033553910932793654,-0.5419043805779781,-0.7404010969619317
1.0682388903137285,-1.1911509906967048,0.27726031656924627,-0.48605228870748857,-1.5651270406587185,-0.8107385241868326,-0.7052530036392646,-1.4468080202105298,-0.6206580639591687,-0.7726783407028834,1.1940546288009635,-0.36776229868755544,1.9044143113303613,1.087211469950663,-0.26126022630637236,-0.4497305435114096,-1.0355422890505552
-0.9809450350164927,-0.6365192681335294,2.503776623011262,0.38415385175809563,1.8606518336210989,0.40386305973240444,1.552885159965122,1.4876591842248124,1.371982802024321,0.4646490664410443,0.6089646519602862,0.18546531667397242,0.031097095007021982,-1.0031961560987617,1.8829742434614951,0.518094745687569,0.7664715808300279
1.8059451034326086,0.13996514345491606,-1.0215408621885957,-0.2926731463818035,-1.8149234169082993,-1.8518255961176076,-0.6577132528265406,-1.4468080202105298,-0.5627200091491062,-2.334649750106048,-0.865389351152302,0.36965900056569245,0.12799647195888822,1.820828544778229,-0.7609490850428371,-1.5558165883102424,-1.3602056226691073
1.5600430323929815,0.4727441769928217,-1.2998554004938478,-0.09929400405611787,-1.5401474030337565,-1.0710102921695264,-0.5626337512010927,-0.9639457283928805,-0.4499388990964361,-1.1041244592143058,-0.6608763691022713,-0.0697398616143498,-0.22062695842862964,1.5707002275632462,-0.7925749621780565,-0.11560038414509445,-0.33326830276520536
0.49446739122126576,0.13996514345491606,-1.1143123749570132,0.2874642805952528,0.11564571953480472,-0.11668047623298272,0.5545503928979196,0.6059092947591945,0.6400610010521738,-0.014476959580863336,-0.04287001702399405,-0.14624766877292794,-0.25097516384664664,0.47948496885031455,-0.45734066454473216,1.1633116051535544,1.530397104522308
2.37971660252507,-0.8583719571587995,-0.7432263238833442,-0.0026044328932750627,-1.3046251054270226,-1.33128206015222,-1.4896588920492093,0.31805501330887553,-1.7720316016056874,-1.469332496695443,0.38268934537833016,0.35195652756452483,1.7326972978192703,2.3703855129701794,-0.42413349355275165,-0.8184258917776865,-0.4487897261431942
0.8223368192741014,-0.8583719571587995,-0.37214027280967477,-0.0026044328932750627,-1.1654528386594052,-0.37695224421567664,-0.27739524632474916,-1.4468080202105298,-0.13392183626255794,-0.28038490449683706,0.27898054678469525,0.4692795406066601,1.080156524976393,0.8345252287653041,-0.21540270446030418,-1.0488604844441103,-0.8493041054588897
0.4125000342080572,0.02903879894228149,1.483289982558671,-0.48605228870748857,-0.7300934400530146,-0.37695224421567664,-1.2994998887983136,-1.1793069189638352,-1.4520075136212773,-0.28038490449683706,-0.2395597423110416,-0.5721332230845824,-0.18076423630822797,0.42047236532181725,0.31433073755461866,0.13787766778797114,0.12400399810599465
-0.735042963976867,2.580344722732889,0.8338893931797494,-2.3231541408015004,0.22270130935603663,0.05683403575547927,0.22177213720885208,0.6059092947591945,0.3528143914340528,0.1524422178765131,-1.7748571528098236,-2.173281196724169,-1.5973442649093137,-0.7276361485042406,-1.7381886885211122,-1.8899467476765566,-1.7719913630852238
-0.07930410787119559,-0.4146665791082593,-0.37214027280967477,-0.2926731463818035,-0.16983585332185333,0.40386305973240444,-0.15854586929293935,-1.031191601614447,-0.011045032048426011,0.4646490664410443,0.27898313949385767,-0.44086268692762864,0.10134786996995898,-0.07594914185730868,-0.4288773751230345,0.345268801187752,0.5709275047995818
0.90430417628731,0.3618178324801865,-1.0215408621885957,-0.48605228870748857,-1.1261991223916359,-1.1577675481637577,-1.2281902625792278,0.012563308347125364,-1.3398938880642481,-1.2217781224792306,-0.9253763117424788,0.0011468454454607133,-0.311334988780315,0.914087117611818,-0.8811274181566701,-1.3253819956438189,-1.1679506982765044
1.64201038940619,-0.1928138900829889,-0.001054221736005843,-0.8728105733588598,-1.2403917515342913,-0.29019498822144535,-0.3249349971374731,0.5065099470716516,-0.1844434803938194,-0.18954169161124898,-0.27944850007855215,-0.7432185680379708,0.4249777275076089,1.642770545572355,-0.7040225061994423,-0.6225564880112266,-0.6071503440238504
-1.3088144630693284,-0.5255929236208943,-0.0938257345044232,0.5775329940837812,1.4716831906039007,1.2714356196747167,1.2914165304951406,1.3904939102015168,1.1960745885083495,1.143671170989933,0.4142550100734721,0.41737212919318745,-0.21596389791794077,-1.3150386113087955,0.39655801810618846,0.43744263825432145,-0.1716987564573832
-1.3907818200825368,0.2508914879675513,0.3700318293376636,1.641118276875051,1.2932572075684745,0.14359129174971055,-0.2536253709183872,1.2129786585655846,-0.10896095216611,0.2330774146353509,-0.5161163821740897,1.7532303837515038,-0.8660143135646342,-1.3914809868677067,1.6268046386662183,0.06874728998804351,-0.37370080094750213
2.37971660252507,0.9164495550433619,-0.46491178557809215,-0.48605228870748857,-1.5758325996408338,-0.6372240121983705,-0.5388638757947308,-0.5814427299733397,-0.42236199546769626,-0.5675873644269371,-0.7869108935114586,-0.637592512332531,-0.32795205029016544,2.378748240587686,-0.615470050220828,0.345268801187752,0.3846492096025767
1.0682388903137285,-0.7474456126461646,0.27726031656924627,-0.09929400405611787,-1.1904324762843672,-1.1577675481637577,-0.372474747950197,-1.031191601614447,-0.23578665058535841,-1.2217781224792306,-0.01732963611623676,0.5341521746025715,0.9885727818489315,1.0770306362295796,0.06764889589990829,-1.3945123734437455,-1.197633286227792
-0.735042963976867,0.6945968660180921,-0.18659724727284058,2.3179452750149507,-0.24120624653600795,1.2714356196747167,0.7922491469615393,-1.2615087562840905,0.8303315311366507,1.143671170989933,-0.7581031688019155,2.3459701462433054,-0.9441300113396697,-0.7174407603577845,1.6726621605122864,0.31070361228778814,-0.05577621702599949
-0.07930410787119559,2.1366393446823477,-1.3926269132622648,-2.3231541408015004,-0.9905953752847105,-0.7239812681926012,0.31685163883429995,-1.4468080202105298,0.437585533678028,-0.6686677176331566,-1.2876798464289634,-2.435225770663759,-1.369241833934351,-0.05636043265843445,-2.07974816158148,0.13787766778797012,-0.36118598008155417
0.4125000342080572,-1.4130036797219752,-0.5576832983465095,0.4808434229209384,-0.7407989990351298,-0.4637095002099079,-0.6577132528265406,-1.3502935043163888,-0.5627200091491062,-0.37358794334610596,2.145730624821543,0.36170328888188463,2.179164091923122,0.420742707147822,0.020210080197078893,0.33374707155443106,0.37185360749925095
1.1502062473269372,-1.0802246461840699,-0.0938257345044232,0.38415385175809563,-1.5544214816766033,-0.6372240121983705,-0.9904915085156082,-1.4468080202105298,-0.9925621679584964,-0.5675873644269371,0.5094426871542225,1.0792118363229293,1.675454335144369,1.167618243431353,0.24475380785713557,-1.256251617843892,-1.4703520909315908
1.3961083183665643,-1.0802246461840699,0.462803342106081,-0.6794314310331742,-1.597243717605104,-1.7650683401233762,-1.01426138392197,-0.6779572458674805,-1.0256256679196953,-2.175151703005463,0.4518267199442475,-0.1661174523969268,1.7899351088851134,1.410916089598739,-0.34348750685794216,-1.4982079401436368,-1.9581894350715499
-0.07930410787119559,-0.9692983016714347,-1.0215408621885957,0.4808434229209384,0.8650348482835073,1.4449501316631788,0.8635587731806251,1.0661721522227117,0.8852465743277103,1.2653138455033308,1.316067441055223,0.15572453085797783,0.8921659405209945,-0.10051902552968721,-0.280235752587504,0.8407031754205623,0.7382330106709646
-1.1448797490429112,-0.3037402345956241,-0.6504548111149269,2.3179452750149507,0.6509236686410436,0.14359129174971055,1.6955044124032939,0.7259416640431159,1.4639563547699697,0.2330774146353509,-0.17733551209267234,2.7608879077149227,-0.3760371982725142,-1.1380088313690502,1.2219934113354118,-0.25386113974494867,-0.2228009416600059
-0.2432388218976127,-0.5810560958772119,-0.8359978366517611,0.4808434229209384,-0.8764027461420553,2.52941583159107,-0.1823157446993013,-1.3502935043163888,-0.03524082396888361,2.0178152806316993,-0.6198278118909509,2.0490101668217657,0.24063213136179767,-0.22017783346209377,-0.16005741947367041,-2.345055068192744,-2.342960009291461
0.740369462260893,-0.08188754557035371,1.483289982558671,-0.2926731463818035,-1.0298490915524798,-0.29019498822144535,-1.2281902625792278,-1.031191601614447,-1.3398938880642481,-0.18954169161124898,-0.37399759104287406,-0.1125224096397528,0.021848576683508536,0.750361075465332,0.5198989389335437,-0.5419043805779791,-0.23716089637157592
0.33053267719484863,0.4727441769928217,0.462803342106081,-0.09929400405611787,-0.5088452210891273,-0.20343773222721404,1.1487972780569686,0.18740804436970973,1.0958269498392674,-0.10094175185183701,-0.8877397913926373,0.2863870315965321,-0.5426049171554403,0.3344292737010297,0.16885170273260977,-0.922121458477577,-0.9429647039268049
0.6584021052476844,1.1383022440686323,-1.6709414515675167,-0.6794314310331742,-0.5124137407498193,-0.029923220238752032,-0.9429517577028842,0.7814140826901749,-0.9274560387990313,0.0699531769801072,-1.08560477154493,-0.5801359768578854,-0.8431166618639717,0.6563604528833388,-1.2891012332009988,-0.46125227314473055,-1.0758143408114913
1.1502062473269372,0.2508914879675513,0.3700318293376636,0.19077470943241,-0.9192249820705559,-0.4637095002099079,0.6258600191170055,-0.41045614462078606,0.6983556179308059,-0.37358794334610596,-0.48154672502707085,0.19207077615081938,-0.15623193908661917,1.15022814491279,0.369676022541252,0.011138641821436807,-0.2852547111737315
-0.9809450350164927,-0.1928138900829889,-0.46491178557809215,-0.5827418598703313,1.9712759431030227,0.40386305973240444,0.7209395207424534,1.6657790237387187,0.7744444899712012,0.4646490664410443,-0.47888872749619205,-0.19338089013140677,-0.4204202006175963,-1.005526796653174,-0.6850469799183107,-1.1640777807773226,-0.8789064701994999
-0.48914089293723984,-0.6365192681335294,-0.18659724727284058,0.4808434229209384,1.0434608313189335,1.3581928756689476,-0.9191818822965222,1.0343264089833806,-0.8953995665596088,1.2050079679899344,0.8446665740825208,0.05704875031014777,0.2184294594427073,-0.505283405124233,0.2605667464247452,1.1057029569869499,0.9933027090253482
0.6584021052476844,1.914786655657078,-0.18659724727284058,-0.48605228870748857,0.6866088652481208,0.6641348277150978,0.45947089127247176,1.0869057876519248,0.5606219585172659,0.6821771964116963,-0.9885663146156226,-0.9477688426683447,-1.1636630532797667,0.6254077984181992,-0.48264136625290743,1.4859200348865467,1.1961872088329357
0.16659796316843153,-0.9692983016714347,0.462803342106081,-0.09929400405611787,-0.5623730159997433,-0.29019498822144535,-0.13477599388657738,-1.1793069189638352,0.012966759674150239,-0.18954169161124898,0.7156482387805491,0.08886322507801167,1.0006214420926054,0.17482359251291996,0.16885170273260977,-0.49581746204469335,-0.07141974310843444
-0.07930410787119559,-1.0802246461840699,0.3700318293376636,-0.48605228870748857,0.5081828822126947,0.31710580373817315,2.4799103008132386,0.8470673968451634,1.9268620135405587,0.38910700786658775,1.0856023592539752,-0.4555319114111821,1.1030504664406497,-0.09206282698401887,-0.21698399831706497,-0.20777422121166497,-0.14217661492745207
1.0682388903137285,-1.7457827132598804,0.27726031656924627,-0.2926731463818035,-1.3331732627126764,-2.1988546200945325,-2.392914157490964,-0.29755702949821744,-2.8041417031446296,-2.588353925259448,3.3038000522564284,-0.35419748413688046,3.907810502118668,1.0809065027484834,-0.09680566520323225,0.09179074925468536,-0.40964079933176517
0.2485653201816401,1.3601549330939027,-0.5576832983465095,-0.6794314310331742,0.6152384720339662,1.3581928756689476,0.958638274806073,0.9446438728006304,0.9570118315684041,1.2050079679899344,-0.8099567826571762,-1.0485491527621755,-1.0320102445698676,0.22621890311093093,-0.7957375498915782,1.1748333347868753,0.7969162892827686
0.33053267719484863,-0.4146665791082593,-1.0215408621885957,-0.0026044328932750627,-1.1333361617130198,-0.8974957801810638,-0.9667216331092462,-1.2615087562840905,-0.9598413011043403,-0.8797942129914668,-0.5420455335595568,0.9165470451821713,0.24444903589640424,0.35006472097913194,-0.5806815853720869,-1.809294640243308,-1.066307890346012
0.002663249142012967,-0.08188754557035371,-0.7432263238833442,-0.09929400405611787,-0.0627802635005818,-1.0710102921695264,0.31685163883429995,-1.4468080202105298,0.437585533678028,-1.1041244592143058,0.5478595914501773,-0.7964653695356697,-0.2071133947992748,0.0018609594978736795,-0.48896654167995146,2.2463541906857465,1.8932867980294794
-0.5711082499504484,0.8055232105307267,0.18448880380082888,-0.48605228870748857,0.8650348482835073,0.6641348277150978,1.7905839140287418,1.2401445191878813,1.5238166384313312,0.6821771964116963,-0.906258738538895,-0.40183289417703594,-0.9608690974052865,-0.581411439749515,-0.30553645429567927,-0.3575567064448401,-0.4816812425216492
-0.8989776780032841,-0.08188754557035371,-0.0938257345044232,1.1576704210608375,0.6152384720339662,0.577377571720867,1.3864960321205884,0.7948593042719118,1.2611807176678118,0.6111230874510375,-0.37399759104287406,1.4737451172187361,-0.48695580438934283,-0.8966524040893135,0.8519706488533458,-0.36907843607816104,-0.4372375838053953
1.9698798174590257,2.580344722732889,-2.0420275026411856,-0.6794314310331742,-1.3474473413555232,-0.4637095002099079,-0.1823157446993013,0.37802730506175736,-0.03524082396888361,-0.37358794334610596,-1.4494952272053556,-0.7762520085580709,-1.1528878985586906,1.9684517061686129,-1.4535557943041388,0.14939939742129105,-0.07579190809045118
0.002663249142012967,0.02903879894228149,-0.9287693494201784,1.5444287057122081,-0.7051138024280525,-0.8107385241868326,-0.27739524632474916,-1.1027788392794577,-0.13392183626255794,-0.7726783407028834,-0.09140410409885306,1.2152882486665588,-0.3034224515414332,0.01732010404498991,0.45822847851986587,0.8407031754205623,0.2466652872344247
-0.9809450350164927,-0.5255929236208943,-0.0938257345044232,0.38415385175809563,0.7080199832123514,-0.6372240121983705,0.3643913896470239,0.8212704853301495,0.4791326514601071,-0.5675873644269371,0.14371014164865414,0.5360744480959417,-0.0965055549593876,-0.9788260546567111,0.24475380785713557,-0.2769045990115916,-0.2774329481325119
-0.16127146488440414,-0.8583719571587995,-1.1143123749570132,0.2874642805952528,-0.5980582126068206,-0.9842530361752951,-1.4183492658301236,-1.3502935043163888,-1.6481908116124702,-0.9902064706735354,1.3160685327210413,-0.18835364868734694,0.6680255105493123,-0.14622023935377873,-0.45734066454473216,1.2900506311200868,1.0561977061978052
-0.9809450350164927,0.02903879894228149,-0.46491178557809215,-0.8728105733588598,1.8285351566747134,0.05683403575547927,0.6971696453360914,1.6222747341391754,0.7555934763980802,0.1524422178765131,-0.7210655665006547,-0.45418007978073555,-0.5978021681011259,-1.002519247565639,-0.8937777690107579,-1.4060341030770662,-1.2608892878483076
0.2485653201816401,0.13996514345491606,-1.2070838877254306,1.5444287057122081,-0.34826183635723984,0.05683403575547927,-0.4675542495756449,-1.5525277109205653,-0.3410475775182748,0.1524422178765131,0.10017682369397259,0.7859266942051578,-0.32203234556018423,0.2499944220509977,0.22577828157600435,1.773963275719576,2.1514049783896696
-0.2432388218976127,0.4727441769928217,1.5760614953270884,-0.8728105733588598,-0.15556177467900656,-0.8974957801810638,-0.42001449876292096,0.3583946297222634,-0.2879785065486689,-0.8797942129914668,-0.4988310674662959,-1.0339075519854641,-0.6928612978946187,-0.23704800800502313,-0.05885461264096892,0.36831226045439486,-0.43017794126562875
1.8059451034326086,0.02903879894228149,-1.485398426030682,0.09408513826956774,-1.3974066166054473,-0.5504667562041392,-0.30116512173111115,-0.6779572458674805,-0.1590816139620979,-0.46927668735086014,-0.6840266569476079,0.6593914895745167,0.23627369548467042,1.808610416335537,-0.7894123744645342,-1.1755995104106436,-0.8665922073602493
0.002663249142012967,0.02903879894228149,1.8543760336323394,0.19077470943241,-0.16983585332185333,-0.5504667562041392,-0.42001449876292096,-0.8405723409223997,-0.2879785065486689,-0.46927668735086014,-0.6099488378415133,0.646090633217114,-0.3034224515414332,0.004433592738113124,1.255200582327391,-0.933643188110899,-1.1154446068869956
1.5600430323929815,1.3601549330939027,0.8338893931797494,-0.09929400405611787,-0.6337434092138979,-0.8107385241868326,-0.2536253709183872,0.4349227094066409,-0.10896095216611,-0.7726783407028834,-1.302574807515845,0.2977249488284599,-0.757255548068507,1.5448730714263805,0.3712573163980128,-0.9451649177442188,-0.19873397845625765
-0.3252061789108227,-0.8583719571587995,1.1122039314850014,0.38415385175809563,-0.20552104992893064,-1.1577675481637577,-0.03969649226112952,-0.7836769365775159,0.10722854746078214,-1.2217781224792306,0.7975245397528682,0.3397107521412483,0.5993370081447986,-0.3162718290634767,1.005356152959159,0.14939939742129207,0.44040434102459114
-0.8989776780032841,-0.9692983016714347,0.09171729103241152,2.3179452750149507,1.4502720726396305,-0.11668047623298272,-0.5626337512010927,1.6222747341391754,-0.4499388990964361,-0.014476959580863336,0.8793989303100056,2.466807631308043,0.530647601948958,-0.9145205737240271,1.9430634100184112,0.13787766778797114,-0.876700331905821
-0.8989776780032841,-0.3037402345956241,-0.18659724727284058,0.09408513826956774,1.7214795668534815,0.40386305973240444,0.5545503928979196,1.2796851604177446,0.6400610010521738,0.4646490664410443,-0.05288482933025038,0.16562600823858822,-0.2936109129612247,-0.9203058953214381,-0.03671649864631567,-0.17320903231170115,0.5398811222667473
-0.3252061789108227,0.02903879894228149,-1.0215408621885957,0.09408513826956774,-0.5980582126068206,2.52941583159107,-0.8003325052647124,-1.031191601614447,-0.7398244853787111,2.530809295077329,-0.6099488378415133,0.5337721161721476,-0.4015490237279979,-0.3071801631042202,-0.5205924188151704,-0.9451649177442198,-1.0484582259698996
-0.9809450350164927,0.2508914879675513,-0.0938257345044232,-0.8728105733588598,0.543868078819772,2.52941583159107,-0.5150940003883688,0.5406424001166761,-0.39502385590537664,2.530809295077329,-0.48154672502707085,-0.9007409562658389,-0.7515332854230188,-0.9753425228396313,-0.7419735587617055,-0.11560038414509548,-0.48047789436146177
-1.3088144630693284,0.5836705215054568,0.27726031656924627,-0.9695001445217023,0.28693466324880745,0.8376493397035604,-0.7527927544519885,0.23268850280246456,-0.6796791355505106,0.8201986452008109,-1.0095191181942003,-0.6385180606223874,-1.0304501317679735,-1.2910007056566823,-0.6723966290642228,-1.2447298882105702,-1.5342097666321997
-1.0629123920297012,0.3618178324801865,-0.27936876004125744,0.674222565246624,0.543868078819772,-0.29019498822144535,0.7447093961488154,0.47129374484483205,0.793183627434161,-0.18954169161124898,-0.69119473814646,0.9197729046918574,-0.8431178863608424,-1.0555637329623657,0.34595661468983796,-0.380600165711482,-0.5355511284927036
-1.3088144630693284,0.02903879894228149,2.503776623011262,0.8676017075723091,2.0069611397101,-0.29019498822144535,0.8397888977742632,1.4060076903538665,0.8670474726790395,-0.18954169161124898,-0.1284430136519002,0.6232714106313088,-0.6959287402876906,-1.3258467318676124,2.4838659090306607,0.6448337716541023,1.006138422734012
0.9862715333005201,-0.4146665791082593,-0.6504548111149269,-0.09929400405611787,0.10494016055268945,-1.1577675481637577,-0.7765626298583505,1.055658166400302,-0.7096086050858172,-1.2217781224792306,0.6678914583086324,-0.5786389893602502,0.4734109013787164,0.961679271445908,-0.4383651382636005,1.4052679274533002,1.2839514013159365
0.5764347482344758,-0.4146665791082593,0.6483463676429156,-0.2926731463818035,-0.9549101786776333,-0.11668047623298272,-0.8003325052647124,-0.5361622715405847,-0.7398244853787111,-0.014476959580863336,0.3221951749177211,-0.478584098057801,0.3303097354522711,0.5872753094776059,0.09294959760808355,0.4604860975209633,0.07234025042861485
2.2157818884986527,1.3601549330939027,-0.27936876004125744,-0.09929400405611787,-0.7193878810708992,-1.0710102921695264,-0.4675542495756449,0.7400720105381283,-0.3410475775182748,-1.1041244592143058,-0.732174989258439,-0.6295833311126148,-0.6198781998178264,2.1913681922205392,-0.23595952459819708,1.589615601586439,1.2712761340286294
-0.3252061789108227,-0.6365192681335294,-0.9287693494201784,-0.09929400405611787,0.36544209578438547,-1.2445248041579886,-0.3249349971374731,0.7400720105381283,-0.1844434803938194,-1.3434207969926282,0.18470119214026343,0.12453911820709622,0.28087358092126896,-0.3294601784042006,-0.5901693485126528,-0.5764695694779419,-0.054412422444454135
1.5600430323929815,-0.5255929236208943,0.462803342106081,-0.09929400405611787,-1.204706554927214,-1.5047965721406826,0.22177213720885208,-1.031191601614447,0.3528143914340528,-1.7352404416114184,0.23389176445692678,-0.07431357021231802,0.8292966029693998,1.561126705008419,0.16885170273260977,-0.10407865451177352,0.18044102681878177
-0.07930410787119559,-1.1911509906967048,2.1326905719375913,-0.2926731463818035,-0.24120624653600795,-0.11668047623298272,-0.44378437416928296,-1.1793069189638352,-0.31440155107636625,-0.014476959580863336,0.7670187760922196,0.20107243692290583,1.3387447906461556,-0.07424937775828587,0.8519706488533458,-1.2332081585772492,-0.34630457450056945
-0.16127146488440414,0.13996514345491606,0.8338893931797494,0.09408513826956774,0.3975587727307709,0.9244065956977916,1.2201069042760546,-0.16294147958385466,1.146348593970529,0.8872681726876441,-0.40048711881891064,0.0974884034592173,-0.44046098174941334,-0.16969222345828283,0.554687403782285,-0.011904817445205055,0.6734527680475445
0.002663249142012967,-0.6365192681335294,-1.485398426030682,1.5444287057122081,0.4724976856056174,-0.5504667562041392,0.38816126505338583,0.9562588187127592,0.49970298737076374,-0.46927668735086014,1.0332281117803086,0.8197709765311726,0.40576182387839316,-0.010978939015756289,-0.006671915367857159,1.6933111682863295,1.2741641696130794
0.08463060615522153,-0.08188754557035371,0.3700318293376636,-0.2926731463818035,-0.5552359766783199,-0.29019498822144535,-1.2757300133919518,-1.2615087562840905,-1.4141922664956448,-0.18954169161124898,-0.02830114760798042,-0.48970618390151055,-0.18167317574563221,0.09417818201091778,-0.0493668495004033,0.49505128642092716,0.8351025375660471
-1.2268471060561197,0.3618178324801865,-0.18659724727284058,1.8344974192007366,1.6465406539785954,-0.11668047623298272,0.24554201261521405,1.3094931744597256,0.37422149305647134,-0.014476959580863336,-0.28974061198185735,1.351950896916209,-0.8874331278258865,-1.2385999086347286,1.3010581041734597,1.1402681458869126,0.5574500054054818
0.5764347482344758,1.6929339666318077,-1.2998554004938478,1.5444287057122081,0.6152384720339662,-0.8974957801810638,0.4832407666788337,1.2925582317819888,0.5806698696426701,-0.8797942129914668,-0.9510490100031938,0.914536141636098,-1.0987018400746578,0.5470392765967155,0.14829488259471688,1.4743983052532277,1.4637316164479308
-0.653075606963657,1.4710812776065372,0.3700318293376636,-0.8728105733588598,1.5787387804251327,0.40386305973240444,-0.5864036266074547,1.3747600691022437,-0.477758774168862,0.4646490664410443,-1.2134102139325882,-0.7992062006826375,-1.2619496694270829,-0.677297639348215,-0.5522182959503896,-0.4497305435114086,0.20871970858318456
2.420700281031675,2.580344722732889,-0.9287693494201784,-0.0026044328932750627,-2.2110290992468813,-0.5504667562041392,-0.4675542495756449,-0.9639457283928805,-0.3410475775182748,-0.46927668735086014,-1.7138517917589857,0.5879690434458517,-1.0788118375002536,2.4388091568718395,-0.5284988880989752,-1.267773347477213,-1.5084581160041903
-0.07930410787119559,-0.3037402345956241,1.1122039314850014,-0.2926731463818035,0.07996052292772741,-0.11668047623298272,-0.372474747950197,-0.5814427299733397,-0.23578665058535841,-0.014476959580863336,0.11304941435297891,-0.40603581685256035,-0.018856628590260514,-0.08189292963293919,0.33014367612222784,0.24157323448786053,1.0059378647073145
0.002663249142012967,-0.1928138900829889,1.6688330080955056,-1.066189715684545,0.21199575037392135,-0.20343773222721404,1.4340357829333124,0.18740804436970973,1.293237189907237,-0.10094175185183701,-0.11989631814444013,-1.0870508644993058,-0.10339597757064439,-0.004735027181226593,-0.23279693688467507,-0.1847307619450231,0.08806399972172876
-0.8170103209900755,1.0273758995559972,-0.37214027280967477,1.3510495633865227,0.5795532754268493,1.53170738765741,0.293081763427938,0.5237074574389393,0.4166051548611586,1.3246228858805913,-0.9823384295017472,1.4713175744607327,-1.1215843497849012,-0.8156737843738455,0.7808124252991024,-0.0003830878118841238,-0.14843402536042746
-1.3088144630693284,-0.08188754557035371,-0.18659724727284058,0.964291278735152,0.6866088652481208,0.4906203157266358,2.503680176219601,0.6824373744435721,1.9398827965070022,0.5386334452652105,-0.48922973885450594,1.4764013138897913,-0.6141568996575558,-1.2991277958544079,0.6321708027635715,-0.7377737843444401,-1.0090686295264337
-0.9809450350164927,0.3618178324801865,0.09171729103241152,-0.09929400405611787,0.5081828822126947,2.52941583159107,0.5070106420851956,0.6675483294242277,0.6005912946825762,2.530809295077329,-0.8250127802013277,0.29204700612736584,-0.8209602656283204,-0.9745848071870599,-0.033553910932793654,-0.933643188110899,-1.0356626238665738
2.625618673564697,2.580344722732889,2.503776623011262,-2.3231541408015004,-1.415249214908986,-0.6372240121983705,-0.08723624307385346,-0.19509495404983115,0.06044938971628145,-0.5675873644269371,-1.85619763421094,-2.089531587891134,-1.0451409006555092,2.6157935491742452,-1.4820190837258358,-2.3508159330094043,-1.8730726085409637
0.002663249142012967,0.02903879894228149,0.6483463676429156,-0.8728105733588598,-0.23406920721458455,0.05683403575547927,0.45947089127247176,-0.5814427299733397,0.5606219585172659,0.1524422178765131,0.01971262456028833,-1.163673069462314,-0.3034224515414332,0.005977918732709643,-0.4383651382636001,0.8983118235871689,1.2626120272752819
-0.2432388218976127,-1.6348563687472453,-0.37214027280967477,-0.2926731463818035,0.29407170257023085,1.2714356196747167,-0.15854586929293935,0.21027931237287534,-0.011045032048426011,1.143671170989933,2.4329183421032643,-0.1408065218149243,2.538451616254087,-0.24753628543047257,-0.4288773751230345,-0.4727740027780525,0.3785121339856198
-0.8989776780032841,-0.4146665791082593,-1.2998554004938478,-0.3893627175446463,0.8650348482835073,0.577377571720867,-0.7765626298583505,1.0125763552668556,-0.7096086050858172,0.6111230874510375,0.3654072103415853,-0.6076426853395048,-0.18485446188293106,-0.9020063825627349,-0.9586108171379575,0.5641816642208548,0.4369146313600488
0.4125000342080572,0.2508914879675513,-0.37214027280967477,-0.19598357521896068,-0.8478545888564013,-0.20343773222721404,-0.3487048725438351,-1.4468080202105298,-0.210010708302956,-0.10094175185183701,-0.03214118211582772,-0.6819420137052119,-0.3622977897415269,0.4234470252738458,-0.357719151568791,1.4628765756199067,0.9270784486097038
-0.8989776780032841,-0.3037402345956241,-0.6504548111149269,-1.452948000335916,-0.09846546010765911,1.0979211076862543,-0.01592661685476756,-1.1793069189638352,0.13036077835568,1.017759471287118,-0.011401268409443055,-1.484137550225317,-0.2936109129612247,-0.8813137504386629,-1.3681659260390469,-0.2423394101116288,-0.4999320229511578
1.2321736043401457,0.6945968660180921,-0.7432263238833442,0.19077470943241,-1.0619657684988653,-0.11668047623298272,0.6971696453360914,-0.9005446326752814,0.7555934763980802,-0.014476959580863336,-0.4530766625927352,-0.2521814259174423,-0.4592689961283581,1.234716146463135,-0.29446739729835286,1.20939852368684,1.0718813438855825
-0.9809450350164927,-0.7474456126461646,0.9266609059481667,0.09408513826956774,0.5795532754268493,1.1846783636804856,-0.8716421314837983,0.7540246121085826,-0.8322467535124602,1.081267593768474,0.6246773651785947,0.04119083789467521,0.1708523204341584,-0.9761000862489032,0.6084513949121575,0.12635593815464918,-0.46415247098825274
-0.07930410787119559,-0.08188754557035371,-0.0938257345044232,-0.3893627175446463,0.4011272923914628,-0.6372240121983705,-0.5388638757947308,1.1468780794048066,-0.42236199546769626,-0.5675873644269371,-0.5660511707289265,0.03025019728487771,-0.2325536138529174,-0.08952265260062027,-0.3624630331390743,-1.1295125918773588,-0.8385943068332214
-1.3907818200825368,0.13996514345491606,-0.18659724727284058,0.674222565246624,2.078331532924294,-0.029923220238752032,0.43570101586610976,1.7394593041711994,0.5404459448543757,0.0699531769801072,-0.3647254086394188,0.6390610415553541,-0.7957468903171019,-1.4071614850189893,0.4092083689602761,0.17244285668793496,-0.598847241718557
0.2485653201816401,-1.1911509906967048,-0.001054221736005843,-0.48605228870748857,-0.16983585332185333,-0.8974957801810638,0.293081763427938,0.11582080670469919,0.4166051548611586,-0.8797942129914668,0.8890290197232891,-0.13512316795462803,1.5003646536987862,0.24558179652438136,-0.39408891027429316,-1.0258170251774685,-0.5074730047549982
-1.3088144630693284,0.2508914879675513,-0.27936876004125744,-1.5496375714987587,0.044275326320650114,-0.29019498822144535,-0.30116512173111115,-0.41045614462078606,-0.1590816139620979,-0.18954169161124898,-0.6889646679091831,-1.4402690103802664,-0.843118107936311,-1.2860574646430105,-1.3270522857632618,-0.8875562695776142,-1.4660601491602558
0.9862715333005201,-0.1928138900829889,1.1122039314850014,-0.3893627175446463,-1.0583972488381732,-0.6372240121983705,-1.2044203871728658,-0.7836769365775159,-1.3033901821391358,-0.5675873644269371,-0.35922459104560794,-0.11857938054120391,0.213628245476308,0.9928635020200364,0.23368475085980872,-0.7953824325110447,-0.5030607281676448
1.8059451034326086,0.02903879894228149,-0.9287693494201784,0.09408513826956774,-1.4901881277838325,-1.0710102921695264,-0.9191818822965222,-0.014826162234466606,-0.8953995665596088,-1.1041244592143058,-0.6840266569476079,0.6593914895745167,0.23627369548467042,1.8113230592487768,-0.46682842768529736,-1.1755995104106436,-0.7893372554762194
-1.1448797490429112,1.4710812776065372,1.2049754442534188,-1.066189715684545,0.29407170257023085,0.750892083709329,0.10292276017704227,0.18740804436970973,0.24354620819824443,0.7518515263711428,-1.1881153202280295,-1.0393372694030658,-1.3624696864714692,-1.1305906531820107,-0.4067392611283812,-0.3575567064448401,-0.538880391735888
-0.07930410787119559,-0.4146665791082593,0.9266609059481667,1.5444287057122081,0.8650348482835073,0.40386305973240444,0.269311888021576,0.9329060151260258,0.3954844380192065,0.4646490664410443,0.4086192457654491,1.1804018523054485,0.10134786996995898,-0.10051902552968721,2.0078964581456096,0.9098335532204899,0.9456100102765889
0.90430417628731,0.02903879894228149,-0.9287693494201784,-0.0026044328932750627,-1.204706554927214,-0.37695224421567664,-0.9429517577028842,-1.3502935043163888,-0.9274560387990313,-0.28038490449683706,-0.2765986518640887,-0.04315078689386866,-0.03357437802838164,0.9161818743277721,-0.5284988880989752,0.08026901962136546,-0.27113542609419844
-0.16127146488440414,0.3618178324801865,1.483289982558671,-0.0026044328932750627,0.5795532754268493,-0.4637095002099079,-0.5150940003883688,1.2666609340775468,-0.39502385590537664,-0.37358794334610596,-0.5239221855778754,-0.05663999449507206,-0.5993840583031004,-0.17396857687360798,0.8282512410019318,0.11483420852132825,-0.32492508885457383
-1.636683891122164,0.3618178324801865,-0.37214027280967477,2.3179452750149507,1.400312797389746,-0.20343773222721404,0.5307805174915576,1.0235046919343256,0.6203878196850902,-0.10094175185183701,-0.39010414352300804,1.9981931910875808,-0.9982212314884965,-1.6337080153615724,1.492394660841537,0.8522249050538832,0.521108890967824
0.16659796316843153,-0.8583719571587995,0.18448880380082888,-0.2926731463818035,0.044275326320650114,-0.5504667562041392,-0.42001449876292096,0.4532572954238153,-0.2879785065486689,-0.46927668735086014,0.7975245397528682,-0.3460562075475584,0.8054025153583395,0.1599582973037267,-0.1442444809060612,0.06874728998804351,0.22797327914618176
0.2485653201816401,-0.08188754557035371,-0.27936876004125744,-0.19598357521896068,-0.5695100553211667,-0.8107385241868326,-0.01592661685476756,-0.04290911029993382,0.13036077835568,-0.7726783407028834,-0.48922973885450594,0.14762212023959978,-0.13079273763834703,0.2554722542527689,-0.3086990420092013,-0.8760345399442943,-0.8377118515157528
-0.3252061789108227,2.580344722732889,-0.46491178557809215,-2.3231541408015004,0.19415315207038272,-0.11668047623298272,-1.2757300133919518,0.5737558202932183,-1.4141922664956448,-0.014476959580863336,-1.6731815510584271,-2.262796179622929,-1.5300023912198255,-0.3255081301963605,-1.9374317144729938,-1.3138602660104979,-0.8261597091779525
0.33053267719484863,0.02903879894228149,0.5555748548744983,1.5444287057122081,0.5795532754268493,0.14359129174971055,1.3627261567142264,0.71162898546923,1.2450296062642032,0.2330774146353509,0.09379044366638296,0.9402060260590512,-0.205295879354869,0.30731032875156916,1.6979628622204617,1.416789657086621,1.0529887777706408
0.08463060615522153,-0.08188754557035371,0.3700318293376636,-0.5827418598703313,0.11564571953480472,0.6641348277150978,-0.03969649226112952,0.8846715810477487,0.10722854746078214,0.6821771964116963,-0.5660511707289265,-0.1983917103455774,-0.18167317574563221,0.0778947347776802,-0.30079257272539645,-1.1525560511440018,-1.1237878207976284
-0.9809450350164927,0.02903879894228149,-0.27936876004125744,-1.5496375714987587,0.7115885028730828,-0.11668047623298272,1.3627261567142264,0.7948593042719118,1.2450296062642032,-0.014476959580863336,-0.46179319962932475,-1.4899788714320483,-0.5978021681011259,-0.978901747865488,-1.3270522857632618,-0.6801651361778324,-0.671730028620573
-0.5711082499504484,-0.9692983016714347,-0.46491178557809215,1.5444287057122081,0.29407170257023085,1.011163851692023,-0.6577132528265406,-0.9005446326752814,-0.5627200091491062,0.9531069969387995,1.2614838772120713,1.2094360443404173,0.6752549373777728,-0.5686469646128489,0.8456454734263018,0.8522249050538832,1.4070138064977644
-0.07930410787119559,-0.5255929236208943,0.27726031656924627,0.4808434229209384,0.5795532754268493,0.31710580373817315,0.5783202683042816,0.7948593042719118,0.6596123662739154,0.38910700786658775,0.2789825758610633,0.47422604525912687,0.23200488817663395,-0.09375542593607773,0.5610125792093286,0.08026901962136546,0.5422075953764431
-0.07930410787119559,-0.8583719571587995,0.462803342106081,-0.0026044328932750627,-0.6266063698924745,-1.1577675481637577,-1.4658890166428475,0.16405524078297637,-1.7302093293295229,-1.2217781224792306,0.7975245397528682,-0.05215608196664102,0.7023697617515687,-0.0650588083566839,0.25424157099770206,0.10331247888800732,-0.8203836380090538
0.33053267719484863,0.2508914879675513,1.761604520863923,-0.09929400405611787,-0.6872712041245138,0.05683403575547927,-1.1331107609537798,-0.7836769365775159,-1.196344832782428,0.1524422178765131,-0.5852556964681269,0.0342851043207029,-0.38519399536984955,0.33889091438500096,0.8772713505615216,-0.36907843607816104,0.10539221322842923
0.9862715333005201,-0.5255929236208943,1.0194324187165842,-0.09929400405611787,-1.0476916898560185,-1.6783110841291449,-0.8478722560774363,-0.9639457283928805,-0.8011377787729798,-2.022442901541517,0.14371014164865414,0.01970527087260789,0.6202445027919319,0.9925755950871448,0.4724601232307147,-0.33451324717819725,-0.08349333631564806
0.740369462260893,-0.1928138900829889,-1.9492559898727684,-0.9695001445217023,-0.36967295432151,-0.8107385241868326,-0.6339433774201787,1.0661721522227117,-0.5341448331772878,-0.7726783407028834,-0.9176572278150001,-0.07887446353105297,0.1343721897145699,0.7330927042615575,-1.5452708379962747,-2.4775549589759365,-2.1773592466470086
-0.16127146488440414,-0.3037402345956241,-0.6504548111149269,-0.48605228870748857,0.386853213748616,-0.7239812681926012,-0.7052530036392646,0.8212704853301495,-0.6206580639591687,-0.6686677176331566,-0.260302633934287,-0.22302829745342664,-0.04633205702735669,-0.1694405367185996,-0.7040225061994421,-0.8184258917776865,-0.34080928456904713
0.49446739122126576,1.304691760837585,-1.0215408621885957,-2.3231541408015004,-0.8656971871599399,-0.11668047623298272,-1.9650564001764488,-1.1793069189638352,-2.7513567656159523,-0.014476959580863336,-1.256955999636105,-2.2923690190158785,-0.9561484477549606,0.5044387525443584,-2.0228215827380858,-1.1007082677940565,-0.752976085235891
0.002663249142012967,-0.7474456126461646,-0.27936876004125744,-0.09929400405611787,-1.0833768864631352,-0.4637095002099079,-0.396244623356559,-1.669395407018331,-0.26177474292628716,-0.37358794334610596,-0.01732963611623676,0.5341521746025715,0.5633581419132493,0.026450102461455086,-0.23595952459819708,-1.3945123734437455,-1.4225390573668115
-0.3252061789108227,-1.30207733520934,0.3700318293376636,1.5444287057122081,0.48677176424846413,0.05683403575547927,-0.7290228790456266,-0.7836769365775159,-0.6500306980473303,0.1524422178765131,2.8716933816902204,0.5723817901304713,1.4751099402215198,-0.3322572391952152,1.5429960642578868,2.315484568485674,2.231547965858151
-0.2432388218976127,0.8055232105307267,2.0399190591691743,-1.8397062849872867,-0.027095066893504497,0.23034854774394187,1.4340357829333124,0.23268850280246456,1.293237189907237,0.3119402649770985,-1.172939077806111,-1.6253862143850513,-0.8823677835838681,-0.24004737277963223,-0.9918179881299376,-1.5558165883102435,-1.4579174932763233
-0.735042963976867,-0.5255929236208943,2.503776623011262,0.4808434229209384,0.4225384103556933,2.052250923622798,-1.1331107609537798,0.4532572954238153,-1.196344832782428,1.6612553920670199,0.4142550100734721,0.32243803707652274,-0.006911797740472859,-0.7320197977834468,2.0031525765753284,0.4259209086210005,0.41156409678543415
0.740369462260893,0.9164495550433619,2.0399190591691743,-0.5827418598703313,-0.7407989990351298,-0.7239812681926012,-0.8954120068901603,-0.7295580473227278,-0.8636652753719254,-0.6686677176331566,-1.0749915297808792,-0.33695717935606767,-0.7095556894301983,0.7427924001757322,0.4677162416604319,-0.8184258917776865,-0.34080928456904713
1.4780756753797728,1.914786655657078,-0.8359978366517611,0.2874642805952528,-0.9905953752847105,-0.8974957801810638,0.43570101586610976,0.23268850280246456,0.5404459448543757,-0.8797942129914668,-1.2651238790769308,0.21742127795554686,-1.0110215128231332,1.474456148223917,-0.286560928014548,0.1954863159545768,-0.02589307104801301
1.4780756753797728,-0.4146665791082593,-1.3926269132622648,1.641118276875051,-0.7051138024280525,0.40386305973240444,-0.7290228790456266,-1.3502935043163888,-0.6500306980473303,0.4646490664410443,0.9703757062756798,0.6162717475632119,0.6451323004904501,1.4663976022675387,0.12457547474330284,2.4191801351855644,2.764390531189117
-1.5547165341089555,-1.0802246461840699,-0.46491178557809215,-0.0026044328932750627,0.9720904381047789,0.6641348277150978,-0.15854586929293935,0.7540246121085826,-0.011045032048426011,0.6821771964116963,0.9127544576240499,0.1995068621441229,0.41616582399618585,-1.545295495386995,-0.2675854017334164,-0.49581746204469435,-0.29636562585279463
0.16659796316843153,0.4172810047365041,0.9266609059481667,0.4808434229209384,-1.0262805718917878,-0.8974957801810638,-1.6322781444873813,-0.4926579819410412,-2.0353119831112827,-0.8797942129914668,-1.021491558754186,1.3243476211332934,-0.5487379474720276,0.1862255870885191,0.9816367451077447,-1.4348384271603696,-1.7662152919163236
-0.3252061789108227,-1.4130036797219752,2.503776623011262,0.7709121364094663,1.300394246889898,0.05683403575547927,1.0537177764315209,1.2839928054406171,1.0271821725509864,0.1524422178765131,1.869174289496771,0.8760608406258589,1.7670337643764862,-0.3509647300142504,2.3636875759168277,-0.09255692487845259,0.046027037325852546
1.5600430323929815,-1.30207733520934,2.503776623011262,0.7709121364094663,-0.9905953752847105,-1.5047965721406826,0.055383009364318336,-0.9639457283928805,0.19875772114794182,-1.7352404416114184,2.223514200699929,0.3480798156206591,2.4625059280475874,1.5550254419545664,2.3636875759168277,1.071137768086985,0.6200241097352245
0.49446739122126576,0.9164495550433619,-1.0215408621885957,-0.09929400405611787,-1.4188177345696777,-0.8974957801810638,-0.9904915085156082,-0.9639457283928805,-0.9925621679584964,-0.8797942129914668,-1.1614157206617053,0.3791518086140233,-0.7667962353012034,0.5185647145222977,-0.6407707519290037,-1.1064691326107159,-1.6434737795772132
0.33053267719484863,-0.6365192681335294,-0.37214027280967477,0.964291278735152,0.008590129713572809,0.05683403575547927,-0.20608562010566328,-1.1027788392794577,-0.05962345783116127,0.1524422178765131,0.9860877273558618,0.36043454710325923,0.5306500668355169,0.32151590367552824,0.4961795310821292,1.5089634941531904,1.7822979860548651
1.4780756753797728,1.1383022440686323,-1.1143123749570132,-0.6794314310331742,-0.6694286058209752,-0.6372240121983705,-1.109340885547418,0.9504665486349366,-1.1614545839158594,-0.5675873644269371,-1.0037292103193323,-0.6947512778938107,-0.6623570168971809,1.465391198011808,-1.0424193915462883,-0.11560038414509548,-0.7454551592347196
-0.8989776780032841,0.4727441769928217,-1.1143123749570132,-0.6794314310331742,0.29407170257023085,0.577377571720867,-1.1806505117665038,-1.3502935043163888,-1.2673036705589338,0.6111230874510375,-0.2395585848487352,-1.0808064802878992,-0.8645828758822514,-0.8897576437952267,-1.0424193915462883,1.3130940903867305,1.6315585731887283
-1.2268471060561197,0.02903879894228149,0.09171729103241152,-0.2926731463818035,1.22188681435432,0.05683403575547927,2.0045127926859996,1.0765874137159805,1.6544919232895583,0.1524422178765131,-0.16548192320494734,-0.4560722826291754,-0.6713970972410495,-1.2299153322301388,-0.19168329660889016,0.3913557197210367,0.2797974732449181
0.49446739122126576,0.13996514345491606,0.8338893931797494,-0.09929400405611787,-0.2768914431430852,-0.29019498822144535,-0.6101735020138167,0.3973185252040561,-0.5058259402618857,-0.18954169161124898,-0.3647254086394188,-0.14576265942706293,-0.25097516384664664,0.48944989674822154,0.3712573163980128,0.08026901962136546,-0.3615068729242701
0.740369462260893,-0.4146665791082593,-0.6504548111149269,-0.3893627175446463,-1.1333361617130198,-0.4637095002099079,-0.372474747950197,-1.5525277109205653,-0.23578665058535841,-0.37358794334610596,-0.06671314389705361,-0.20441762889490084,0.387550201822849,0.7530738571316684,-0.6376081642154819,-0.5879912991112628,-0.34602379326319305
-1.0629123920297012,0.13996514345491606,0.462803342106081,-0.19598357521896068,1.0791460279260108,1.011163851692023,0.31685163883429995,0.8784920820606595,0.437585533678028,0.9531069969387995,-0.15015514756246884,-0.4781037312342053,-0.7010039813657186,-1.066790506222145,0.08346183446751794,0.7600510679873137,0.48789648174665307
-1.1448797490429112,0.2508914879675513,0.18448880380082888,-1.066189715684545,1.714342527532058,1.4449501316631788,1.2438767796824166,0.47129374484483205,1.1630110885471505,1.2653138455033308,-0.48154672502707085,-1.0994339985234132,-0.7973256966796652,-1.1600268947811943,-0.7894123744645342,-0.13864384341173835,-0.18212777384567364
1.2321736043401457,-0.08188754557035371,-0.0938257345044232,1.5444287057122081,-1.3474473413555232,0.05683403575547927,-0.27739524632474916,-1.3502935043163888,-0.13392183626255794,0.1524422178765131,-0.2203547272940325,1.6035782763955801,0.1744898910053636,1.242595615207784,1.1555790693514507,0.13787766778797114,-0.02761787007761516
-1.3088144630693284,0.02903879894228149,0.27726031656924627,-0.6794314310331742,1.3289424041755915,0.23034854774394187,0.982408150212435,1.2490539421824454,0.9747011517543914,0.3119402649770985,-0.16548192320494734,-0.8332703067261823,-0.6959287402876906,-1.312150955992935,-0.42571478740951246,0.345268801187752,0.10523176680706986
-1.3907818200825368,0.02903879894228149,0.462803342106081,-0.48605228870748857,0.8650348482835073,0.31710580373817315,1.7192742878096559,0.8212704853301495,1.4790281513810286,0.38910700786658775,-0.42475429007627763,-0.37206509328105086,-0.7204603833343314,-1.3828987967825628,-0.17270777032775805,-0.4382088138780877,-0.7686396671209964
-1.3088144630693284,-0.6365192681335294,0.3700318293376636,-1.2595688580102304,2.299579751888221,-0.7239812681926012,1.1012575272442449,1.813894341088107,1.0616910995893223,-0.6686677176331566,0.09042042329136915,-1.0876733839433164,-0.09379114795010174,-1.3317414665561045,-0.8874525935837139,-0.9451649177442198,-1.260889287848309
-0.07930410787119559,-0.5255929236208943,0.27726031656924627,-0.09929400405611787,0.2655235452845373,0.23034854774394187,0.5070106420851956,0.8342439337995095,0.6005912946825762,0.3119402649770985,0.23389176445692678,-0.07431357021231802,0.23200488817663395,-0.08630289839103135,0.06764889589990829,-0.10407865451177352,-0.4386816015976196
-1.3088144630693284,-1.52393002423461,-0.46491178557809215,-0.5827418598703313,0.4011272923914628,-1.2445248041579886,-0.8003325052647124,0.140200188059598,-0.7398244853787111,-1.3434207969926282,1.2419820889145976,0.09166725402267542,1.511903363680692,-1.2933245985686301,-0.6850469799183107,-1.7632077217100233,-1.601356593970655
-0.8170103209900755,0.4727441769928217,-0.0938257345044232,0.8676017075723091,0.4011272923914628,0.23034854774394187,1.1487972780569686,-1.2615087562840905,1.0958269498392674,0.3119402649770985,0.019713897768825848,-0.03668755932292489,-0.8431176786337973,-0.8118038201814268,0.6242643334797667,2.4191801351855644,2.2669264017676585
0.5764347482344758,-0.8583719571587995,0.27726031656924627,-0.19598357521896068,-1.2225491532307526,-1.0710102921695264,-1.5371986428619333,-1.5525277109205653,-1.857375591346672,-1.1041244592143058,0.38268934537833016,0.1315314372056606,0.9771237713696228,0.5941693891401619,-0.014578384651661985,-0.8414693510443294,-0.7987233711256803
0.2485653201816401,-0.8583719571587995,-0.001054221736005843,0.38415385175809563,-0.6337434092138979,-0.5504667562041392,-0.44378437416928296,-1.3502935043163888,-0.31440155107636625,-0.46927668735086014,0.9530877376433202,0.19472004285342395,0.839746766560596,0.2570638751635874,0.30326168055729136,0.49505128642092716,0.9613738711750422
-1.3907818200825368,-0.08188754557035371,-0.8359978366517611,1.0609808498979947,0.4546550873020787,-0.20343773222721404,2.194671795936895,0.5573226723308153,1.7662747609991496,-0.10094175185183701,-0.48922973885450594,1.5871329133606413,-0.6395971187111984,-1.374654774014651,0.21945310614896074,-0.7262520547111181,-0.9965538086604843
-0.07930410787119559,-1.0802246461840699,1.0194324187165842,-0.3893627175446463,0.022864208356379957,-0.11668047623298272,-0.8716421314837983,-1.1793069189638352,-0.8322467535124602,-0.014476959580863336,1.4312981625138275,-0.5864494313173699,1.1030504664406497,-0.08053508774961989,0.18782722901374102,0.49505128642092716,1.655866206024512
-0.48914089293723984,-1.0802246461840699,0.18448880380082888,0.38415385175809563,0.4368124889985401,1.53170738765741,0.958638274806073,-0.3339280649364083,0.9570118315684041,1.3246228858805913,1.7193779985637034,-0.05506593534161438,0.9122491768727429,-0.4915965345806557,0.4202774259576029,1.1633116051535544,1.3948198784745323
-1.0629123920297012,-0.1928138900829889,-0.37214027280967477,1.2543599922236803,0.7722533371051222,0.31710580373817315,1.0774876518378829,0.5899490597007058,1.0444837796477284,0.38910700786658775,-0.1996724091114963,1.4447637670777627,-0.44683888587150866,-1.0603579591529781,0.7096542017448595,-0.13864384341173835,-0.12340438362853014
-0.3252061789108227,0.02903879894228149,-1.485398426030682,0.674222565246624,0.22270130935603663,-0.6372240121983705,-1.01426138392197,0.7814140826901749,-1.0256256679196953,-0.5675873644269371,-0.2765986518640887,0.6445263869012837,-0.4015490237279979,-0.32616706985102134,-0.4763161908258634,0.16092112705461403,0.1191103822545646
0.90430417628731,-0.3037402345956241,-1.2070838877254306,-0.3893627175446463,-1.0334176112132112,-0.4637095002099079,-1.4658890166428475,-0.5814427299733397,-1.7302093293295229,-0.37358794334610596,0.030082292511364635,-0.4241555443966656,0.3108485126548965,0.9116126952725888,-0.9127532952918895,-0.00038308781188310046,-0.5363934722048341
1.3961083183665643,-1.1911509906967048,-1.3926269132622648,-0.3893627175446463,-1.0762398471417118,-1.33128206015222,-0.7052530036392646,0.23268850280246456,-0.6206580639591687,-1.469332496695443,0.8280238979077543,0.03025019728487771,2.0660341743829918,1.3962874390448679,-1.0044683389840252,-1.1295125918773588,-1.3827483448699494
0.16659796316843153,-1.0802246461840699,1.2977469570218363,0.38415385175809563,-0.6337434092138979,-0.29019498822144535,-1.4896588920492093,-1.3502935043163888,-1.7720316016056874,-0.18954169161124898,1.7193779985637034,-0.05506593534161438,1.2175312401813938,0.17657580039716278,1.1223718983594706,1.1633116051535544,1.259242652426755
1.1502062473269372,-0.08188754557035371,0.6483463676429156,0.7709121364094663,-1.0619657684988653,-0.8974957801810638,-1.774897396925553,-1.1403830234820427,-2.3225585927294037,-0.8797942129914668,0.2789845798897035,0.17011253886875397,0.1490496719517215,1.1541305892661116,1.067026613372837,1.5435286830531534,1.0110320385854406
-0.16127146488440414,0.2508914879675513,0.741117880411332,0.2874642805952528,0.4832032445877326,0.9244065956977916,1.552885159965122,0.11582080670469919,1.371982802024321,0.8872681726876441,-0.44697706788005204,0.24174404361427587,-0.5225712291397879,-0.1717051710724365,0.6811909123231613,0.13787766778797114,0.7911402181138698
-1.3907818200825368,-1.0802246461840699,0.3700318293376636,-0.19598357521896068,1.507368387210978,0.8376493397035604,0.055383009364318336,1.2221080697668647,0.19875772114794182,0.8201986452008109,1.661762031353728,-0.5449359545764426,0.49248633982334905,-1.3957643424680581,0.034441724907927754,0.9789639310204155,0.6561245545408455
1.3961083183665643,1.3601549330939027,0.9266609059481667,-0.5827418598703313,-0.7229564007315912,-0.8107385241868326,-1.01426138392197,0.11582080670469919,-1.0256256679196953,-0.7726783407028834,-0.8358840471234218,-0.9338564224254304,-0.791599885131177,1.38639251635128,-0.044622967930120494,1.071137768086985,1.257918969450548
-0.735042963976867,2.580344722732889,0.741117880411332,-2.3231541408015004,0.22270130935603663,-0.029923220238752032,0.269311888021576,0.5899490597007058,0.3954844380192065,0.0699531769801072,-1.7545220324595443,-2.1924167574001925,-1.5973442649093137,-0.7276361485042406,-1.752420333231961,-1.7747294513433454,-1.614753870154076
1.3141409613533543,-0.5255929236208943,-0.8359978366517611,0.38415385175809563,-1.0619657684988653,-0.20343773222721404,0.6496298945233675,-0.8405723409223997,0.7175504210839777,-0.10094175185183701,0.4593458214776082,0.18085638929131856,0.7397028457504845,1.315301703660157,-0.22330917374410944,0.529616475320891,0.8111960207836582
-0.8989776780032841,0.2508914879675513,-0.5576832983465095,-0.6794314310331742,1.4181553956932849,0.23034854774394187,1.624194786184208,1.3261734466738646,1.4183044454023228,0.3119402649770985,-0.6889646679091831,-0.4636162999809621,-0.7286370797946958,-0.9138348861997259,-0.7957375498915782,-0.7838607028777238,-0.9235506869424511
0.6584021052476844,-1.4130036797219752,0.3700318293376636,0.4808434229209384,-1.1832954369629438,-0.5504667562041392,-1.2757300133919518,-0.9639457283928805,-1.4141922664956448,-0.46927668735086014,1.800035205665578,0.6278901662442831,2.316540867772001,0.6737708242631805,0.6211017457662455,-0.24233941011162777,-0.5579334042721877
-0.7896878686523423,1.4710812776065372,-0.18659724727284058,-0.9695001445217023,-0.3982211116071639,1.9654936676285666,0.24554201261521405,-1.4468080202105298,0.37422149305647134,1.607297754991093,-1.3145897887508229,-0.7541235079172652,-1.2898718963838576,-0.7676070048374333,-0.8542454225917337,-0.922121458477577,-0.7298918563629637
1.5600430323929815,-0.1928138900829889,-1.6709414515675167,-0.3893627175446463,-1.2760769481413685,-0.029923220238752032,-0.5626337512010927,0.039292727020321674,-0.4499388990964361,0.0699531769801072,-0.08000827266091222,-0.428151216909784,0.39855904225369654,1.5631621024639633,-1.1420409045222293,0.01113864182143783,-0.07607268932782615
1.1502062473269372,-0.6365192681335294,-0.7432263238833442,-0.6794314310331742,-1.0691028078202884,-0.6372240121983705,-0.13477599388657738,-0.41045614462078606,0.012966759674150239,-0.5675873644269371,0.46754349868694517,-0.7449788146995269,0.8428706742283264,1.154325794197648,-0.8779648304431482,0.04570383072140062,0.5020157668261833
-0.9809450350164927,-1.0802246461840699,-0.8359978366517611,-0.8728105733588598,0.24054390765957528,-0.20343773222721404,-0.5864036266074547,0.18740804436970973,-0.477758774168862,-0.10094175185183701,0.27897881831432186,-0.2512498377556177,0.6832876293912553,-0.9688970824018345,-1.0455819792598104,-1.8669032884099137,-1.5351724451603503
-0.2432388218976127,-1.52393002423461,0.3700318293376636,0.5775329940837812,-0.6337434092138979,0.05683403575547927,-0.5150940003883688,-1.3502935043163888,-0.39502385590537664,0.1524422178765131,1.8346025252693527,0.9865343539543983,2.1497238049713485,-0.22586457343495905,0.7049103201745767,-0.7032085954444762,-0.587976996671535
1.64201038940619,0.02903879894228149,-0.46491178557809215,-1.066189715684545,-1.4188177345696777,-0.8107385241868326,-0.5150940003883688,-0.9005446326752814,-0.39502385590537664,-0.7726783407028834,-0.5729099282884665,-0.8527806054157964,0.1872104093913883,1.6479023381346718,-1.0329316284057228,-0.9682083770108627,-0.6239972182664756
-0.07930410787119559,-0.6365192681335294,-1.0215408621885957,0.2874642805952528,0.22270130935603663,-0.8107385241868326,-1.1331107609537798,0.5737558202932183,-1.196344832782428,-0.7726783407028834,1.0332281117803086,-0.269265140173781,0.37453976313911236,-0.08528562265908973,-0.4004140857013372,1.5435286830531534,1.081468017561741
-0.9809450350164927,0.6945968660180921,-0.18659724727284058,0.2874642805952528,0.6366495899981968,0.14359129174971055,-0.44378437416928296,-1.1793069189638352,-0.31440155107636625,0.2330774146353509,-0.20905545762539088,-0.4446803339813807,-1.0047376382410835,-0.97731187115219,0.11192512388921477,2.142658623985854,2.3061555517897636
-0.5711082499504484,0.02903879894228149,-0.8359978366517611,0.09408513826956774,1.5430535838180552,-0.20343773222721404,0.5545503928979196,1.3587998340437553,0.6400610010521738,-0.10094175185183701,0.31602390098466576,-0.5535938133786792,-0.4751439528679206,-0.5965161006864259,-0.4130644365554248,1.9352674905860732,1.9309515954433432
-0.07930410787119559,-0.9692983016714347,0.6483463676429156,0.674222565246624,0.5510051181411953,1.011163851692023,-0.8241023806710743,0.9847749701421894,-0.7703323110645232,0.9531069969387995,0.8793989303100056,0.7513390943027595,0.8921659405209945,-0.09307846798193539,0.9784741573942235,-0.05799173597848878,-0.6856888672787467
0.16659796316843153,-0.8583719571587995,0.462803342106081,-0.776121002196017,-0.09846546010765911,0.750892083709329,-0.7527927544519885,0.47129374484483205,-0.6796791355505106,0.7518515263711428,0.6938157411592334,-0.7659135398026131,0.8054025153583395,0.16345143704759346,-0.4288773751230345,-0.2192959508449859,-0.5331444321723288
0.2485653201816401,2.580344722732889,-0.5576832983465095,-2.3231541408015004,-0.6266063698924745,0.05683403575547927,1.4102659075269504,-1.2615087562840905,1.2772496347645668,0.1524422178765131,-1.6528464307081479,-2.2789968313143283,-1.4357237680545418,0.2568869998726508,-1.9516633591838424,-1.1986429696772865,-0.3801186578018355
-0.16127146488440414,-0.08188754557035371,-0.27936876004125744,1.1576704210608375,1.1505164211401653,-0.7239812681926012,-0.3249349971374731,1.0661721522227117,-0.1844434803938194,-0.6686677176331566,0.5478595914501773,0.21452516857913623,-0.2579938329065595,-0.18735619465534017,0.7096542017448595,2.3961366759189207,2.700452632277826
-1.3088144630693284,0.2508914879675513,-1.0215408621885957,-0.3893627175446463,2.149701926138449,0.9244065956977916,-0.06346636766749149,1.5802906145345286,0.08392559745065886,0.8872681726876441,-0.1358501535568838,-0.7596933823564456,-0.843118107936311,-1.3287234201455833,-0.8210382515997536,1.0941812273536269,1.115402435679024
-0.16127146488440414,0.2508914879675513,0.09171729103241152,-0.6794314310331742,2.135427847495602,0.8376493397035604,0.8635587731806251,1.7105718069825548,0.8852465743277103,0.8201986452008109,-0.17041981070390225,-0.9926364519863996,-0.5225712291397879,-0.21034912298524233,-0.5079420679610827,0.9443987421204526,1.083152704986005
0.49446739122126576,2.1366393446823477,0.462803342106081,-2.2264645696386576,-1.0548287291774419,-0.6372240121983705,-1.5134287674555713,-1.2615087562840905,-1.8144152634103718,-0.5675873644269371,-1.6627978549735558,-2.0625959778892065,-1.2669395152309486,0.509263947775654,-1.709725399099415,-1.8092946402433092,-1.3253085260236737
-0.9809450350164927,2.580344722732889,1.761604520863923,2.3179452750149507,2.185387122745526,-0.11668047623298272,2.2659814221559813,1.6254394073253309,1.8071937188949945,-0.014476959580863336,-1.2054737830020048,1.4394475941129299,-1.6377493891230068,-1.0100336085141837,3.5654709070551602,1.8891805720527894,1.1158837749431008
1.1502062473269372,-0.1928138900829889,-1.0215408621885957,-0.2926731463818035,-1.0441231701953264,-1.4180393161464513,-1.085571010141056,0.140200188059598,-1.1269456568775238,-1.599823795294917,0.1593200002402556,-0.5581490543465649,0.2664656159841332,1.153642611413556,-0.7609490850428371,0.71396414945403,0.6647886612941957
1.8059451034326086,-0.7474456126461646,1.9471475464007568,1.0609808498979947,-0.8835397854634787,-0.6372240121983705,-0.44378437416928296,-0.8405723409223997,-0.31440155107636625,-0.5675873644269371,0.9209882888531319,0.68880343267645,1.2829521479582495,1.7936123125964853,2.3067609970734324,0.9328770124871317,0.4415675775794391
-0.8989776780032841,0.8055232105307267,-0.46491178557809215,1.0609808498979947,0.5081828822126947,1.0979211076862543,0.5545503928979196,0.5237074574389393,0.6400610010521738,1.017759471287118,-0.8173652921164896,1.0556213102378516,-1.0393704112267048,-0.8943555362595117,0.49776082493888996,0.17244285668793394,0.0404916357889893
-1.2268471060561197,1.4710812776065372,0.18448880380082888,0.09408513826956774,1.0791460279260108,0.4906203157266358,0.293081763427938,0.9090509624026475,0.4166051548611586,0.5386334452652105,-1.1375255328189122,0.08797350784438952,-1.3792230226455333,-1.2269914904835335,0.17833946587317584,0.01113864182143783,0.10322618654009132
0.16659796316843153,-0.9692983016714347,0.462803342106081,0.19077470943241,-0.2233636482324693,-0.6372240121983705,-0.8716421314837983,-0.9639457283928805,-0.8322467535124602,-0.5675873644269371,0.9339824941531583,0.19697504660086204,1.0006214420926054,0.16651024250517202,0.42502130752788575,-0.00038308781188310046,0.06046721524810008
0.2485653201816401,-0.4146665791082593,0.18448880380082888,0.5775329940837812,-0.34826183635723984,-1.6783110841291449,-0.5150940003883688,-0.1316938583322322,-0.39502385590537664,-2.022442901541517,0.3221951749177211,0.3633579115318781,0.2158288027111153,0.2499944220509977,0.5815693993472215,0.5641816642208538,0.5641486434971916
-1.3088144630693284,0.02903879894228149,-0.46491178557809215,1.641118276875051,1.2575720109613973,0.4906203157266358,-0.372474747950197,1.2129786585655846,-0.23578665058535841,0.5386334452652105,-0.09140410409885306,1.3071320387078513,-0.6959287402876906,-1.3107062596939467,0.9152224031237844,0.8522249050538832,0.3570524251289452
-0.8170103209900755,0.4727441769928217,0.8338893931797494,-0.0026044328932750627,1.1219682638545114,-1.0710102921695264,1.3389562813078644,1.0450435667450575,1.2287954553625056,-1.1041244592143058,-0.30437670550312534,-0.41844535593087767,-0.8431176786337973,-0.8274146374452563,0.46297236009014864,1.1633116051535544,0.8864052807953686
-0.16127146488440414,-0.7474456126461646,-1.3926269132622648,-0.2926731463818035,0.15133091614188202,-0.37695224421567664,-0.4675542495756449,0.7400720105381283,-0.3410475775182748,-0.28038490449683706,0.8222179809616198,-0.5043992241755145,0.49794050500006776,-0.16389958555595258,-0.9507043478541525,0.5411382049542119,-0.12757599058384658
1.8059451034326086,0.3618178324801865,1.6688330080955056,1.5444287057122081,-0.9192249820705559,0.05683403575547927,-0.15854586929293935,-0.028778763804921142,-0.011045032048426011,0.1524422178765131,-0.28974061198185735,1.0844311838235396,-0.06760116072257276,1.7946524395320889,2.6277636499959085,1.1057029569869476,0.8585277150843608
-0.8989776780032841,-0.4146665791082593,-0.37214027280967477,-0.48605228870748857,1.114831224533088,0.577377571720867,0.6020901437106435,1.1565656274395786,0.679043414640239,0.6111230874510375,-0.06671314389705361,-0.310646588703929,-0.18485446188293106,-0.9073528421653128,-0.5711938222315208,-0.5995130287445838,-0.3315033921302637
0.6584021052476844,-0.08188754557035371,-0.9287693494201784,-0.09929400405611787,0.008590129713572809,0.31710580373817315,1.3151864059015026,0.5737558202932183,1.2124774066676323,0.38910700786658775,-0.14353329541961152,-0.1803078519675275,-0.0035916423701340557,0.6428850737865185,-0.5901693485126528,0.17244285668793394,0.3144940118636528
-1.2268471060561197,-1.0802246461840699,2.503776623011262,0.5775329940837812,2.0319407773350617,0.6641348277150978,0.43570101586610976,1.4136839645840367,0.5404459448543757,0.6821771964116963,1.2584502608839014,0.4936584427366185,0.5688068556505113,-1.2464638079124484,2.1233309096891615,0.2646166937545024,0.7873296156066087
-0.9809450350164927,-0.1928138900829889,-0.0938257345044232,-0.2926731463818035,-0.34826183635723984,-0.6372240121983705,-0.5626337512010927,-1.5525277109205653,-0.4499388990964361,-0.5675873644269371,-0.47888872749619205,0.15013872911585077,-0.4204202006175963,-0.9563538389252891,-0.286560928014548,-1.1295125918773588,-0.24261607469775875
1.3961083183665643,1.6929339666318077,1.1122039314850014,-0.2926731463818035,-0.6337434092138979,-0.37695224421567664,-0.9429517577028842,0.37802730506175736,-0.9274560387990313,-0.28038490449683706,-1.4575351948935034,0.1669504532532823,-0.9389607095958324,1.383896921893531,0.33014367612222784,-1.1640777807773226,-0.38886298776586325
-1.1448797490429112,-0.5255929236208943,-1.3926269132622648,-0.2926731463818035,0.5081828822126947,-0.5504667562041392,2.337291048375067,0.6216431358584676,1.8475891789485712,-0.46927668735086014,0.0535285188403815,-0.09338192954801877,-0.15623472643866443,-1.1350433490421605,-0.9507043478541525,-0.5879912991112628,-1.0131600132710683
1.4780756753797728,1.6929339666318077,-1.0215408621885957,-0.48605228870748857,-0.5623730159997433,-0.9842530361752951,-1.2044203871728658,1.1321862460846799,-1.3033901821391358,-0.9902064706735354,-1.2645880768400521,-0.43511686708474195,-0.9229865965479498,1.4623732024224905,-0.8811274181566701,-0.26538286937827066,-0.7851656485209029
-0.48914089293723984,-0.4146665791082593,-0.0938257345044232,1.1576704210608375,-0.5480989373568965,0.23034854774394187,-0.5864036266074547,-0.9639457283928805,-0.477758774168862,0.3119402649770985,-0.4556214627118287,2.244770488108947,-0.04175329595648629,-0.46927561689852354,0.8519706488533458,-1.44059929197703,-1.524181865297304
-1.5547165341089555,1.6929339666318077,-0.37214027280967477,2.3179452750149507,1.2932572075684745,0.14359129174971055,0.4119311404597478,1.1851307390420138,0.5201401810160081,0.2330774146353509,-1.119877738299964,2.0543233366686438,-1.5140287793196048,-1.551585600070157,1.492394660841537,0.7600510679873137,0.5853676827218293
-1.2268471060561197,0.8055232105307267,1.3905184697902535,-0.19598357521896068,2.292442712566758,1.6184646436516414,1.1725671534633306,1.6504369091750932,1.1127574750934288,1.3829675087682554,-0.6395783992716788,-0.46361622997002455,-1.117871725048123,-1.251769602348285,0.5736629300634162,0.71396414945403,1.0527481081386039
1.4780756753797728,0.4727441769928217,0.09171729103241152,-0.776121002196017,-0.737230479374438,1.011163851692023,0.007843258551594406,0.23268850280246456,0.15332477335556308,0.9531069969387995,-0.7581035500838565,-0.6609492252742144,-0.2420921556770837,1.467303539631246,-0.5870067607991309,-0.5419043805779781,-0.3769498409800076
-0.16127146488440414,0.13996514345491606,0.462803342106081,0.2874642805952528,1.0791460279260108,0.577377571720867,-0.3249349971374731,1.5018801123375574,-0.1844434803938194,0.6111230874510375,-0.15015514756246884,-0.02536925831121728,-0.44046098174941334,-0.18568509278451129,0.510411175792978,0.8176597161539204,0.48428643726609083
-0.40717353592403127,-1.1911509906967048,0.5555748548744983,-0.0026044328932750627,-0.34826183635723984,-1.33128206015222,-0.9191818822965222,-1.1793069189638352,-0.8953995665596088,-1.469332496695443,1.1330495069854287,0.20473109573194517,1.1771249275935256,-0.39339131713635567,0.3064242682708138,-0.5073391916780153,-0.4499128510927026
-0.8989776780032841,0.9164495550433619,2.503776623011262,-0.0026044328932750627,-0.38394703296431715,0.577377571720867,0.7447093961488154,-1.4468080202105298,0.793183627434161,0.6111230874510375,-1.0749915297808792,0.31817621708852406,-1.0911593285702312,-0.8751609833726977,1.4022609110061626,-0.74929551397776,-0.9398761103156588
0.5764347482344758,-1.1911509906967048,2.1326905719375913,0.19077470943241,-0.8264434708921312,-1.1577675481637577,-1.4183492658301236,-0.4926579819410412,-1.6481908116124702,-1.2217781224792306,1.1940546288009635,0.3615614924797376,1.661984516751417,0.5839698560405188,1.4212364372872928,-0.3690784360781621,-0.3229997317982757
-0.07930410787119559,-1.0802246461840699,0.09171729103241152,-0.3893627175446463,-0.38394703296431715,-0.7239812681926012,0.1504625109897662,-0.9639457283928805,0.28770826227459045,-0.6686677176331566,0.9127544576240499,-0.22286457124992004,1.1030504664406497,-0.07084779484596233,-0.2707479894469384,-0.5419043805779791,0.2381215152970958
0.90430417628731,0.3618178324801865,-0.18659724727284058,0.09408513826956774,-0.7407989990351298,-0.9842530361752951,-0.22985549551202525,-1.031191601614447,-0.08419584172473729,-0.9902064706735354,-0.5239221855778754,0.04119083789467521,-0.311334988780315,0.9038172466896873,-0.03671649864631567,0.12635593815464918,0.6866494862042666
0.2485653201816401,-0.08188754557035371,-1.3926269132622648,1.2543599922236803,-0.2768914431430852,-0.9842530361752951,-2.297834655865516,0.4532572954238153,-2.8041417031446296,-0.9902064706735354,0.47103815957575557,0.3729554692914009,-0.13079273763834703,0.24822883859309003,-0.09048048977618822,2.177223812885819,1.2964261105765464
-0.653075606963657,0.3618178324801865,-0.27936876004125744,-0.19598357521896068,0.4011272923914628,0.750892083709329,2.194671795936895,0.6824373744435721,1.7662747609991496,0.7518515263711428,-0.8919218012287617,0.2936935679750493,-0.7323297826982323,-0.6512968940523585,-0.3086990420092013,-1.1755995104106447,-1.3043702680364138
-0.3252061789108227,-1.1911509906967048,-0.5576832983465095,-0.5827418598703313,-0.4910026227855887,1.0979211076862543,-0.06346636766749149,-1.1027788392794577,0.08392559745065886,1.017759471287118,0.8890290197232891,-0.247620821361846,1.217529893356683,-0.3096617071911173,-0.7277419140508565,-1.0373387548107904,-1.124590052904421
-0.8989776780032841,-0.8583719571587995,-0.5576832983465095,-0.8728105733588598,0.3154828205344614,2.52941583159107,1.5053454091523981,0.2973213778796623,1.3407198199493684,2.0659786245656173,0.27898054678469525,-0.5546305513833556,0.35892724972900164,-0.8902176826605632,-0.9317288215730211,-1.1525560511440007,-1.2271153161523838
-0.653075606963657,0.02903879894228149,1.3905184697902535,-0.19598357521896068,0.2012901913918061,0.23034854774394187,1.671734536996932,-0.7295580473227278,1.4488122710881348,0.3119402649770985,0.056751534113335465,-0.5788483452900116,-0.4996755959145616,-0.6468675181612086,0.5736629300634162,1.0941812273536289,1.3509778938383736
0.90430417628731,-1.690319541003563,0.09171729103241152,0.2874642805952528,-1.2974880661055992,0.05683403575547927,-1.656048019893743,-1.1793069189638352,-2.0814082090060637,0.1524422178765131,2.4775911474257226,0.60658552290377,3.5254479229998967,0.9186586960316119,0.2827048604193989,-0.639839082461208,-0.8198421313369686
-1.0629123920297012,-1.1911509906967048,-1.1143123749570132,-1.066189715684545,0.5081828822126947,1.7919791556401041,0.3406215142406619,0.140200188059598,0.458427427137323,1.4968854973090242,1.3770699942475693,-1.090159784284264,0.8538852014882653,-1.0548140781146094,-1.2764508823469112,-0.17320903231170115,0.10126071787845226
1.887912460445817,0.2508914879675513,-0.9287693494201784,-0.19598357521896068,-1.6543400321764117,-0.7239812681926012,-0.7527927544519885,-1.031191601614447,-0.6796791355505106,-0.6686677176331566,-0.6889646679091831,0.07896853912976211,0.04983391156828857,1.8968466417813328,-0.6518398089263303,-0.7262520547111181,-0.6141297633529393
0.4125000342080572,-0.6365192681335294,1.2049754442534188,-0.776121002196017,-0.9941638949454025,0.577377571720867,0.8873286485869871,-1.4468080202105298,0.9033413825577722,0.6111230874510375,-0.14528149883086544,-0.3063400638119085,0.5618721275747977,0.4271455746581048,-0.1126186037708419,-1.463642751243673,-1.0055388082565504
1.3961083183665643,-0.08188754557035371,0.09171729103241152,0.964291278735152,-0.776484195642207,-0.7239812681926012,-0.22985549551202525,-1.031191601614447,-0.08419584172473729,-0.6686677176331566,0.3173952958269136,0.29587448370196867,0.2253703291126493,1.3878904770417289,0.8361577102857363,1.6817894386530066,1.5476450948183267
0.08463060615522153,2.358492033707618,-0.37214027280967477,-0.09929400405611787,0.5081828822126947,-0.029923220238752032,-0.8003325052647124,0.2761927924020081,-0.7398244853787111,0.0699531769801072,-1.2872293905127903,-0.3875568366496075,-1.4038395723912434,0.06839571487107886,-0.28656092801454763,0.7715727976206346,1.020739047077619
0.16659796316843153,-0.6365192681335294,0.5555748548744983,-0.48605228870748857,0.32261985985588476,0.23034854774394187,-0.396244623356559,0.8846715810477487,-0.26177474292628716,0.3119402649770985,0.6561050363847329,-0.6931823202818835,0.46820594535695526,0.15315475549895533,-0.1284315423384511,0.529616475320891,0.30418532929138226
-0.9809450350164927,0.5836705215054568,-0.0938257345044232,-1.8397062849872867,0.3475994974808468,0.750892083709329,-0.22985549551202525,0.18740804436970973,-0.08419584172473729,0.7518515263711428,-0.8838112359300525,-1.7727995646132635,-0.9471911769805326,-0.97117320150862,-1.5009946100069678,-0.8875562695776142,-0.9309713339302731
-1.1448797490429112,-0.1928138900829889,-0.6504548111149269,-0.09929400405611787,1.507368387210978,2.52941583159107,-0.7290228790456266,1.4098524678578341,-0.6500306980473303,2.0178152806316993,-0.00023218169385640257,-0.21827353499189497,-0.4732575711254215,-1.15575180543743,-0.4383651382636005,0.27613842338782435,-0.4006557997357005
0.49446739122126576,0.4727441769928217,-0.18659724727284058,-0.09929400405611787,-0.3982211116071639,-0.029923220238752032,-0.7765626298583505,0.7948593042719118,-0.7096086050858172,0.0699531769801072,-1.0173760327014176,0.5277008080606416,-0.4996745226585323,0.4925344334613416,-0.1853581211818461,-1.3829906438104245,-1.4095428972367883
0.08463060615522153,-0.02642437331403611,0.6483463676429156,-0.2926731463818035,-0.6337434092138979,-0.37695224421567664,-1.4896588920492093,-1.5525277109205653,-1.7720316016056874,-0.28038490449683706,0.0715669093735187,-0.6316644442427147,-0.23116578556777376,0.09608772563073813,0.09294959760808355,0.9616813365704351,0.4717515605974724
-0.653075606963657,0.8055232105307267,0.09171729103241152,0.19077470943241,0.22626982901676812,-0.8107385241868326,0.24554201261521405,0.3583946297222634,0.37422149305647134,-0.7726783407028834,-0.9358898873463632,0.3723662877852087,-0.9804944258606408,-0.6474214629716891,0.20364016758135065,-0.39212189534480396,-0.4912278045924695
-0.9809450350164927,0.6945968660180921,0.741117880411332,-0.48605228870748857,1.2861201682470909,2.52941583159107,1.1725671534633306,1.0450435667450575,1.1127574750934288,2.530809295077329,-0.6360925663182432,-0.6656823224110626,-1.0047376382410835,-0.9910685603350291,-0.03987908635983769,0.43744263825432145,-0.23443330720848377
0.16659796316843153,-0.7474456126461646,-0.9287693494201784,-0.19598357521896068,-0.580215614303282,-1.9385828521118385,0.10292276017704227,-0.0717215665793504,0.24354620819824443,-2.501568927563423,0.6740625191243508,-0.2937894210967903,0.6287757788264313,0.17526157825636401,-0.6518398089263303,0.20700804558789673,0.169971897825149
-0.3252061789108227,-1.0802246461840699,2.503776623011262,0.19077470943241,-0.13415065671477602,0.4906203157266358,0.0791528847706803,-1.1027788392794577,0.22123137754992137,0.5386334452652105,0.9703704248340246,0.3561829992378687,0.9885696926999051,-0.3179226960236085,1.6426175772338278,-0.35755670644484117,0.2905072718705835
-0.07930410787119559,0.13996514345491606,1.761604520863923,-0.3893627175446463,-0.0627802635005818,0.14359129174971055,1.0061780256187969,-1.031191601614447,0.992291923684418,0.2330774146353509,-0.18591685774196032,-0.6250511016584182,-0.4167752545115678,-0.07849750497264095,0.554687403782285,0.6217903123874604,1.1718795759971534
-0.8170103209900755,-1.7457827132598804,-0.46491178557809215,-0.48605228870748857,0.6866088652481208,1.1846783636804856,-0.8241023806710743,0.48904159866142893,-0.7703323110645232,1.081267593768474,3.2173763415059957,-0.5111686419779866,2.5912852610943546,-0.8179938972862565,-0.615470050220828,-0.04647000634516785,0.8697589645794451
-0.48914089293723984,0.2508914879675513,-0.0938257345044232,1.5444287057122081,0.9364052414976619,0.23034854774394187,1.1963370288696926,0.9329060151260258,1.1295977037836804,0.3119402649770985,-0.06671083926284653,0.8791178865841408,-0.6141560516530804,-0.5028714687042806,1.1555790693514507,1.5550504126864764,1.5518969249843249
-0.8170103209900755,-0.7474456126461646,0.09171729103241152,-0.2926731463818035,1.1505164211401653,-0.5504667562041392,-0.6101735020138167,1.097129060014584,-0.5058259402618857,-0.46927668735086014,0.7728328270158636,-0.4673731540167856,0.23626995734733997,-0.8280315854031365,-0.19168329660889016,0.4259209086209995,1.13208886350029
0.16659796316843153,0.2508914879675513,0.6483463676429156,2.3179452750149507,-0.01638950791138923,0.23034854774394187,-1.6085082690810193,-0.9639457283928805,-1.9898790353189013,0.3119402649770985,0.17527676076628446,1.1822245695643625,-0.43098640662649584,0.16144253808637807,2.4838659090306607,2.4537453240855274,2.227215912481475
-0.653075606963657,-0.3037402345956241,0.09171729103241152,-0.5827418598703313,0.7651162977836988,0.577377571720867,-0.5150940003883688,1.0869057876519248,-0.39502385590537664,0.6111230874510375,-0.46772043853832396,-0.0842629117684926,-0.2111846276499352,-0.6593518865346237,-0.4288773751230345,-1.4060341030770662,-1.7848270767938876
-1.1448797490429112,1.4710812776065372,0.6483463676429156,-2.3231541408015004,-0.20552104992893064,1.7052218996458728,-0.42001449876292096,-1.1027788392794577,-0.2879785065486689,1.4403785775337181,-1.3145897887508229,-2.2946920025325914,-1.3624696864714692,-1.1201801080157514,-1.7666519779428094,-1.0834256733440741,-1.1498603642683554
-0.8989776780032841,-0.08188754557035371,0.18448880380082888,0.5775329940837812,1.3646276007826688,-0.37695224421567664,1.671734536996932,0.7259416640431159,1.4488122710881348,-0.28038490449683706,0.3173952958269136,-0.03723546486163126,-0.48695580438934283,-0.9126917987246466,0.5815693993472215,1.6357025201197228,2.2442232331454552
-0.5711082499504484,-0.1928138900829889,-0.5576832983465095,-0.8728105733588598,-0.32685071839300933,0.577377571720867,-0.6101735020138167,-0.9639457283928805,-0.5058259402618857,0.6111230874510375,0.07954390927319978,-1.0458183965018668,-0.28832677434803294,-0.5547189007660576,-0.9317288215730211,0.4143991789876786,0.21112640490355797
-0.16127146488440414,-0.5255929236208943,-0.27936876004125744,-0.0026044328932750627,0.008590129713572809,0.750892083709329,-0.4675542495756449,0.5899490597007058,-0.3410475775182748,0.7518515263711428,0.008437707436244992,0.27955044082429853,0.20214030243699554,-0.16053785149095573,-0.16322000718719243,-0.6686434065445114,-0.6312975304382776
0.002663249142012967,-0.7474456126461646,-0.7432263238833442,-0.2926731463818035,0.4011272923914628,0.05683403575547927,0.5307805174915576,0.3583946297222634,0.6203878196850902,0.1524422178765131,0.3283664415040572,-0.08372481895511948,0.5633581419132493,-0.009269189536086839,-0.6186326379343505,-0.6110347583779058,0.43129900661250803
0.33053267719484863,-0.8583719571587995,-0.001054221736005843,0.19077470943241,0.03713828699922673,-0.5504667562041392,-0.8241023806710743,0.8597443028186184,-0.7703323110645232,-0.46927668735086014,0.7975245397528682,0.1437773350873034,0.8740910177628526,0.32080453865874636,0.14829488259471688,0.12635593815464918,-0.04017280254890403
1.9698798174590257,0.9164495550433619,-0.9287693494201784,0.2874642805952528,-0.23050068755389266,-0.9842530361752951,-0.13477599388657738,1.117297201065335,0.012966759674150239,-0.9902064706735354,-0.412406066361212,-0.3863164270266256,-0.42335296007517387,1.9354079683544612,-0.3434875068579426,1.9352674905860732,1.2724794821888168
-0.8989776780032841,-0.1928138900829889,-0.18659724727284058,1.641118276875051,0.5652791967840421,0.6641348277150978,1.4102659075269504,0.7540246121085826,1.2772496347645668,0.6821771964116963,-0.23956045459502423,1.9321044820402435,-0.39400151536368344,-0.8955807047341645,1.1524164816379288,-0.20777422121166497,-0.25866071683359
0.08463060615522153,0.02903879894228149,1.2049754442534188,-0.0026044328932750627,0.4724976856056174,-0.5504667562041392,0.4119311404597478,0.5573226723308153,0.5201401810160081,-0.46927668735086014,0.01971262456028833,-0.36815392175190803,-0.27889080849479214,0.06925839433670573,0.6717031491825961,1.0020073902870594,1.7806534102359435
-0.5711082499504484,0.9164495550433619,-0.0938257345044232,1.0609808498979947,0.543868078819772,-0.29019498822144535,-0.396244623356559,-0.8405723409223997,-0.26177474292628716,-0.18954169161124898,-0.29717381185344394,0.10313622481863467,-1.0148386007422243,-0.5742364722259575,0.7760685437288196,2.48831051298549,2.764631200821152
0.9862715333005201,-0.7474456126461646,-0.5576832983465095,-0.48605228870748857,-1.0798083668024039,-0.8974957801810638,-1.038031259328332,-0.4507957610341739,-1.0590390526831654,-0.8797942129914668,0.7234476730701076,-0.6197283787715223,0.9558639633923407,0.9934393681928515,-0.6597462782101352,0.2876601530211463,-0.29624529103677477
-0.9809450350164927,0.2508914879675513,-0.18659724727284058,-0.2926731463818035,0.29407170257023085,2.52941583159107,0.6733997699297294,0.18740804436970973,0.7366292428455685,2.530809295077329,-0.5506860393211085,-0.21827356277073134,-0.7515332854230188,-0.9700353135908204,-0.333999743717377,-0.2769045990115926,-0.3351936598215078
1.5600430323929815,0.5836705215054568,-1.0215408621885957,-1.066189715684545,-1.597243717605104,-1.4180393161464513,-1.1568806363601418,-1.031191601614447,-1.2316249248984419,-1.599823795294917,-1.229507912156459,-0.4272442169245441,-0.301934277377868,1.5723315751918354,-1.2416624174981699,-2.0627726921763747,-1.5644138054529035
0.08463060615522153,-1.30207733520934,-0.7432263238833442,-0.09929400405611787,0.25481798630242203,-0.4637095002099079,-0.4675542495756449,0.853423959796126,-0.3410475775182748,-0.37358794334610596,1.3160633473135208,0.155724448040709,1.6897612419228385,0.07452449603889727,-0.48896654167995146,-0.6455999472778685,-0.7157725712834306
2.133814531485443,0.3618178324801865,-0.8359978366517611,-0.48605228870748857,-1.9326845657116465,-0.7239812681926012,-0.7290228790456266,-1.1793069189638352,-0.6500306980473303,-0.6686677176331566,-0.6242857171190264,-0.4268681255975204,0.02102932220751494,2.147417919526717,-0.792574962178056,-0.2884263286449135,-0.8670735466243231
-1.2268471060561197,-0.9692983016714347,0.27726031656924627,-0.19598357521896068,2.056920414960024,-0.029923220238752032,0.6971696453360914,1.7279944248492107,0.7555934763980802,0.0699531769801072,0.9339824941531583,-0.2009715259657198,0.3860402665201432,-1.2469729186669376,-0.014578384651661985,-0.04647000634516785,-0.822148548643994
1.3961083183665643,-0.3037402345956241,-0.9287693494201784,1.5444287057122081,-1.2403917515342913,-1.1577675481637577,-0.9904915085156082,-0.3339280649364083,-0.9925621679584964,-1.2217781224792306,0.11304941435297891,1.4173445592667473,0.475701083277476,1.4008918117640456,0.45822847851986587,0.4604860975209633,0.32392023911845325
-1.4727491770957455,0.4727441769928217,-0.18659724727284058,-0.776121002196017,0.82934965167643,1.0979211076862543,1.0061780256187969,0.6371569160108173,0.992291923684418,1.017759471287118,-0.4664220071391008,-0.9708832284684742,-1.0148392566214297,-1.4623394628481616,-0.7056038000562034,0.49505128642092716,0.20374586952107554
-0.2432388218976127,-1.30207733520934,0.741117880411332,-0.8728105733588598,-0.20908956958962252,0.23034854774394187,-1.4421191412364855,-1.1793069189638352,-1.6889337690960822,0.3119402649770985,1.1216095930164327,-0.5808007731961639,1.5180402005617846,-0.2357976309476847,-0.40041408570133763,-1.0834256733440741,-0.15910371238075482
-0.735042963976867,-0.7474456126461646,-0.27936876004125744,-0.09929400405611787,0.4368124889985401,0.31710580373817315,0.055383009364318336,0.31805501330887553,0.19875772114794182,0.38910700786658775,0.47652190334132616,-0.018555363060491048,0.26897877580393076,-0.7323327267745378,-0.23595952459819708,-0.24233941011162777,0.3120873155432794
0.740369462260893,0.13996514345491606,-1.2998554004938478,-0.3893627175446463,-0.8014638332671692,0.05683403575547927,-0.49132412498200684,-0.2798091756816203,-0.3679203813793834,0.1524422178765131,-0.04287001702399405,-0.756571795497556,-0.17991798213310858,0.7443798622668565,-0.9586108171379575,1.082659497720306,1.3716353705882556
-1.3907818200825368,-0.1928138900829889,-0.27936876004125744,2.3179452750149507,1.557327662460902,0.23034854774394187,0.6258600191170055,1.1851307390420138,0.6983556179308059,0.3119402649770985,0.1593200002402556,1.8960685137625848,-0.5525136268871597,-1.3967630511379432,1.5825284106769117,1.0250508495537012,1.0727637992030528
-0.16127146488440414,1.1383022440686323,1.8543760336323394,-1.2595688580102304,0.008590129713572809,-0.8974957801810638,-0.01592661685476756,0.5406424001166761,0.13036077835568,-0.8797942129914668,-1.1674803327705274,-1.1080195296869364,-1.0238763068307626,-0.16053785149095573,-0.38143855942020594,-0.8760345399442933,-0.6769445373147204
1.64201038940619,0.4727441769928217,-0.7432263238833442,1.3510495633865227,-0.9905953752847105,0.05683403575547927,-1.727357646112829,0.25465391759127637,-2.2238775804357296,0.1524422178765131,-0.4988310674662959,1.1234444464119993,-0.1991617611801756,1.6355947356852159,0.4835291802280411,0.6333120420207814,0.1917524995245409
-0.653075606963657,-1.6348563687472453,-1.2070838877254306,1.3510495633865227,-0.34826183635723984,2.52941583159107,0.4832407666788337,-1.031191601614447,0.5806698696426701,2.530809295077329,2.27336677382667,1.791808339567765,2.274265779810423,-0.6346609693316124,0.11192512388921477,-0.5073391916780153,-0.5060690985681133
-1.5547165341089555,0.02903879894228149,-0.27936876004125744,-1.6463271426616015,-0.08775990112554384,1.4449501316631788,-0.27739524632474916,-1.2615087562840905,-0.13392183626255794,1.2653138455033308,-0.5729099282884665,-1.5161288393996875,-0.769523669427614,-1.524457295961311,-1.3997918031742662,-1.0373387548107893,-1.308220982149013
1.9698798174590257,0.2508914879675513,-1.7637129643359342,-0.0026044328932750627,-1.8113548972475677,-1.1577675481637577,0.8397888977742632,-0.10130244491882175,0.8670474726790395,-1.2217781224792306,-1.1038005536734077,1.106808345519537,0.07273011719661171,1.9822374354990262,-0.9981431635569814,-2.0858161514430167,-1.9313146594940318
0.9862715333005201,-0.5255929236208943,-0.8359978366517611,-0.2926731463818035,-1.1333361617130198,-0.8974957801810638,-1.109340885547418,-0.9005446326752814,-1.1614545839158594,-0.8797942129914668,0.008437707436244992,-0.04450482319215902,0.6202445027919319,0.9948793388231917,-0.6660714536371792,-0.7032085954444752,-0.5331845437776682
0.33053267719484863,-1.1911509906967048,0.09171729103241152,0.2874642805952528,-0.212658089250354,1.011163851692023,-0.3487048725438351,0.5065099470716516,-0.210010708302956,0.9531069969387995,1.438075116063104,0.25650053321715466,1.5407696194619431,0.32703286820706107,0.2827048604193989,0.10331247888800732,-0.1256907451328865
-1.2268471060561197,-0.9692983016714347,-0.7432263238833442,-0.0026044328932750627,0.6544921883017354,1.7052218996458728,-0.11100611848021542,1.0125763552668556,0.03679732860017462,1.4403785775337181,0.6064811110942445,0.3015202858470098,0.3860402665201432,-1.2182791698152882,-0.42413349355275165,-0.7147303250777961,-1.6952979736759495
-1.5547165341089555,-1.30207733520934,-0.5576832983465095,-0.5827418598703313,1.6501091736392872,0.577377571720867,-0.06346636766749149,1.4876591842248124,0.08392559745065886,0.6111230874510375,1.9642425283038123,-0.7659135131450089,0.8311560351175628,-1.5585613048964801,-0.7277419140508565,0.4489643678876424,-0.4110045939133105
-1.3088144630693284,0.5836705215054568,0.27726031656924627,1.0609808498979947,1.0755775082652792,0.577377571720867,2.1233621697178093,0.6971292077636988,1.7248185585622304,0.6111230874510375,-0.5066875891376087,0.7299300601739948,-1.0304501317679735,-1.3070196600883244,1.0543762625187494,0.8407031754205623,0.7054618291085294
1.8059451034326086,0.4727441769928217,0.27726031656924627,1.4477391345493653,-0.9549101786776333,-0.29019498822144535,-0.5626337512010927,-0.6286505862834514,-0.4499388990964361,-0.18954169161124898,-0.33678576583032044,0.9365503854856417,-0.156231366683267,1.7956927763609198,1.3832853847250295,1.220920253320161,1.3912098339939716
0.4125000342080572,0.2508914879675513,-0.18659724727284058,1.1576704210608375,-1.1369046813737513,-0.37695224421567664,-0.372474747950197,-1.1793069189638352,-0.23578665058535841,-0.28038490449683706,-0.44697706788005204,1.1234444203570275,-0.3622977897415269,0.43075686603831564,0.7808124252991024,0.24157323448786155,-0.09873574634468958
2.543651316551487,2.580344722732889,2.503776623011262,-2.3231541408015004,-1.2546658301770985,-0.20343773222721404,-0.42001449876292096,-0.2623408272713978,-0.2879785065486689,-0.10094175185183701,-1.5715059493070311,-2.3389706305457976,-1.058609275393407,2.530105413342412,-1.4820190837258358,-0.7377737843444391,-0.7908614964791226
-0.2432388218976127,-1.9676354022851505,1.1122039314850014,-0.8728105733588598,-0.38394703296431715,-0.20343773222721404,-1.727357646112829,-1.4468080202105298,-2.2238775804357296,-0.10094175185183701,3.390213392265279,-0.509869461803643,4.171103758954502,-0.23171043255130883,-0.24860987545228472,-1.267773347477213,-0.38950477345129647
1.3961083183665643,-0.08188754557035371,-1.0215408621885957,-1.066189715684545,0.29407170257023085,1.2714356196747167,1.624194786184208,1.2666609340775468,1.4183044454023228,1.143671170989933,-0.604461886666137,-0.7285622031516635,0.2253703291126493,1.358017110481415,-1.2416624174981699,-1.3253819956438189,-1.1427204985179098
1.3961083183665643,0.5836705215054568,-1.6709414515675167,-0.2926731463818035,-0.9192249820705559,-0.8107385241868326,-0.8478722560774363,-0.22820837422637308,-0.8011377787729798,-0.7726783407028834,-0.6009685008357202,-0.43703469985679355,-0.3435637547715879,1.391887255395027,-1.0930207949626394,0.33374707155443,0.030784627296811026
1.3141409613533543,1.914786655657078,-0.27936876004125744,-0.2926731463818035,-0.9120879427491325,-0.6372240121983705,0.6496298945233675,0.2973213778796623,0.7175504210839777,-0.5675873644269371,-1.2881703427820397,-0.32550375408769794,-1.04154982091446,1.3111359283680926,-0.3814385594202055,0.01113864182143783,-0.1956052732397721
0.90430417628731,-0.8583719571587995,-0.27936876004125744,-1.2595688580102304,-1.0334176112132112,-0.6372240121983705,-1.2994998887983136,-1.1793069189638352,-1.4520075136212773,-0.5675873644269371,1.212359734127407,-1.5216566853795526,1.1145007761786496,0.9116126952725888,-1.1088337335302487,0.875268364320525,0.446982644300281
-1.1448797490429112,2.1366393446823477,0.18448880380082888,1.5444287057122081,1.792849960067636,2.52941583159107,1.9569730418732756,1.2925582317819888,1.6259167473177396,2.530809295077329,-1.1552852551779307,0.9977994493852362,-1.5592318543835268,-1.1616471815685638,1.3880292662953126,1.2900506311200888,0.6441712961496532
0.4125000342080572,-0.08188754557035371,0.9266609059481667,-0.3893627175446463,-0.5017081817677039,-0.8107385241868326,0.055383009364318336,-0.04290911029993382,0.19875772114794182,-0.7726783407028834,-0.37399759104287406,-0.2182735780969856,-0.07991229953106184,0.41470896682528047,0.14196970716767285,-0.5534261102113001,-0.8646668503039483
-0.16127146488440414,-0.4146665791082593,-0.0938257345044232,0.5775329940837812,-0.34826183635723984,1.7052218996458728,-0.03969649226112952,-1.2615087562840905,0.10722854746078214,1.4403785775337181,0.14934703322226583,0.5677509011064512,0.07272763678467002,-0.15212166494109744,0.39655801810618846,0.10331247888800732,0.47839003128117363
0.002663249142012967,0.02903879894228149,-0.5576832983465095,0.8676017075723091,0.7579792584622754,0.14359129174971055,0.7447093961488154,0.6216431358584676,0.793183627434161,0.2330774146353509,0.1308293532194301,0.29285717374998194,-0.3034224515414332,-0.017811069788080374,0.2921926235599645,1.451354845986584,1.5432328182309734
0.2485653201816401,0.2508914879675513,-0.9287693494201784,0.674222565246624,-0.8478545888564013,-1.33128206015222,-0.372474747950197,-0.9005446326752814,-0.23578665058535841,-1.469332496695443,-0.1358501535568838,0.1982033380229729,-0.40809020099817267,0.2623734523071697,-0.0968056652032318,1.220920253320161,1.1866406467621182
0.6584021052476844,-0.08188754557035371,0.3700318293376636,1.8344974192007366,-0.8871083051241705,-0.029923220238752032,0.3406215142406619,-0.2623408272713978,0.458427427137323,0.0699531769801072,0.08693100020365103,1.3755189160830326,-0.0035916423701340557,0.6660761887909822,1.7944217874828803,1.0941812273536269,0.6442515193603308
-0.07930410787119559,0.13996514345491606,-0.27936876004125744,-0.6794314310331742,-0.526687819392666,0.05683403575547927,-1.2044203871728658,-1.031191601614447,-1.3033901821391358,0.1524422178765131,-0.32896369845992696,-0.7693691413134746,-0.4167752545115678,-0.06744346955372488,-0.6723966290642228,0.12635593815464918,-0.19159411270581356
-0.8989776780032841,0.13996514345491606,-0.7432263238833442,2.3179452750149494,-0.4910026227855887,1.4449501316631788,-0.42001449876292096,-1.5525277109205653,-0.2879785065486689,1.2653138455033308,-0.5435339595368769,2.724738762917653,-0.6536325268900266,-0.8728511382724794,1.1318596615000358,-0.20777422121166395,-0.6081130225520008
-0.48914089293723984,-1.4130036797219752,-0.18659724727284058,0.5775329940837812,0.36544209578438547,-0.029923220238752032,0.5070106420851956,-0.9005446326752814,0.6005912946825762,0.0699531769801072,2.145730624821543,0.4576706770986902,1.6754492471439004,-0.4899832391095426,0.33488755769251066,0.345268801187752,1.4091798331861023
-0.8989776780032841,-0.08188754557035371,-0.0938257345044232,1.8344974192007366,0.6081014327125428,0.05683403575547927,1.5291152845587601,0.7678038849499831,1.3563900029543858,0.1524422178765131,-0.29717615916845347,2.0539142146339007,-0.48695580438934283,-0.8964993226368241,1.3832853847250295,-0.057991735978490826,-0.0928393403597724
1.3961083183665643,0.4727441769928217,-0.27936876004125744,-0.09929400405611787,-1.3724269789804853,-0.5504667562041392,-1.4658890166428475,-1.1027788392794577,-1.7302093293295229,-0.46927668735086014,-0.790512610411052,0.12453911820709622,-0.2635573529255373,1.404598434136586,-0.23595952459819708,-0.5764695694779419,-0.3327869635011315
1.1502062473269372,-0.08188754557035371,1.483289982558671,-0.19598357521896068,-1.012006493248941,-2.5458836440714574,0.12669263558340424,-0.5814427299733397,0.2657044422539355,-2.588353925259448,0.010109568329230434,-0.4341879028197492,0.1490496719517215,1.1527643753735493,0.6226830396230064,0.6217903123874594,0.1795986831066483
1.4780756753797728,0.2508914879675513,1.761604520863923,1.5444287057122081,-0.776484195642207,-0.6372240121983705,-0.7765626298583505,0.16405524078297637,-0.7096086050858172,-0.5675873644269371,-0.4124074107330336,1.4495527878863281,-0.06464711657332663,1.468411019736187,2.705247048977195,0.40287744935435765,0.6673558040359285
-0.2432388218976127,-0.6365192681335294,0.741117880411332,0.09408513826956774,0.7579792584622754,1.1846783636804856,-0.8003325052647124,-0.9005446326752814,-0.7398244853787111,1.081267593768474,0.18470119214026343,0.33763890455483575,0.3120956416605507,-0.2583297076537946,0.500923412652412,-0.5534261102113001,0.5032993381970525
-0.8989776780032841,-0.7474456126461646,1.3905184697902535,1.3510495633865227,0.7579792584622754,-0.37695224421567664,-0.3487048725438351,-1.2615087562840905,-0.210010708302956,-0.28038490449683706,1.5136101362022076,0.3944025910830813,0.2035611388907492,-0.89971274196237,2.1929078393866432,2.350049757385639,1.5083357215855426
0.002663249142012967,-1.0802246461840699,-0.7432263238833442,0.8676017075723091,0.008590129713572809,-0.6372240121983705,1.1725671534633306,-0.7295580473227278,1.1127574750934288,-0.5675873644269371,1.4312981625138275,0.6232714106313088,1.1412107243542304,0.00014673356453798894,0.15936393959204373,0.6448337716541023,1.39120983399397
-0.8170103209900755,-1.1911509906967048,-0.001054221736005843,0.09408513826956774,0.008590129713572809,2.52941583159107,-0.03969649226112952,-1.1027788392794577,0.10722854746078214,2.530809295077329,1.072044385169894,0.3652088879377267,0.9751000987777375,-0.8032761917129363,0.07081148361342986,-0.6110347583779058,-0.5110830492355605
0.9862715333005201,-0.4146665791082593,-0.001054221736005843,-0.2926731463818035,-0.38394703296431715,-0.29019498822144535,1.7905839140287418,0.039292727020321674,1.5238166384313312,-0.18954169161124898,0.19255906864612965,-0.3622937813037457,0.4734109013787164,0.9747593502387941,-0.2391221123117191,0.11483420852132825,0.40093452137044483
1.0682388903137285,-0.3037402345956241,-0.0938257345044232,1.1576704210608375,-1.1190620830702127,0.14359129174971055,-0.4675542495756449,-0.6286505862834514,-0.3410475775182748,0.2330774146353509,0.07156585343217195,1.0930409632836164,0.36579936952908987,1.0750938767151632,0.8519706488533458,0.2991818826544672,0.24080899285484703
-0.9809450350164927,1.914786655657078,-0.0938257345044232,2.3179452750149507,0.6509236686410436,2.52941583159107,0.5070106420851956,0.967753400325564,0.6005912946825762,2.2975502763713105,-1.4494955887178027,2.9483590529464236,-1.4689461341930332,-0.9776147565210574,1.7627959103476611,-0.4842957324113724,-0.9590093460626375
-0.8989776780032841,0.13996514345491606,-0.6504548111149269,-1.2595688580102304,1.22188681435432,0.14359129174971055,1.1725671534633306,1.2578923730044782,1.1127574750934288,0.2330774146353509,-0.6865808002548436,-1.042258457884681,-0.6536325268900266,-0.9096418842236972,-1.235337242071126,-1.0949474029773951,-0.8503470071977178
0.6584021052476844,-0.8583719571587995,-0.5576832983465095,-1.5496375714987587,-0.9905953752847105,0.40386305973240444,-0.20608562010566328,-1.031191601614447,-0.05962345783116127,0.4646490664410443,0.3308349460815123,-1.3817043068833474,1.0114680225718793,0.6687632109174164,-1.407698272458071,-1.117990862244038,-0.9549179623180014
0.33053267719484863,-0.9692983016714347,0.6483463676429156,-0.0026044328932750627,-0.33755627737512456,0.31710580373817315,-0.1823157446993013,0.21027931237287534,-0.03524082396888361,0.38910700786658775,0.8793989303100056,0.04496969671234865,1.0729251098070127,0.33015032646521847,0.35860696554392557,-0.13864384341173733,-0.3582979444971041
-0.5711082499504484,0.2508914879675513,-0.37214027280967477,2.3179452750149507,0.29407170257023085,-0.20343773222721404,0.5070106420851956,0.140200188059598,0.6005912946825762,-0.10094175185183701,-0.5506860393211085,2.541831947756669,-0.6370522572814036,-0.5686469646128489,1.492394660841537,0.03418210108807969,0.09909469119011434
1.3141409613533543,0.9164495550433619,-1.2998554004938478,-2.3231541408015004,-1.4901881277838325,-1.0710102921695264,-0.8003325052647124,-1.031191601614447,-0.7398244853787111,-1.1041244592143058,-1.3342641024233572,-2.1432872380909096,-0.5759944157311869,1.3272234029850813,-2.0655165168706318,-2.062772692176374,-1.7230552045709375
-0.07930410787119559,0.02903879894228149,1.0194324187165842,-0.3893627175446463,0.5081828822126947,-0.20343773222721404,0.6020901437106435,0.5899490597007058,0.679043414640239,-0.10094175185183701,0.01971262456028833,-0.7217179874009777,-0.3279540945880743,-0.09206282698401887,0.18782722901374102,0.9559204717537736,1.8921235614746315
0.16659796316843153,0.02903879894228149,-1.6709414515675167,-1.066189715684545,-0.1412876960361598,-0.29019498822144535,-0.6339433774201787,0.9446438728006304,-0.5341448331772878,-0.18954169161124898,-0.4988321091823719,-0.9267099819596885,-0.2543591654481511,0.1644999275314774,-1.4851816714393584,-0.7377737843444391,-1.199999870942829
1.64201038940619,0.5836705215054568,-0.8359978366517611,1.0609808498979947,-0.7407989990351298,-1.6783110841291449,-1.2044203871728658,0.497810159734497,-1.3033901821391358,-2.022442901541517,-0.06671000121309162,0.11426939015402321,-0.28111953868100775,1.6284290560024852,0.21945310614896074,2.4537453240855274,1.8433478493817046
-0.8989776780032841,-0.3037402345956241,-0.5576832983465095,-0.48605228870748857,1.3467850024791301,1.0979211076862543,0.8873286485869871,1.117297201065335,0.9033413825577722,1.017759471287118,-0.42623687761751666,-0.02058012160001404,-0.2936109129612247,-0.9123106931733693,-0.6597462782101352,-1.279295077110534,-0.8355458248274149
-0.40717353592403127,-0.1928138900829889,0.09171729103241152,-0.8728105733588598,1.4110183563718615,1.3581928756689476,-0.3249349971374731,1.6411287381940916,-0.1844434803938194,1.2050079679899344,-0.5586648184632479,-0.44468049283913585,-0.23548940384020772,-0.4335275188171646,-0.6660714536371792,-1.429077562343709,-1.312312365893649
1.887912460445817,1.5820076221191726,-0.18659724727284058,-0.2926731463818035,-1.704299307426336,-0.7239812681926012,-0.20608562010566328,-0.6779572458674805,-0.05962345783116127,-0.6686677176331566,-1.4001105366782345,0.11700179367993149,-0.7940528009072558,1.898320672250728,-0.333999743717377,-1.0603822140774322,-0.8364282801448865
1.4780756753797728,0.13996514345491606,1.0194324187165842,-0.2926731463818035,-1.2154121139093292,-0.6372240121983705,-1.3945793904237616,-0.37153224913899335,-1.6079668868241759,-0.5675873644269371,-0.5435339595368769,-0.12200681794915968,0.033253563007504615,1.4808114163267165,0.2827048604193989,-0.5188609213113362,-0.2946408268231925
0.6584021052476844,-0.1928138900829889,-0.001054221736005843,-0.2926731463818035,-0.7407989990351298,-1.0710102921695264,-0.22985549551202525,-0.7836769365775159,-0.08419584172473729,-1.1041244592143058,-0.00023218169385640257,-0.40994753051469757,0.10795350446065753,0.6622799769187546,-0.2391221123117191,0.2530949641211815,0.28228439277597045
-0.9809450350164927,0.5836705215054568,-0.27936876004125744,-0.09929400405611787,0.5795532754268493,0.31710580373817315,1.4815755337460363,-1.1027788392794577,1.3249714810949178,0.38910700786658775,-0.06671000121309162,-0.8128197517125457,-0.9471911769805326,-0.9761000862489032,-0.23595952459819708,2.315484568485674,2.5726971692712683
-0.9809450350164927,2.0257130001697132,0.3700318293376636,-0.9695001445217023,1.5430535838180552,0.14359129174971055,1.2914165304951406,1.3507327643093638,1.1960745885083495,0.2330774146353509,-1.2315561263507102,-1.1391200242874857,-1.5001380333474341,-0.99649691753947,-0.6360268703587207,0.40287744935435765,0.1986516956429495
-0.40717353592403127,0.02903879894228149,-1.3926269132622648,1.5444287057122081,1.507368387210978,-0.11668047623298272,-0.01592661685476756,1.1851307390420138,0.13036077835568,-0.014476959580863336,0.4271406296438075,0.5214024223508356,-0.42608066677463846,-0.43571419434554703,0.07081148361342986,2.4537453240855274,2.380763137721383
0.5764347482344758,-0.3037402345956241,0.5555748548744983,1.5444287057122081,-0.7407989990351298,-0.11668047623298272,0.43570101586610976,-1.4468080202105298,0.5404459448543757,-0.014476959580863336,0.23750009711540124,1.2329366609165313,0.20094679890651132,0.5817675536617771,1.6979628622204617,0.8061379865205994,0.7005682132571008
1.1502062473269372,0.5836705215054568,-0.9287693494201784,0.19077470943241,-0.4910026227855887,-0.6372240121983705,-0.27739524632474916,0.48904159866142893,-0.13392183626255794,-0.5675873644269371,-0.4438336480055351,-0.17186567717261228,-0.40600797086216844,1.1385396870181004,-0.4051579672716204,0.9674422013870945,0.9759744955186491
-0.2432388218976127,0.02903879894228149,1.5760614953270884,0.2874642805952528,-0.4910026227855887,-0.29019498822144535,-1.2044203871728658,-1.031191601614447,-1.3033901821391358,-0.18954169161124898,-0.3136375614171362,0.30152033189961963,-0.3770173806813564,-0.2292060741794935,1.1935301219137142,-0.00038308781188310046,0.12015328399339407
1.5600430323929815,2.580344722732889,0.18448880380082888,-1.8397062849872867,-0.7051138024280525,-0.9842530361752951,0.6258600191170055,0.7948593042719118,0.6983556179308059,-0.9902064706735354,-1.8155273935103817,-1.4928535071228315,-1.2202297722481792,1.546901907724347,-1.4345802680230073,-2.0627726921763747,-1.5190876914191795
0.2485653201816401,0.13996514345491606,-1.0215408621885957,-0.19598357521896068,-0.41963222957139446,-0.7239812681926012,-0.6577132528265406,-0.9639457283928805,-0.5627200091491062,-0.6686677176331566,-0.18591685774196032,-0.4416023870585342,-0.32203234556018423,0.2517607170066601,-0.7008599184859203,0.6448337716541023,0.33226345302908616
-0.9809450350164927,-0.1928138900829889,-1.0215408621885957,-0.5827418598703313,0.15133091614188202,2.52941583159107,1.2319918419792357,0.012563308347125364,1.1546908323630014,2.530809295077329,-0.5586648184632479,-0.08963337152443614,-0.4204202006175963,-0.9669992671733306,-0.9412165847135866,-1.3945123734437455,-1.347570466987138
1.3961083183665643,-0.4146665791082593,-2.134799015409603,-0.09929400405611787,-0.5124137407498193,-1.0710102921695264,-0.08723624307385346,0.8846715810477487,0.06044938971628145,-1.1041244592143058,-0.1963492501686458,0.27512064695415345,0.6165120673051612,1.3805049313512356,-1.2479875929252136,-0.8990779992109351,-0.8369898426196392
0.4125000342080572,-1.0802246461840699,-1.0215408621885957,-0.48605228870748857,-0.9763212966418637,-0.9842530361752951,-1.4183492658301236,-1.8000423759574964,-1.6481908116124702,-0.9902064706735354,2.12268976903353,-1.0356168104336292,1.3320120139221372,0.4266943682070577,-0.8811274181566701,1.8661371127861455,1.3468463984883952
1.1502062473269372,-0.8583719571587995,-1.2070838877254306,-0.2926731463818035,-1.5936751979443724,-2.112097364100301,-2.6068430361482218,-1.669395407018331,-2.8041417031446296,-2.588353925259448,0.8493789390496853,-0.38631649320791905,1.2175335297854197,1.1686949655106165,-0.8558267164484948,0.18396458632125487,0.23599560021409738
2.0518471744722344,2.580344722732889,2.2254620847060087,-0.6794314310331742,-0.4910026227855887,-1.4180393161464513,-0.8003325052647124,0.9562588187127592,-0.7398244853787111,-1.599823795294917,-1.5308357086064726,-0.6310245068660361,-1.139419523820793,2.023551650145956,0.43767165838197336,-0.3114697879115554,-0.25842004720155165
-0.48914089293723984,-0.08188754557035371,0.6483463676429156,-0.8728105733588598,1.2432979323185902,0.05683403575547927,-0.4675542495756449,1.2578923730044782,-0.3410475775182748,0.1524422178765131,-0.1051225794824014,-0.9880903958269109,-0.3597547091211299,-0.5097818038451115,-0.4383651382636001,0.1954863159545758,-0.23956759269195074
1.4780756753797728,-1.30207733520934,0.18448880380082888,0.38415385175809563,-1.4759140491410252,-0.6372240121983705,-0.30116512173111115,-1.2615087562840905,-0.1590816139620979,-0.5675873644269371,1.510517101610608,0.5193639611231875,2.4195756677073237,1.4881855770720915,0.4202774259576029,-0.24233941011162777,-0.26792649766703247
-0.735042963976867,0.8055232105307267,-1.2070838877254306,-1.5496375714987587,-0.2875970021252005,0.4906203157266358,-0.44378437416928296,-1.4468080202105298,-0.31440155107636625,0.5386334452652105,-0.7581029945015528,-1.653611863671034,-1.0001197543159959,-0.7164197532822276,-1.5958722414126256,0.09179074925468536,-0.07783759996276922
0.6584021052476844,-0.1928138900829889,0.18448880380082888,-0.19598357521896068,-0.7051138024280525,-0.29019498822144535,0.8397888977742632,-1.031191601614447,0.8670474726790395,-0.18954169161124898,0.07954390927319978,-0.39270700200253145,0.10795350446065753,0.6613545476994572,-0.06359849421125216,0.4950512864209261,0.550992036945809
0.002663249142012967,-0.4146665791082593,0.9266609059481667,0.09408513826956774,-0.09846546010765911,-0.29019498822144535,0.5545503928979196,0.16405524078297637,0.6400610010521738,-0.18954169161124898,0.14934703322226583,0.07380111079065867,0.12996810315524793,0.002718331280476553,0.6084513949121575,0.04570383072140165,0.08196703571011558
-0.3252061789108227,-0.6365192681335294,-0.18659724727284058,0.09408513826956774,-0.38394703296431715,-0.029923220238752032,-0.5150940003883688,-1.4468080202105298,-0.39502385590537664,0.0699531769801072,1.0803684962047562,-0.4702392986322271,0.28087358092126896,-0.3121417514039835,-0.03671649864631567,1.6357025201197248,1.1425178808885832
0.002663249142012967,0.02903879894228149,0.6483463676429156,0.2874642805952528,1.0791460279260108,0.40386305973240444,0.5545503928979196,1.42130748049893,0.6400610010521738,0.4646490664410443,-0.09140410409885306,0.02131897812976793,-0.3034224515414332,-0.02548410852312435,0.6242643334797672,0.6909206901873881,0.6072686192372411
0.16659796316843153,-0.3037402345956241,-1.6709414515675167,-0.5827418598703313,0.11921423919553623,-0.29019498822144535,-0.42001449876292096,1.1565656274395786,-0.2879785065486689,-0.18954169161124898,-0.46772043853832396,-0.0842629117684926,0.06356965672102899,0.15812552424311924,-1.2400811236414087,-1.4060341030770662,-1.2109904508058722
0.8223368192741014,-0.08188754557035371,-1.0215408621885957,1.5444287057122081,-0.9334990607133631,-0.5504667562041392,0.03161313395795637,-0.0717215665793504,0.17612296189152724,-0.46927668735086014,0.12534171614086154,1.0515366686495988,0.04728879573715113,0.8283930968744786,0.38074507953857883,1.1748333347868773,0.79691628928277
-1.1448797490429112,1.1383022440686323,0.27726031656924627,0.09408513826956774,0.8900144859084693,0.750892083709329,0.7209395207424534,0.7948593042719118,0.7744444899712012,0.7518515263711428,-0.8126862341262714,-0.20250598575782866,-1.2407878807909118,-1.1429706794874985,0.23210345700304838,0.7830945272539576,0.610317101243049
-0.5711082499504484,-0.4146665791082593,0.5555748548744983,0.4808434229209384,0.07996052292772741,1.2714356196747167,0.6971696453360914,-0.7295580473227278,0.7555934763980802,1.143671170989933,0.5382553520370409,0.048735054295267366,-0.07037352914177525,-0.5638496921897247,0.7412800788800787,1.1287464162535916,1.322298096020573
0.33053267719484863,-0.8583719571587995,-0.6504548111149269,-0.6794314310331742,-0.34826183635723984,0.4906203157266358,-1.061801134734694,0.5737558202932183,-1.0928098066275784,0.5386334452652105,0.27898054678469525,-0.32709497538557447,0.8740910177628526,0.33041763944941616,-0.8368511901673631,-1.1295125918773588,-1.3568362478205818
-0.9809450350164927,0.2508914879675513,-0.0938257345044232,-1.1628792868473878,0.775821856765814,0.14359129174971055,1.2438767796824166,0.6371569160108173,1.1630110885471505,0.2330774146353509,-0.44697706788005204,-1.22775658429031,-0.7515332854230188,-0.9802639657002724,-0.9696798741352843,-0.034948276711846915,0.05156243886271436
0.90430417628731,0.2508914879675513,-0.46491178557809215,-0.0026044328932750627,-1.1440417206951747,-0.8974957801810638,-0.5150940003883688,-0.16294147958385466,-0.39502385590537664,-0.8797942129914668,-0.8272432964972579,0.5308260387787652,-0.22492055597158858,0.914563116979455,-0.2675854017334164,-1.1640777807773226,-1.2657829036997374
1.5600430323929815,0.13996514345491606,1.5760614953270884,-0.09929400405611787,-1.3188991840698694,-2.5458836440714574,-1.1568806363601418,-0.5814427299733397,-1.2316249248984419,-2.588353925259448,-0.5435339595368769,0.08886322507801167,0.056939290245350146,1.5643837356487444,0.7760685437288201,-0.49581746204469335,-0.40883856722497264
1.3141409613533543,0.02903879894228149,-1.0215408621885957,0.8676017075723091,-1.2725084284806372,-0.7239812681926012,-0.7765626298583505,-0.16294147958385466,-0.7096086050858172,-0.6686677176331566,-0.35067647097018334,0.9592308645615905,0.08908383720482362,1.3211595949651835,-0.03987908635983769,-0.04647000634516785,-0.08008384986178325
-0.8989776780032841,-0.5255929236208943,-1.3926269132622648,1.5444287057122081,0.4724976856056174,0.577377571720867,1.7192742878096559,0.6216431358584676,1.4790281513810286,0.6111230874510375,0.008437707436244992,2.007845182245403,-0.0666409692197492,-0.8935896058928329,0.07081148361342986,-0.4842957324113724,-0.42400075404333376
1.64201038940619,0.3618178324801865,1.2977469570218363,-0.2926731463818035,-0.7622101169994,-1.33128206015222,-0.372474747950197,0.7540246121085826,-0.23578665058535841,-1.469332496695443,-0.5573766960915923,-0.30885366523809504,-0.11191640218761685,1.6290428607159082,0.42502130752788575,-0.03494827671184794,-0.21594185714693967
-0.8989776780032841,-0.6365192681335294,-0.18659724727284058,-0.2926731463818035,1.2504349716400136,0.9244065956977916,0.3406215142406619,1.2401445191878813,0.458427427137323,0.8872681726876441,0.09042042329136915,0.011018655763390242,0.06231915574630279,-0.9102520628505972,-0.333999743717377,-0.8299476214110085,-1.1630971940304153
-1.4727491770957455,2.580344722732889,-1.2070838877254306,-2.3231541408015004,-0.32685071839300933,-0.9842530361752951,-1.3232697642046756,-1.8000423759574964,-1.49028113853604,-0.9902064706735354,-1.6325113103578686,-2.2946920025325914,-1.7185596375503926,-1.4393208311672383,-2.051284872159783,-1.0834256733440741,-1.0455701903854495
-1.4727491770957455,-0.5255929236208943,-0.5576832983465095,0.2874642805952528,2.02837225767437,-0.37695224421567664,-0.1823157446993013,1.6030947081425588,-0.03524082396888361,-0.28038490449683706,-0.03665310396789115,0.6640825720791503,-0.2756930693972171,-1.4860530017323552,-0.11578119148436392,-0.749295513977759,-0.7219898701110651
-0.735042963976867,-1.6348563687472453,-0.7432263238833442,-0.3893627175446463,1.2825516485863593,1.7919791556401041,-0.5269789380915498,1.4876591842248124,-0.40866333886299816,1.4968854973090242,2.831797262794749,-0.45581143953648684,2.22142861252169,-0.7508289678000111,-0.6834656860615501,0.09179074925468536,0.01265418168332228
0.4125000342080572,-0.8583719571587995,0.462803342106081,0.19077470943241,-0.6515860075174366,-0.8107385241868326,-0.7290228790456266,-0.2623408272713978,-0.6500306980473303,-0.7726783407028834,0.8493789390496853,0.09680700181688273,0.9084352689651092,0.418490358246131,0.42502130752788575,0.24157323448786053,0.024005765994420884
-0.5711082499504484,-0.8583719571587995,-0.6504548111149269,-0.19598357521896068,1.1505164211401653,0.9244065956977916,0.6496298945233675,1.0015392771455143,0.7175504210839777,0.8872681726876441,0.9012333383465031,-0.330169703180995,0.4963042545380289,-0.5877783138727127,-0.5047794802475611,0.31070361228778814,0.9957094053457216
0.33053267719484863,-1.0802246461840699,0.18448880380082888,-0.2926731463818035,-0.9584786983383251,-0.8974957801810638,-1.9175166493637248,-1.4468080202105298,-2.638575655563282,-0.8797942129914668,1.9498418674036049,-0.7896789862990866,1.2938517560085558,0.3456812299700066,-0.1442444809060612,1.5435286830531554,1.1166860070498932
-0.40717353592403127,0.2508914879675513,-1.2998554004938478,-1.066189715684545,0.32975689917730816,1.0979211076862543,0.7209395207424534,0.5065099470716516,0.7744444899712012,1.017759471287118,-0.30869843929197754,-1.2432249970267895,-0.5912598460247573,-0.40890674882764455,-1.3460278120443936,0.43744263825432045,0.2988103741758769
0.9862715333005201,-0.6365192681335294,-1.7637129643359342,0.674222565246624,-1.4687770098196018,-1.0710102921695264,-0.6339433774201787,-0.8701532192618712,-0.5341448331772878,-1.1041244592143058,0.04328003886692201,1.179248155334848,0.7804265527497648,1.0039130934890912,-0.6660714536371792,-0.8299476214110085,-1.3517821855477952
-0.5711082499504484,-1.8567090577725158,-1.1143123749570132,-0.5827418598703313,0.2726605846059607,0.05683403575547927,-0.8003325052647124,0.8342439337995095,-0.7398244853787111,0.1524422178765131,3.5787797296368105,-0.5289463162317785,3.2781633122930263,-0.5681674978451784,-0.9839115188461328,-0.29994805827823445,-0.3031043755498439
-0.8170103209900755,1.3601549330939027,0.741117880411332,0.8676017075723091,-0.027095066893504497,0.31710580373817315,2.551219927032325,0.09089352847556888,1.9657643790776422,0.38910700786658775,-1.3285020719820908,1.4931896325966751,-1.2552484354772233,-0.8025000165774919,1.221993411335411,-0.9451649177442198,-0.8891349295610914
0.9862715333005201,2.580344722732889,-1.2070838877254306,-0.2926731463818035,-0.2768914431430852,-1.5047965721406826,-1.5847383936746573,0.7678038849499831,-1.9450905482686016,-1.7352404416114184,-1.042792820199771,-1.0121455720661392,-1.3145083954134626,0.9718920130584846,-0.8558267164484948,2.499832242618813,1.8137454846410959
-0.653075606963657,0.2508914879675513,0.3700318293376636,1.4477391345493653,0.33689393849873156,0.8376493397035604,0.269311888021576,0.6675483294242277,0.3954844380192065,0.8201986452008109,-0.6543950107621646,1.8448355729206387,-0.6599484629097262,-0.6498737099751564,1.459187489849556,-0.4151653546114458,-0.48825954579733905
0.49446739122126576,-0.5255929236208943,-0.6504548111149269,-0.0026044328932750627,-0.9905953752847105,-0.6372240121983705,-0.7765626298583505,-1.1027788392794577,-0.7096086050858172,-0.5675873644269371,0.008437707436244992,0.27955044082429853,0.4410569883541014,0.5076246234561147,-0.3719507962796399,-0.6686434065445114,-0.38364847907171734
-1.0629123920297012,0.5836705215054568,-0.0938257345044232,0.09408513826956774,0.5866903147482727,2.052250923622798,0.43570101586610976,0.5406424001166761,0.5404459448543757,1.6612553920670199,-0.7266763830998675,0.12635792310920818,-0.9680059156773926,-1.0564631199603982,0.017047492483557317,-0.08103519524513166,-0.32528609330263064
-0.8170103209900755,-0.1928138900829889,-0.37214027280967477,1.3510495633865227,0.22270130935603663,2.1390081796170293,-1.9650564001764488,-1.031191601614447,-2.7513567656159523,1.7144136272796777,0.1992080457237835,0.9327459147805959,-0.36758283010977105,-0.8079299642348845,0.7808124252991024,1.0250508495537012,0.8388730284679687
-0.8989776780032841,0.02903879894228149,0.18448880380082888,1.3510495633865227,0.7651162977836988,-0.29019498822144535,1.0774876518378829,1.1272454040653126,1.0444837796477284,-0.18954169161124898,-0.4988321091823719,1.7532303378096767,-0.5732705250544853,-0.899865694325708,1.226737292905694,-0.4497305435114096,-0.6961981078777175
-0.5711082499504484,-1.30207733520934,0.8338893931797494,-0.6794314310331742,-0.0627802635005818,-0.029923220238752032,-0.5864036266074547,0.48904159866142893,-0.477758774168862,0.0699531769801072,0.8623379206203172,-0.1554726077596656,1.3463191592007284,-0.5606482917957287,-0.17903294575480252,-1.5212513994102788,-2.007366263217873
1.0682388903137285,0.2508914879675513,1.5760614953270884,0.2874642805952528,-0.5552359766783199,-1.6783110841291449,1.4340357829333124,0.140200188059598,1.293237189907237,-2.022442901541517,-0.1358501535568838,-0.15012274211499763,-0.1791281447149423,1.0598209247833597,1.1935301219137142,1.1748333347868753,0.8647851255173361
-0.48914089293723984,-0.8583719571587995,-0.27936876004125744,1.0609808498979947,-0.4910026227855887,0.14359129174971055,-0.9429517577028842,-1.1793069189638352,-0.9274560387990313,0.2330774146353509,0.9530877376433202,0.8530563278121018,0.5306485057402854,-0.47057297321436337,0.6369146843338548,0.5757033938541757,0.5131667931105873
0.16659796316843153,-0.6365192681335294,0.462803342106081,-0.2926731463818035,-0.7122508417494758,-0.4637095002099079,-0.372474747950197,-1.2615087562840905,-0.23578665058535841,-0.37358794334610596,1.1275088806292028,-0.8302071703199552,0.46820594535695526,0.17850404529845737,-0.0019280337975743518,1.7048328979196525,1.6798529460175813
-1.0629123920297012,0.2508914879675513,-1.7637129643359342,-0.5827418598703313,1.560896182121594,-0.37695224421567664,-0.44378437416928296,1.0661721522227117,-0.31440155107636625,-0.28038490449683706,-0.20498946785092145,-0.8743323529745206,-0.7744294910513416,-1.0768657521388534,-1.2827760577739549,0.8407031754205623,1.1970295525450694
-0.05198165553348707,0.13996514345491606,0.18448880380082888,-0.3893627175446463,-0.23050068755389266,0.23034854774394187,0.958638274806073,0.3583946297222634,0.9570118315684041,0.3119402649770985,-0.6150573798958602,-0.13321641102617085,-0.40888001209896063,-0.04770555462532232,-0.22489046760087023,-0.7608172436110809,-0.6805545817952812
-0.48914089293723984,0.4727441769928217,1.0194324187165842,-0.0026044328932750627,-0.21979512857173777,0.750892083709329,1.9450881041700945,-0.5361622715405847,1.6187323633425639,0.7518515263711428,-0.6932854294294668,0.07865493768338853,-0.7572568896399812,-0.4767297072271613,0.5673377546363726,-0.2192959508449859,-0.3586589489451609
1.4780756753797728,0.13996514345491606,-1.2070838877254306,0.4808434229209384,-1.7221419057298746,-1.2445248041579886,-0.13477599388657738,-1.3502935043163888,0.012966759674150239,-1.3434207969926282,-0.9011510613317935,1.425608699217682,0.033253563007504615,1.4951656823326143,-0.4004140857013372,-1.5788600475768844,-1.5330866416826914
-1.2268471060561197,-1.1911509906967048,-0.5576832983465095,0.09408513826956774,1.3360794434969754,0.05683403575547927,0.03161313395795637,1.3261734466738646,0.17612296189152724,0.1524422178765131,1.072044385169894,0.3652088879377267,0.77307526996195,-1.2322527173092377,-0.25177246316580676,-0.6110347583779058,-1.0377083157388918
1.0682388903137285,2.580344722732889,-1.5781699387990995,-2.3231541408015004,-1.1333361617130198,-1.0710102921695264,-0.6339433774201787,-0.5361622715405847,-0.5341448331772878,-1.1041244592143058,-1.4901654679059142,-2.3921963239211395,-1.301040020675565,1.075481166053699,-2.1082114510031777,-0.2769045990115926,-0.45071508319949516
0.5764347482344758,-1.1911509906967048,-0.5576832983465095,-0.09929400405611787,-0.6979767631066292,-0.29019498822144535,-0.49132412498200684,0.039292727020321674,-0.3679203813793834,-0.18954169161124898,1.0110392633543592,0.2035869401834105,1.661984516751417,0.5806668021558461,-0.3877637348472495,-0.74929551397776,-0.6947540900854918
1.0272552118071236,0.2508914879675513,-0.001054221736005843,2.3179452750149507,-0.1662673336611218,0.40386305973240444,-0.7527927544519885,-0.8701532192618712,-0.6796791355505106,0.4646490664410443,-0.10128049640986499,1.618056909869793,-0.19057624752910363,1.0091218801988655,1.8529296601830365,1.5320069534198344,1.8784856156591778
0.5764347482344758,-1.0802246461840699,-0.0938257345044232,-0.3893627175446463,-0.7051138024280525,0.05683403575547927,0.12669263558340424,-1.3502935043163888,0.2657044422539355,0.1524422178765131,1.373682195303852,-0.5503717886534268,1.4083325297493,0.5808502422426488,-0.3624630331390743,0.3798339900877148,0.4542027332614069
-0.8170103209900755,-0.7474456126461646,0.09171729103241152,0.09408513826956774,0.8650348482835073,-0.029923220238752032,1.7905839140287418,1.1944912772868794,1.5238166384313312,0.0699531769801072,0.7234476730701076,-0.04858643207469221,0.23626995734733997,-0.8218576468594296,0.12457547474330284,0.3567905308210729,0.08657987032416496
1.3141409613533543,-1.0802246461840699,-0.8359978366517611,1.5444287057122081,-0.8478545888564013,-0.29019498822144535,-0.30116512173111115,0.2973213778796623,-0.1590816139620979,-0.18954169161124898,1.200834293673926,1.5286827532093374,1.7517748509715316,1.3093516765905646,0.5357118775011533,0.2646166937545034,0.44890800135658343
1.2731572828467508,-0.7474456126461646,2.503776623011262,-0.48605228870748857,-0.7479360383565532,-1.33128206015222,-0.396244623356559,0.37802730506175736,-0.26177474292628716,-1.469332496695443,0.2295961336125447,-0.20392047412607714,1.0703448279904084,1.2663204377602812,0.8013692454369957,-0.8645128103109713,-0.9052196833022621
0.2485653201816401,-0.7474456126461646,0.27726031656924627,0.8676017075723091,-0.20195253026819912,-0.5504667562041392,-0.3487048725438351,0.2973213778796623,-0.210010708302956,-0.46927668735086014,0.6246773651785947,0.8238374970126524,0.6614845972830221,0.24637574124144612,0.8899217014156092,0.21852977522121866,0.0908718120955013
-0.48914089293723984,-1.4130036797219752,-0.001054221736005843,0.09408513826956774,1.3432164828183986,0.577377571720867,-0.9904915085156082,1.1468780794048066,-0.9925621679584964,0.6111230874510375,1.5234788703408069,0.43312080952585286,1.6754492471439004,-0.5120291092207774,0.07081148361342986,-0.74929551397776,-0.7764614301622146
-0.653075606963657,-1.0802246461840699,0.462803342106081,0.4808434229209384,0.7222940618551981,0.4906203157266358,0.9110985239933491,0.7678038849499831,0.9213330859079093,0.5386334452652105,1.1432183264639506,0.5007746538583054,0.8359286610455807,-0.6584050968381476,0.6811909123231622,0.02266037145475876,0.35552818412604187
0.002663249142012967,0.5836705215054568,0.741117880411332,-0.48605228870748857,-0.4695915048213185,-0.8107385241868326,-0.6814831282329026,-1.1793069189638352,-0.5915561492431368,-0.7726783407028834,-0.5695415302696828,-0.6622037370284766,-0.6974143126182107,0.011645240035463767,-0.03987908635983769,0.4259209086210005,0.7561628982577573
0.08463060615522153,-0.8583719571587995,2.4110051102428436,-0.6794314310331742,-0.35539887567866324,-0.29019498822144535,0.7209395207424534,0.16405524078297637,0.7744444899712012,-0.18954169161124898,0.4345437446751472,-0.4636162999809621,0.7710582641560819,0.08932134440466023,0.5198989389335437,-0.7838607028777238,-1.1947051390380041
-0.16127146488440414,0.2508914879675513,0.27726031656924627,1.0609808498979947,0.2762291042666922,0.23034854774394187,1.0537177764315209,-1.1027788392794577,1.0271821725509864,0.3119402649770985,-0.7581039822032207,1.6412683533979069,-0.5225712291397879,-0.16683888463773697,1.0543762625187494,-0.8069041621443657,-0.056819118764828966
0.49446739122126576,-1.30207733520934,-0.18659724727284058,-0.2926731463818035,-1.179726917302252,-0.029923220238752032,-1.1331107609537798,-0.4926579819410412,-1.196344832782428,0.0699531769801072,1.7049708559076953,-0.3296372084116131,1.9044125436241575,0.512453228509521,-0.333999743717377,0.02266037145475876,-0.9012486343736446
0.4125000342080572,-0.3037402345956241,-0.8359978366517611,0.5775329940837812,-1.1333361617130198,0.6641348277150978,-0.06346636766749149,-1.2615087562840905,0.08392559745065886,0.6821771964116963,-0.260302633934287,0.9799117320085854,0.145995942032318,0.4306665482096392,-0.0968056652032318,-0.6916868658111542,-0.6572096274876464
0.33053267719484863,-0.3037402345956241,0.3700318293376636,2.221255703852108,-0.7051138024280525,-0.7239812681926012,-1.01426138392197,-0.7836769365775159,-1.0256256679196953,-0.6686677176331566,0.07156585343217195,2.163242800906813,0.11852051359522182,0.3393373258722236,2.1296560851162054,0.4259209086210005,0.5995270794067018
-0.653075606963657,0.9164495550433619,1.2977469570218363,-1.2595688580102304,-0.07705434214342857,2.52941583159107,0.055383009364318336,-1.031191601614447,0.19875772114794182,2.530809295077329,-0.7869108935114586,-1.3940110697680166,-1.033918782699226,-0.6406897096221771,-0.5711938222315213,0.2530949641211825,0.036480475255030786
0.5764347482344758,0.8055232105307267,-0.46491178557809215,-0.8728105733588598,-0.2626173645002385,-0.11668047623298272,-0.3487048725438351,0.4349227094066409,-0.210010708302956,-0.014476959580863336,-0.6395783992716788,-1.1007158633154097,-0.6861144990303226,0.5694909295046964,-0.8937777690107579,0.6333120420207814,0.5442933988541021
0.33053267719484863,-0.08188754557035371,0.5555748548744983,-0.0026044328932750627,-0.6337434092138979,0.8376493397035604,0.8873286485869871,-0.5814427299733397,0.9033413825577722,0.8201986452008109,0.16375243207807202,-0.40068444048969143,-0.10535251858470443,0.3375519499300121,0.3064242682708138,1.1057029569869499,1.2628526969073188
-0.9809450350164927,1.1383022440686323,-0.7432263238833442,-1.2595688580102304,0.22270130935603663,0.23034854774394187,-0.5150940003883688,-0.19509495404983115,-0.39502385590537664,0.3119402649770985,-0.7581025266425399,-1.5172371351113834,-1.2046359517975533,-0.9685175956961708,-1.2669631192063453,0.8522249050538832,0.8164105294778041
0.2485653201816401,0.5836705215054568,0.741117880411332,-0.48605228870748857,0.02643272801711146,-0.11668047623298272,0.4119311404597478,0.21027931237287534,0.5201401810160081,-0.014476959580863336,-0.4752606185715721,-0.7626962041301382,-0.6349700965276301,0.24073303656036737,-0.03987908635983769,0.7715727976206346,1.4111051902424003
1.4780756753797728,0.4727441769928217,-0.18659724727284058,-0.48605228870748857,-1.2546658301770985,-0.8107385241868326,-0.8954120068901603,0.18740804436970973,-0.8636652753719254,-0.7726783407028834,-0.6284673087750766,-0.5111686419779866,-0.2420921556770837,1.4819218955296511,-0.48264136625290743,-0.04647000634516785,-0.3769097293746681
-0.9809450350164927,-0.3037402345956241,-0.37214027280967477,-0.6794314310331742,1.1183997441937799,0.4906203157266358,-0.7527927544519885,1.2490539421824454,-0.6796791355505106,0.5386334452652105,-0.46772043853832396,-0.20281085812361277,-0.3210863413983214,-0.9875208195381076,-0.7135102693400079,-1.4175558327103883,-1.8470802882809159
1.3141409613533543,0.02903879894228149,0.8338893931797494,1.5444287057122081,-0.41963222957139446,-0.20343773222721404,-0.6339433774201787,0.5237074574389393,-0.5341448331772878,-0.10094175185183701,-0.20252083275799485,1.3982291064803982,0.08908383720482362,1.2974732022175168,1.9304130591643223,0.49505128642092716,1.2454843717952804
-0.48914089293723984,1.4710812776065372,-0.37214027280967477,-1.8397062849872867,0.7936644550693527,-0.5504667562041392,-0.44378437416928296,1.0450435667450575,-0.31440155107636625,-0.46927668735086014,-1.2892948950462644,-1.7681536117209566,-1.2284429970789545,-0.49965329329856556,-1.5674089519909282,-0.9105997288442571,-0.5032612861943436
-0.653075606963657,-1.7457827132598804,-0.37214027280967477,-0.0026044328932750627,-0.7622101169994,-0.4637095002099079,-0.15854586929293935,-1.5525277109205653,-0.011045032048426011,-0.37358794334610596,1.9210206802494945,0.8567377389768679,2.7057657168355993,-0.6254413915268905,-0.21540270446030418,-1.7171208031767387,-1.762565135830422
-0.48914089293723984,-0.1928138900829889,1.3905184697902535,2.3179452750149507,0.7936644550693527,0.05683403575547927,0.5307805174915576,0.6824373744435721,0.6203878196850902,0.1524422178765131,0.2789841366908397,1.7032226576472083,-0.2619080890941201,-0.49965329329856556,3.204935907713661,1.3707027385533372,1.6273067430227344
-1.7186512481353726,-1.0802246461840699,1.1122039314850014,1.4477391345493653,2.3566760664595288,0.9244065956977916,1.0774876518378829,1.6535223553907976,1.0444837796477284,0.8872681726876441,0.8551384904140746,1.8604279506004513,0.33984530816902364,-1.7319597398450708,2.066404330845766,-0.4382088138780877,-1.0801463941881657
-0.8989776780032841,-0.1928138900829889,-0.5576832983465095,-1.1628792868473878,1.22188681435432,-0.8107385241868326,0.3406215142406619,1.2490539421824454,0.458427427137323,-0.7726783407028834,-0.47888872749619205,-0.8804201286259233,-0.39400151536368344,-0.9096418842236972,-1.1357157290951854,-1.2332081585772492,-1.1383884451412354
0.2485653201816401,-1.52393002423461,-0.5576832983465095,0.7709121364094663,-0.8478545888564013,-0.5504667562041392,-1.01426138392197,-1.669395407018331,-1.0256256679196953,-0.46927668735086014,2.353145407079764,0.7653308172327682,2.44410247018242,0.2623734523071697,0.22419698771924312,0.12635593815464918,0.3232383418276806
-0.5711082499504484,0.13996514345491606,-0.37214027280967477,1.5444287057122081,0.25838650596315355,-0.8107385241868326,0.43570101586610976,0.16405524078297637,0.5404459448543757,-0.7726783407028834,-0.4362488289984021,1.659528319776144,-0.558889617938643,-0.5678478211922032,0.9231288724075893,0.04570383072140165,-0.12805732984792043
-1.1448797490429112,-0.08188754557035371,0.09171729103241152,-0.776121002196017,2.4030668220487215,0.14359129174971055,1.671734536996932,1.7193173229779861,1.4488122710881348,0.2330774146353509,0.240573863952493,-1.1527711451298344,-0.5632764615502707,-1.1742169347733766,-0.5870067607991309,1.243963712586803,0.904254945171481
-0.653075606963657,-0.9692983016714347,-0.0938257345044232,0.19077470943241,0.4368124889985401,2.052250923622798,0.293081763427938,0.23268850280246456,0.4166051548611586,1.6612553920670199,0.9339824941531583,0.19697504660086204,0.6391031035205693,-0.6520873293765765,0.0929495976080831,-0.00038308781188310046,0.5081127308378007
-1.3088144630693284,-0.08188754557035371,0.462803342106081,-0.776121002196017,-0.31257663975016253,-0.20343773222721404,-0.6814831282329026,-0.9005446326752814,-0.5915561492431368,-0.10094175185183701,-0.48922973885450594,-0.5167674765854963,-0.6141568996575558,-1.2787756925330676,-0.4288773751230345,-0.9451649177442208,-1.3405509360527137
0.2485653201816401,-0.1928138900829889,1.3905184697902535,-0.19598357521896068,-0.027095066893504497,0.05683403575547927,-0.22985549551202525,-0.6779572458674805,-0.08419584172473729,0.1524422178765131,-0.00023218169385640257,-0.31411053275329626,-0.02413992180890629,0.24205489333281666,0.5736629300634162,0.2646166937545024,0.7565640143111507
-1.0629123920297012,0.6945968660180921,1.1122039314850014,-0.8728105733588598,2.017666698692255,0.577377571720867,1.1012575272442449,1.6748834567899258,1.0616910995893223,0.6111230874510375,-0.9716217231483423,-0.6563855757806515,-1.0249401805415548,-1.0863934396615185,-0.24860987545228472,-0.8760345399442933,-1.1592464799178162
0.16659796316843153,-0.8583719571587995,1.5760614953270884,-0.8728105733588598,-0.012820988250697345,0.750892083709329,-0.06346636766749149,-0.9639457283928805,0.08392559745065886,0.7518515263711428,0.4345437446751472,-0.6806502356252522,0.8054025153583395,0.16135521574773626,-0.05885461264096892,-0.8069041621443657,0.18649787922505834
1.2321736043401457,0.02903879894228149,-0.27936876004125744,0.2874642805952528,-1.3831325379626005,-0.7239812681926012,-1.6085082690810193,-1.5525277109205653,-1.9898790353189013,-0.6686677176331566,-0.2395597423110416,0.202987988421745,0.06455219415818257,1.2435814442845894,0.05499854504582021,0.23005150485454062,-0.049759476225062424
-0.48914089293723984,2.580344722732889,-0.27936876004125744,0.8676017075723091,1.0791460279260108,1.0979211076862543,1.0299479010251589,-1.031191601614447,1.0097852393143443,1.017759471287118,-1.042792820199771,-0.10298081554990268,-1.5569391406956206,-0.506087061307288,0.4914356495118464,2.6380929982186663,2.6187452922011047
0.6584021052476844,-1.1911509906967048,1.2049754442534188,0.8676017075723091,-0.9798898163025953,2.52941583159107,-1.5847383936746573,-1.5525277109205653,-1.9450905482686016,2.0659786245656173,1.438075116063104,0.846760199312802,1.7023894825145738,0.6684851701855327,1.5540651212552132,0.17244285668793394,0.5884963879383163
-0.16127146488440414,1.914786655657078,-0.7432263238833442,-0.09929400405611787,0.8650348482835073,0.05683403575547927,-0.49132412498200684,0.6216431358584676,-0.3679203813793834,0.1524422178765131,-1.1268450968462764,-0.40970333543380216,-1.3163045937364,-0.18066776123299114,-0.48896654167995146,0.8407031754205623,1.3608854603572478
-0.3252061789108227,-1.30207733520934,-0.9287693494201784,0.4808434229209384,-0.20552104992893064,-0.29019498822144535,0.12669263558340424,-0.19509495404983115,0.2657044422539355,-0.18954169161124898,2.742057545492161,-0.22527525834161954,1.4751099402215198,-0.3162718290634767,-0.22014658603058743,1.9583109498527171,1.29614532933917
-0.8170103209900755,-0.6365192681335294,-0.27936876004125744,1.5444287057122081,-0.34826183635723984,0.6641348277150978,-1.2044203871728658,-1.1027788392794577,-1.3033901821391358,0.6821771964116963,0.04328003886692201,2.1837169195404527,0.0935412164855836,-0.7955074041284508,1.0006122713888768,-0.7262520547111181,-0.5048657504079259
-0.653075606963657,-1.8567090577725158,-1.2998554004938478,-0.6794314310331742,1.064871949283164,0.8376493397035604,-1.01426138392197,1.4363991037672768,-1.0256256679196953,0.8201986452008109,3.484499389332971,-0.59205192879313,3.2157194746488,-0.6659730313083335,-1.1246466720978585,-0.42668708424476676,-0.4442972263451604
1.887912460445817,-0.6365192681335294,-1.3926269132622648,-0.19598357521896068,-1.5758325996408338,-2.1988546200945325,-1.3708095150173996,-0.6286505862834514,-1.5682489367817558,-2.588353925259448,0.6089646519602862,-0.3773221611688442,1.1238692208818553,1.894531151033714,-0.8969403567242797,0.4489643678876414,0.09151359778093307
0.33053267719484863,-0.6365192681335294,1.2977469570218363,-0.3893627175446463,-0.7122508417494758,0.14359129174971055,0.3406215142406619,-1.3502935043163888,0.458427427137323,0.2330774146353509,-0.2867026521042065,0.3547019568758253,0.5306500668355169,0.3395159030702192,0.32539979455194507,-1.7632077217100233,-1.0087076250783753
-0.5711082499504484,1.1937654163249498,1.2977469570218363,-2.3231541408015004,0.9364052414976619,-0.8107385241868326,-0.5388638757947308,1.2578923730044782,-0.42236199546769626,-0.7726783407028834,-1.2968507558248052,-2.241796567549451,-1.1374965947307574,-0.583004116761005,-1.6670304649668688,-1.4578818864270124,-1.3949422728931828
0.49446739122126576,-0.6365192681335294,-1.1143123749570132,-1.066189715684545,-0.9977324146061339,-0.4637095002099079,-0.3249349971374731,-1.3502935043163888,-0.1844434803938194,-0.37358794334610596,0.32612234541360413,-1.0425825293299842,0.5930941883140785,0.5078067411939501,-1.2764508823469112,-0.3460349768115192,-0.6408440925090979
-0.9809450350164927,0.02903879894228149,-0.27936876004125744,0.7709121364094663,0.5081828822126947,0.14359129174971055,1.8618935402478276,0.5737558202932183,1.5679786925076773,0.2330774146353509,-0.46179319962932475,1.0442497289322072,-0.5978021681011259,-0.9745848071870599,0.4186961321008417,-0.40364362497812384,-0.7314562089712064
1.887912460445817,0.6945968660180921,-0.7432263238833442,-0.19598357521896068,-1.7328474647119898,-1.1577675481637577,0.10292276017704227,-0.7836769365775159,0.24354620819824443,-1.2217781224792306,-1.0326270243901778,0.21913626677058903,-0.2976486577245874,1.8991631627587973,-0.5537995898071508,-1.0258170251774685,-0.5862923092472709
0.90430417628731,0.6945968660180921,-0.8359978366517611,0.09408513826956774,0.15133091614188202,0.40386305973240444,-2.297834655865516,1.2578923730044782,-2.8041417031446296,0.4646490664410443,-0.6360925663182432,-0.10438764935127663,-0.5400791653302437,0.8801300005466376,-0.4130644365554248,0.5065730160542481,0.5637876390491362
0.5764347482344758,-0.1928138900829889,-1.5781699387990995,1.5444287057122081,-0.6694286058209752,-1.4180393161464513,-1.2044203871728658,-0.2623408272713978,-1.3033901821391358,-1.599823795294917,0.2789841366908397,1.003113166979988,0.08153481920674467,0.579933115783797,-0.08415531434914462,1.2785289014867678,0.8723662189265174
-0.40717353592403127,-0.08188754557035371,-0.18659724727284058,0.674222565246624,-0.6194693305710511,2.52941583159107,-0.3249349971374731,-1.3502935043163888,-0.1844434803938194,2.1135040246364536,-0.9117476141638206,2.0687206430300416,-0.33431449006748776,-0.3871685035958844,0.4092083689602761,-2.039729232909732,-1.9683777828278033
-0.9809450350164927,-0.7474456126461646,-0.9287693494201784,-0.8728105733588598,1.1505164211401653,0.577377571720867,0.6258600191170055,1.2129786585655846,0.6983556179308059,0.6111230874510375,0.13082582572103219,-0.5590273733999277,0.1708523204341584,-0.9882004330900852,-1.0835330318220735,-1.1410343215106797,-0.8779036800660098
0.33053267719484863,-0.5255929236208943,0.462803342106081,0.7709121364094663,-0.03423210621492788,-1.1577675481637577,-0.5626337512010927,0.7540246121085826,-0.4499388990964361,-1.2217781224792306,0.2789825758610633,0.7710115854130101,0.38132781687482503,0.3225831659673168,0.9373605171184382,0.11483420852132928,0.21946961881419233
-0.5711082499504484,0.2508914879675513,1.2049754442534188,-0.2926731463818035,-0.027095066893504497,-0.4637095002099079,1.7192742878096559,-0.6530299676383503,1.4790281513810286,-0.37358794334610596,-0.6198253536151458,-0.1267277883570861,-0.6370522572814036,-0.5614488835212668,0.3775824918250568,-0.5073391916780153,-0.5341472223058172
-1.2268471060561197,0.2508914879675513,-0.9287693494201784,1.1576704210608375,0.15133091614188202,2.52941583159107,1.0061780256187969,-0.16294147958385466,0.992291923684418,2.530809295077329,-0.6198253536151458,1.452437049142736,-0.8202219023079882,-1.2079291716585456,0.21154663686515593,-0.33451324717819725,-0.85784787739622
-0.8170103209900755,1.0273758995559972,-0.18659724727284058,0.7709121364094663,0.543868078819772,1.53170738765741,0.269311888021576,0.48904159866142893,0.3954844380192065,1.3246228858805913,-0.9543089600847381,0.8054336658237746,-1.1215843497849012,-0.8149001025941623,0.4835291802280411,0.04570383072140165,-0.0380468874659056
1.5600430323929815,-0.6365192681335294,-1.3926269132622648,-0.6794314310331742,-0.5338248587140497,-1.4180393161464513,-0.372474747950197,0.9090509624026475,-0.23578665058535841,-1.599823795294917,0.46754349868694517,-0.7449788146995269,0.998980977924731,1.5420340745929983,-1.1657603123736435,0.04570383072140062,-0.3380816954059564
0.740369462260893,-1.6348563687472453,0.09171729103241152,0.2874642805952528,-1.440228852533948,0.750892083709329,-1.5609685182682953,-1.031191601614447,-1.9009284941922555,0.7518515263711428,1.9542636372734814,0.8573520365752845,3.1724976237188796,0.7611280053513522,0.2827048604193989,-1.0949474029773951,-1.4490929401016135
0.8223368192741014,-1.1911509906967048,0.18448880380082888,-0.2926731463818035,-0.8050323529279007,0.31710580373817315,-0.49132412498200684,-0.7836769365775159,-0.3679203813793834,0.38910700786658775,1.3770699942475693,-0.29201517371245816,1.7831994140408887,0.8250002987656635,-0.1442444809060612,-0.08103519524513166,-0.17747482762628192
1.4780756753797728,2.580344722732889,-0.18659724727284058,-1.6463271426616015,-1.1404732010344432,-0.8974957801810638,-0.6814831282329026,0.09089352847556888,-0.5915561492431368,-0.8797942129914668,-1.5918410696573104,-1.5776800530092043,-1.2336981469860766,1.4786920954281244,-1.3744911014660908,-0.7723389732444028,-0.42203528538169466
-0.8989776780032841,0.2508914879675513,-0.0938257345044232,1.1576704210608375,0.6509236686410436,-0.4637095002099079,1.4815755337460363,0.7540246121085826,1.3249714810949178,-0.37358794334610596,-0.5506860393211085,1.315118387522269,-0.7286370797946958,-0.8974177190970618,0.8519706488533458,-0.10407865451177455,-0.14386130235171474
0.6037572005721843,0.13996514345491606,0.6483463676429156,-0.2926731463818035,-0.1377191763754679,0.6641348277150978,0.6733997699297294,0.9030061670649231,0.7366292428455685,0.6821771964116963,-0.5077722493573854,-0.1685907675746102,-0.21939419419619294,0.5930816210827407,0.09294959760808355,-0.4036436249781249,-0.3048692861847841
-0.16127146488440414,-0.3037402345956241,1.9471475464007568,2.0278765615264223,0.2726605846059607,0.23034854774394187,0.9110985239933491,0.6059092947591945,0.9213330859079093,0.3119402649770985,-0.260302633934287,2.6202844994567838,-0.04633205702735669,-0.16675493337389066,3.413666696806107,-0.5188609213113362,-0.5750209481468485
-0.9809450350164927,-0.4146665791082593,1.8543760336323394,0.674222565246624,1.7214795668534815,0.750892083709329,1.4340357829333124,1.4804797598122794,1.293237189907237,0.7518515263711428,0.14934703322226583,0.6665408591696097,-0.21347469506822003,-1.0002620045746504,1.8007469629099235,0.11483420852132928,0.15898131796210718
-0.07930410787119559,-0.6365192681335294,-0.9287693494201784,1.5444287057122081,-0.2768914431430852,-0.11668047623298272,-0.7765626298583505,-0.0717215665793504,-0.7096086050858172,-0.014476959580863336,0.8918069585069683,0.9714271810028674,0.37453976313911236,-0.07339923894708489,0.45822847851986587,1.3476592792866955,1.187041762815516
-1.3088144630693284,0.2508914879675513,-0.001054221736005843,-1.6463271426616015,0.7579792584622754,0.577377571720867,1.2676466550887786,0.6824373744435721,1.1795861155578766,0.6111230874510375,-0.6198253536151458,-1.6006149700235863,-0.843118107936311,-1.3005771384052285,-1.32388969804974,-0.6686434065445114,-0.7963968980159845
-1.1448797490429112,1.5820076221191726,1.1122039314850014,-0.19598357521896068,1.114831224533088,0.40386305973240444,1.9807429172796376,0.9090509624026475,1.6402366602736516,0.4646490664410443,-0.930950457151061,-0.592179423047597,-1.3991673830963325,-1.1476302137088306,0.42660260138464656,1.1402681458869146,0.8279626718156045
-1.3088144630693284,2.580344722732889,-0.27936876004125744,-2.3231541408015004,1.196907176729358,0.05683403575547927,1.576655035371484,1.1468780794048066,1.3874989776938662,0.1524422178765131,-1.3478196254539596,-2.4722222800772156,-1.6916228880745974,-1.3094778121755195,-1.9089684250512962,0.52961647532089,0.4626261703827174
-0.653075606963657,-0.6365192681335294,-0.37214027280967477,-0.48605228870748857,1.5430535838180552,0.8376493397035604,1.4102659075269504,1.3747600691022437,1.2772496347645668,0.8201986452008109,0.938947342931415,-0.8823702639141177,0.1559853379641457,-0.6765122640570347,-0.5711938222315208,1.220920253320161,1.1866406467621182
-1.3907818200825368,-0.4146665791082593,-0.6504548111149269,0.8676017075723091,1.4716831906039007,1.9654936676285666,1.4340357829333124,1.3747600691022437,1.293237189907237,1.607297754991093,0.3654072103415853,0.5925777323923548,-0.35657586099466526,-1.395050807565106,0.2257782815760039,0.71396414945403,-0.17579014020201925
-0.36618985741742627,-1.0247614739277524,-0.46491178557809215,-1.066189715684545,-0.5695100553211667,-1.1577675481637577,-0.3487048725438351,-1.5525277109205653,-0.210010708302956,-1.2217781224792306,0.08277352983361684,-0.40336277361757955,0.8648072599115547,-0.34807879129512975,-1.0329316284057228,-2.11462047552632,-1.5378398669154325
-0.07930410787119559,-0.7474456126461646,2.0399190591691743,-0.5827418598703313,-0.16983585332185333,-0.4637095002099079,0.293081763427938,-0.9639457283928805,0.4166051548611586,-0.37358794334610596,0.2295961336125447,-0.313961080884315,0.5306493234566585,-0.07594914185730868,0.4677162416604319,-0.8760345399442933,-0.1678480423447826
1.3141409613533543,0.2508914879675513,-0.6504548111149269,-1.1628792868473878,-1.7399845040334132,-0.9842530361752951,-0.6339433774201787,-1.4468080202105298,-0.5341448331772878,-0.9902064706735354,-0.6889646679091831,-1.0062011390916872,-0.11043952782997289,1.3341910891075084,-1.1689229000871657,-0.8414693510443294,-1.5254253250628311
0.33053267719484863,-0.8583719571587995,0.27726031656924627,1.5444287057122081,0.5795532754268493,0.6641348277150978,1.600424910777846,0.7678038849499831,1.4029392793406334,0.6821771964116963,1.3679229320178583,0.8791178865841418,0.8740910177628526,0.30731032875156916,1.4655126652766002,1.5550504126864741,1.4108645206103636
1.3961083183665643,1.5820076221191726,0.741117880411332,0.2874642805952528,-0.6337434092138979,-0.5504667562041392,-0.8716421314837983,0.23268850280246456,-0.8322467535124602,-0.46927668735086014,-0.8568725498572966,-0.269265140173781,-0.8921794899108898,1.383896921893531,0.6811909123231613,1.5435286830531534,1.5040838914195442
0.2485653201816401,0.2508914879675513,-1.7637129643359342,-0.48605228870748857,0.14419387682045864,-0.20343773222721404,-0.6814831282329026,1.1517324293816074,-0.5915561492431368,-0.10094175185183701,-0.5852556964681269,-0.3806327166389759,-0.40809020099817267,0.23782635571190114,-1.235337242071126,-0.4151653546114458,-1.0562398774057769
1.1502062473269372,2.580344722732889,-0.37214027280967477,1.8344974192007366,-1.2689399088199451,-0.5504667562041392,-0.3487048725438351,-1.1793069189638352,-0.210010708302956,-0.46927668735086014,-1.5918410696573104,2.2639191202727296,-1.2875716459376674,1.1597947337155967,1.1366035430703196,-0.35755670644484117,-0.25288464566469127
1.3961083183665643,-0.7474456126461646,-0.27936876004125744,-0.8728105733588598,-1.375995498641177,-1.9385828521118385,-1.3708095150173996,-0.9005446326752814,-1.5682489367817558,-2.501568927563423,0.5752922112328387,-0.9040944248618221,1.119408055675295,1.404698651575235,-0.8178756638862317,-0.10407865451177352,-0.23230739212548676
1.4780756753797728,1.1383022440686323,-1.6709414515675167,0.8676017075723091,-1.3224677037305612,-2.3723691320829947,-0.5864036266074547,0.23268850280246456,-0.477758774168862,-2.588353925259448,-1.1674803327705274,1.2867221973498357,-0.6623570168971809,1.4838405771719596,-0.5047794802475611,-0.6225564880112276,-0.8008893978140182
1.64201038940619,1.6929339666318077,-0.27936876004125744,-0.2926731463818035,-0.8978138641062858,-1.5915538281349135,0.007843258551594406,0.5406424001166761,0.15332477335556308,-1.8759688805315238,-1.119877738299964,-0.47485704229074444,-0.8910383704521849,1.632932016116287,-0.3814385594202055,0.4489643678876414,0.4684022415516175
0.33053267719484863,-0.9692983016714347,-1.0215408621885957,1.5444287057122081,0.008590129713572809,-0.5504667562041392,-0.6577132528265406,0.5573226723308153,-0.5627200091491062,-0.46927668735086014,1.2069003133689193,1.26865202478228,1.0729251098070127,0.32151590367552824,0.38074507953857883,0.7370076087206718,0.8521098582300303
1.887912460445817,-1.0802246461840699,-1.1143123749570132,-0.5827418598703313,-1.7328474647119898,-1.1577675481637577,-0.8241023806710743,-0.9639457283928805,-0.7703323110645232,-1.2217781224792306,0.3942107527342718,0.009878088167320857,2.0188966563666004,1.8991631627587973,-0.9839115188461328,-1.6019035068435283,-1.3895272061723394
1.5600430323929815,0.9164495550433619,-0.9287693494201784,-0.48605228870748857,-0.8086008725885925,-0.8107385241868326,-1.3470396396110376,0.7948593042719118,-1.5290243901929277,-0.7726783407028834,-0.9021431480192267,-0.48759451935637205,-0.5187538698601818,1.5498451741861512,-0.8368511901673629,-0.11560038414509445,-0.8043389958732211
-0.735042963976867,-0.3037402345956241,-0.0938257345044232,-0.19598357521896068,1.22188681435432,0.577377571720867,1.5291152845587601,1.3178646647573604,1.3563900029543858,0.6111230874510375,-0.011401268409443055,-0.1834731685192964,-0.23866005608703236,-0.7495051602204771,-0.21065882289002183,-0.09255692487845361,-0.013017245734008257
-0.2432388218976127,-0.8583719571587995,2.2254620847060087,-0.2926731463818035,-0.4838655834641653,-0.6372240121983705,-2.1076756526146205,-1.2615087562840905,-2.8041417031446296,-0.5675873644269371,1.3679229320178583,-0.7355623511480335,0.6336812593470557,-0.22937307850931316,0.8994094645561748,1.3361375496533725,0.7951513786478284
-0.2432388218976127,-0.8583719571587995,2.503776623011262,0.19077470943241,0.4011272923914628,-0.4637095002099079,-0.5150940003883688,-0.7295580473227278,-0.39502385590537664,-0.37358794334610596,1.0049421369401381,-0.03668763055909801,0.6336812593470557,-0.25002957872968856,1.6426175772338278,0.5872251234874967,1.6100186411213748
0.740369462260893,-0.5255929236208943,-1.2070838877254306,0.964291278735152,-0.34826183635723984,-0.7239812681926012,-0.8716421314837983,-0.2623408272713978,-0.8322467535124602,-0.6686677176331566,0.9102539355189718,0.2706862197353488,0.5306507455730166,0.7325337264415127,-0.11578119148436392,1.7509198164529363,1.8019526726712587
-0.9809450350164927,-0.3037402345956241,-1.3926269132622648,1.5444287057122081,0.008590129713572809,1.53170738765741,-0.49132412498200684,-1.3502935043163888,-0.3679203813793834,1.3246228858805913,0.48640146264024553,0.9043553098883376,-0.3210863413983214,-0.96396077676843,0.07081148361342986,1.4974417645198697,1.2785764462004328
-0.8170103209900755,-0.4146665791082593,-0.6504548111149269,0.674222565246624,2.2210723193526034,0.4906203157266358,1.1250274026506069,1.6442401489279872,1.0788051544662989,0.5386334452652105,0.27898313949385767,0.5072022385487385,-0.1562342286976421,-0.8510958764057655,0.09294959760808355,0.46048609752096437,0.9843177094292821
0.9862715333005201,0.6945968660180921,-0.46491178557809215,-0.09929400405611787,-0.9620472179990567,0.05683403575547927,-0.5150940003883688,-0.0717215665793504,-0.39502385590537664,0.1524422178765131,-1.00212437376926,0.27512064695415345,-0.5198766230297717,0.9902729670994519,-0.3371623314308986,-0.8990779992109351,-0.4629892344334048
-0.07930410787119559,-1.30207733520934,0.8338893931797494,0.38415385175809563,-0.5623730159997433,-1.0710102921695264,-0.9667216331092462,-1.4468080202105298,-0.9598413011043403,-1.1041244592143058,1.1216095930164327,0.8840049339741427,1.603900721242311,-0.06659195934512505,0.8298325348586921,-0.933643188110899,-0.47718874272361683
2.37971660252507,1.803860311144443,-0.5576832983465095,0.38415385175809563,-1.4901881277838325,-0.20343773222721404,-0.22985549551202525,-0.4507957610341739,-0.08419584172473729,-0.10094175185183701,-1.1587959605931943,0.1762596871786159,-0.7962827248468547,2.3761059915564173,-0.047785555643642515,0.5411382049542119,0.22143508747582996
-0.8989776780032841,-1.9676354022851505,-0.27936876004125744,-0.5827418598703313,-0.34826183635723984,0.31710580373817315,-0.8954120068901603,-1.2615087562840905,-0.8636652753719254,0.38910700786658775,3.0790885521007985,-0.0014837566031336532,3.621598487231015,-0.8759306215268707,-0.5996571116532183,-1.5788600475768844,-1.557434386123816
0.16659796316843153,-0.7474456126461646,0.462803342106081,0.674222565246624,-0.6337434092138979,-0.37695224421567664,-0.7290228790456266,-1.3502935043163888,-0.6500306980473303,-0.28038490449683706,1.069143750690401,0.19390831906874556,0.6287757788264313,0.17657580039716278,0.8519706488533463,1.232441982953484,1.4381805238466188
-0.5711082499504484,0.6945968660180921,1.2977469570218363,-1.3562584291730733,0.18701611274895932,-0.20343773222721404,0.17423238639612817,0.3973185252040561,0.3095598055044509,-0.10094175185183701,-0.9106164219065059,-1.2667072269851865,-0.9037249267387268,-0.5662490521166043,-0.6708153352074621,-0.7032085954444752,-0.8893354875877902
-0.9809450350164927,-1.0802246461840699,1.2049754442534188,2.3179452750149507,0.29407170257023085,0.23034854774394187,0.45947089127247176,-1.1793069189638352,0.5606219585172659,0.3119402649770985,1.373682195303852,2.0900143800256252,0.6832876293912553,-0.9700353135908204,3.0246684080429107,0.702442419820707,1.2333706669827258
0.6584021052476844,-1.30207733520934,-0.9287693494201784,-0.0026044328932750627,-1.0619657684988653,-1.4180393161464513,-1.4896588920492093,-1.5525277109205653,-1.7720316016056874,-1.599823795294917,1.38088126541255,0.2099710177065646,1.990273064304686,0.6706172460839716,-0.5284988880989752,-0.5188609213113362,-0.26660281469082664
-1.3088144630693284,0.02903879894228149,0.741117880411332,0.19077470943241,1.22188681435432,2.052250923622798,1.0061780256187969,0.9791300867159248,0.992291923684418,1.6612553920670199,-0.42475429007627763,0.3561829992378682,-0.6959287402876906,-1.3099836942317498,0.5910571624877866,-0.3575567064448401,-0.5102808171287693
-1.7186512481353726,-0.8583719571587995,-0.8359978366517611,-0.2926731463818035,0.9435422808190853,-0.8107385241868326,0.3406215142406619,0.4162799646989643,0.458427427137323,-0.7726783407028834,0.4345437446751472,-0.02954842869238293,0.015484737706434451,-1.7049979043591224,-0.6660714536371792,-0.7377737843444391,-0.054412422444454135
-0.8170103209900755,-0.08188754557035371,-0.001054221736005843,-0.8728105733588598,0.12278275885622811,2.52941583159107,-0.2536253709183872,0.140200188059598,-0.10896095216611,2.530809295077329,-0.2203547272940325,-0.8906236316413129,-0.46151558533570025,-0.8057589027978568,-0.7040225061994423,-0.15016557304505826,-0.28284801485335526
0.002663249142012967,-0.08188754557035371,1.2977469570218363,-0.6794314310331742,0.05854940496349688,-0.029923220238752032,1.0299479010251589,-0.6286505862834514,1.0097852393143443,0.0699531769801072,-0.258765443231243,-0.6538712722236653,-0.2071133947992748,-0.0010528141159694274,0.02653525562412293,-0.24233941011162777,0.4860914595063734
-0.16127146488440414,-0.8583719571587995,-1.2998554004938478,-0.48605228870748857,-0.41963222957139446,-2.1988546200945325,-1.5609685182682953,-1.4468080202105298,-1.9009284941922555,-2.588353925259448,1.73090372709558,-1.0906031313954918,0.6680255105493123,-0.15043639268982326,-1.013956102124591,2.119615164719212,1.5362533989018872
-0.3252061789108227,0.02903879894228149,-1.2998554004938478,-1.3562584291730733,0.20485871105249798,-0.11668047623298272,1.0299479010251589,0.31805501330887553,1.0097852393143443,-0.014476959580863336,-0.46179319962932475,-1.278793154735027,-0.4015490237279979,-0.3257552449921675,-1.5120636670042948,-0.6571216769111894,-0.39788809896726746
-0.8170103209900755,-0.7474456126461646,-0.27936876004125744,-1.1628792868473878,0.044275326320650114,2.52941583159107,-0.7765626298583505,0.25465391759127637,-0.7096086050858172,2.530809295077329,0.3283664415040572,-1.0441246122756027,0.23626995734733997,-0.8040522106607648,-1.0360942161192446,-0.7147303250777961,-1.1208195620024994
-0.8989776780032841,0.6945968660180921,0.8338893931797494,-0.9695001445217023,1.1219682638545114,2.52941583159107,0.4119311404597478,0.8722779638510422,0.5201401810160081,2.530809295077329,-0.6360925663182432,-1.1334278832942175,-0.9845350959406123,-0.9075054878299593,-0.45417807683121014,0.3798339900877158,-0.13796489636679754
1.5600430323929815,1.914786655657078,-1.2070838877254306,-0.5827418598703313,-1.1404732010344432,-0.7239812681926012,-1.3708095150173996,0.16405524078297637,-1.5682489367817558,-0.6686677176331566,-1.2420774153718217,-0.6939379815029776,-0.9957573587774698,1.5592955500233248,-1.0266064529786787,0.20700804558789876,0.01714668148135605
0.49446739122126576,2.358492033707618,-0.0938257345044232,-0.9695001445217023,-0.11987657807192925,-0.8107385241868326,0.4832407666788337,0.549013890414311,0.5806698696426701,-0.7726783407028834,-1.0755781548262762,-1.4394047512238277,-1.3337490564055356,0.48546127747914053,-0.8178756638862317,1.8200501942528637,1.5159569266000619
0.90430417628731,0.2508914879675513,-1.0215408621885957,-0.5827418598703313,-0.22693216789316117,-1.33128206015222,-0.9667216331092462,1.1661692995471056,-0.9598413011043403,-1.469332496695443,-0.48154672502707085,-0.6027013928794775,-0.22492055597158858,0.8901588305430013,-0.9412165847135866,-0.08103519524513268,-0.7687198903316768
-0.16127146488440414,0.2508914879675513,2.503776623011262,-1.066189715684545,-0.34826183635723984,0.23034854774394187,-0.06346636766749149,-1.1793069189638352,0.08392559745065886,0.3119402649770985,-0.27412878214495834,-1.2697422983405158,-0.5225712291397879,-0.15212166494109744,0.08029924675399591,0.5526599345875328,0.26551774174402704
-1.0629123920297012,2.580344722732889,-1.3926269132622648,0.8676017075723091,1.246866451979282,2.052250923622798,-0.15854586929293935,1.2037734837496903,-0.011045032048426011,1.6612553920670199,-1.4291601068550763,0.7129361635210814,-1.6512177638609042,-1.0703012796338187,-0.30553645429567927,0.4489643678876424,0.4998096285325073
0.08463060615522153,-0.5255929236208943,0.09171729103241152,-1.066189715684545,-0.38394703296431715,-0.37695224421567664,-0.5150940003883688,-0.08641339989947716,-0.39502385590537664,-0.28038490449683706,0.008437707436244992,-0.9086521939027109,0.2917340596559103,0.09001484285938416,-0.8242008393132755,-0.7953824325110447,-0.7738140642098028
1.3141409613533543,0.4727441769928217,1.3905184697902535,0.19077470943241,-0.7051138024280525,-0.37695224421567664,-0.30116512173111115,-1.1027788392794577,-0.1590816139620979,-0.28038490449683706,-0.5636491881206861,0.08756693623445033,-0.2850225501739918,1.3053889913539218,0.9784741573942226,0.2646166937545034,0.23354879228838307
-0.2432388218976127,-0.3037402345956241,-0.0938257345044232,-0.5827418598703313,0.0014530903921494236,0.9244065956977916,0.4832407666788337,0.5406424001166761,0.5806698696426701,0.8872681726876441,-0.21881907301347966,-0.37746542134871136,-0.07380748546445336,-0.24071360317861107,-0.5142672433881268,-0.7147303250777961,-0.7651900690617921
-0.9809450350164927,-0.3037402345956241,-0.37214027280967477,-0.6794314310331742,1.1183997441937799,0.4906203157266358,-0.42001449876292096,1.2490539421824454,-0.2879785065486689,0.5386334452652105,-0.46772043853832396,-0.20281085812361277,-0.3210863413983214,-0.9875208195381076,-0.7135102693400079,-1.4175558327103883,-1.8470802882809159
0.49446739122126576,0.02903879894228149,2.503776623011262,1.1576704210608375,1.22188681435432,1.3581928756689476,0.03161313395795637,0.7259416640431159,0.17612296189152724,1.2050079679899344,0.24194608187857186,0.41438475946363357,-0.1562325932615869,0.4515202698036789,2.8444009083721613,1.8315719238861827,2.5423727956345448
-1.1448797490429112,0.13996514345491606,-1.2998554004938478,-2.3231541408015004,-0.4910026227855887,-0.4637095002099079,-2.559303285335498,-1.8000423759574964,-2.8041417031446296,-0.37358794334610596,-0.8296276409728106,-2.2072573756745393,-0.7246897086035646,-1.1142180373073507,-2.0655165168706318,-1.6825556142767757,-1.4596021807005843
1.1502062473269372,-1.30207733520934,0.9266609059481667,0.38415385175809563,-1.5187362850695258,-0.8107385241868326,-1.01426138392197,-0.9005446326752814,-1.0256256679196953,-0.7726783407028834,1.640152937808667,0.4115899983580285,2.2478546263462684,1.1666396129103427,0.888340407558848,-0.011904817445204031,-0.7868904475505036
1.887912460445817,1.1383022440686323,0.741117880411332,1.9311869903635794,-1.3438788216948314,2.52941583159107,-1.4658890166428475,-0.7295580473227278,-1.7302093293295229,2.530809295077329,-0.4306002817401494,0.7872842679925601,-0.5719771944137855,1.8876959402870497,2.213464659524535,2.6150495389520243,1.892725235554728
-0.48914089293723984,0.19542831571123367,1.761604520863923,-1.2595688580102304,0.0014530903921494236,0.4906203157266358,-0.08723624307385346,-0.6779572458674805,0.06044938971628145,0.5386334452652105,-0.8635708440475719,-0.891977633986354,-0.5753490550186229,-0.48174533146593435,-0.4130644365554248,-1.5500557234935821,-1.6713312894855505
-0.735042963976867,-0.4146665791082593,0.462803342106081,-0.09929400405611787,0.7222940618551981,-0.4637095002099079,1.552885159965122,0.6971292077636988,1.371982802024321,-0.37358794334610596,-0.023501108473189793,0.06383414356574847,-0.12761399551235317,-0.7385860272211945,0.16885170273260977,-0.4382088138780877,0.2508368941897426
-0.48914089293723984,0.6945968660180921,1.483289982558671,-0.9695001445217023,0.22270130935603663,-0.37695224421567664,0.12669263558340424,0.48904159866142893,0.2657044422539355,-0.28038490449683706,-0.880113771285588,-0.8780416208811987,-0.8835223844382556,-0.486754701312309,-0.19958976589269453,-0.5419043805779781,-0.6006121523535
-1.1448797490429112,0.6945968660180921,-0.0938257345044232,-1.452948000335916,1.1862016177472428,2.52941583159107,2.432370550000515,0.5065099470716516,1.900658249918177,2.386150216130724,-0.819108470043752,-1.4555927142167262,-1.0451427228420263,-1.1491081996020691,-1.197386189508863,-0.3690784360781621,0.248189528237328
0.16659796316843153,-0.13735071782667133,-0.46491178557809215,-0.48605228870748857,-0.2804599628037771,-0.6372240121983705,0.293081763427938,0.5899490597007058,0.4166051548611586,-0.5675873644269371,-0.6015631205934494,0.025937988631538542,-0.10439270594211672,0.167909271743805,-0.615470050220828,-1.377229778993764,-1.1024484467569724
0.49446739122126576,-0.7474456126461646,2.4110051102428436,-0.0026044328932750627,-0.9477731393562099,-0.37695224421567664,-0.9667216331092462,-1.3502935043163888,-0.9598413011043403,-0.28038490449683706,0.6740625191243508,-0.1008043861122776,0.7596110526527945,0.5065320713784779,1.3500782137330494,0.2300515048545396,0.011531056733812411
-0.8989776780032841,-0.1928138900829889,0.462803342106081,2.3179452750149507,1.22188681435432,0.05683403575547927,2.0520525434987236,1.3178646647573604,1.6828108162049602,0.1524422178765131,-0.23956045459502423,2.6625071543958203,-0.39400151536368344,-0.9096418842236972,2.303598409359912,-0.1271221137784164,-0.16937228334768734
-0.653075606963657,0.2508914879675513,-0.0938257345044232,-2.2264645696386576,0.015727169034996193,-0.029923220238752032,0.10292276017704227,0.5065099470716516,0.24354620819824443,0.0699531769801072,-0.8963826107912956,-2.0895315653765265,-0.6599484629097262,-0.6427500566130704,-1.8046030305050729,-1.659512155010134,-1.9621203723948295
-0.8989776780032841,-0.1928138900829889,0.09171729103241152,0.19077470943241,0.5331625198376567,1.0979211076862543,1.2676466550887786,0.71162898546923,1.1795861155578766,1.017759471287118,-0.27944850007855215,0.42179092564979387,-0.39400151536368344,-0.8948915959373969,0.20364016758135065,-0.49581746204469435,-0.6337844499693314
-0.3252061789108227,0.3618178324801865,0.9266609059481667,-0.19598357521896068,0.6009643933911194,0.14359129174971055,0.5545503928979196,1.2839928054406171,0.6400610010521738,0.2330774146353509,-0.69119473814646,-0.02631392811907496,-0.643699299768145,-0.3348880216078434,0.32856238226546663,-0.4842957324113734,-1.0153260399594075
-0.8989776780032841,-0.6365192681335294,1.761604520863923,2.221255703852108,1.507368387210978,0.05683403575547927,1.0299479010251589,0.7814140826901749,1.0097852393143443,0.1524422178765131,1.3160704183269907,1.0941196968465723,0.06231915574630279,-0.9157392684068019,3.457942924795415,2.46526705371885,1.509378623324372
0.9862715333005201,0.6945968660180921,-0.46491178557809215,-0.3893627175446463,-1.5686955603194104,-0.6372240121983705,-0.8954120068901603,-0.6779572458674805,-0.8636652753719254,-0.5675873644269371,-0.9716217231483423,-0.10874559920230188,-0.5198766230297717,1.0066073172744692,-0.545893120523346,-0.8184258917776875,-1.2586430379492934
-1.3907818200825368,-0.08188754557035371,0.27726031656924627,1.2543599922236803,2.2210723193526034,0.750892083709329,2.7889186810959443,1.6988028138235527,2.0920826391036935,0.7518515263711428,-0.06671186354519054,1.0585267437406785,-0.6395971187111984,-1.410005072091145,1.2188308236218899,0.5641816642208548,0.15063810405147426
0.002663249142012967,-1.30207733520934,-0.27936876004125744,-0.2926731463818035,0.4724976856056174,-0.029923220238752032,0.3643913896470239,0.5573226723308153,0.4791326514601071,0.0699531769801072,1.0567916749174044,0.15013872911585077,1.6468309815825748,-0.010978939015756289,-0.3814385594202055,-1.1295125918773588,-0.2167039776483899
1.8059451034326086,2.580344722732889,1.6688330080955056,0.5775329940837812,-0.7407989990351298,-0.8107385241868326,-0.372474747950197,-0.04290911029993382,-0.23578665058535841,-0.7726783407028834,-1.2054737830020048,-0.05250137140380478,-1.179824648034486,1.7894539025164418,1.568296765966063,1.6817894386530086,2.225932341110609
-0.48914089293723984,-0.8583719571587995,-0.27936876004125744,0.2874642805952528,1.1505164211401653,0.05683403575547927,0.5783202683042816,0.967753400325564,0.6596123662739154,0.1524422178765131,1.3679229320178583,-0.2256633287062939,0.5306485057402854,-0.507693890029239,0.05499854504582021,1.405267927453298,1.2492147510918596
-1.3088144630693284,0.13996514345491606,0.741117880411332,-0.48605228870748857,1.2575720109613973,1.7052218996458728,0.7447093961488154,1.117297201065335,0.793183627434161,1.4403785775337181,-0.5435339595368769,-0.33287686097633107,-0.7720611630792562,-1.3107062596939467,-0.03987908635983769,-0.5419043805779781,-1.4393458200040943
0.5764347482344758,-0.7474456126461646,1.0194324187165842,-0.3893627175446463,-0.8371490298742464,0.05683403575547927,-0.372474747950197,-0.29755702949821744,-0.23578665058535841,0.1524422178765131,0.7234476730701076,-0.5245380543220509,0.7923198711093857,0.5842452188079861,0.18782722901374102,0.2991818826544672,-0.25336598492876505
-0.8989776780032841,-0.5255929236208943,0.5555748548744983,-0.19598357521896068,1.114831224533088,-0.4637095002099079,1.1487972780569686,1.0765874137159805,1.0958269498392674,-0.37358794334610596,0.6397090670941535,-0.5276590241650833,-0.0666409692197492,-0.9073528421653128,0.13248194402710767,0.9213552828538107,0.7930655751701694
-1.0629123920297012,-0.8583719571587995,1.2049754442534188,1.3510495633865227,2.0212352183529467,0.750892083709329,1.1963370288696926,1.5835771864184633,1.1295977037836804,0.7518515263711428,1.0567965362369551,1.0203885709960907,0.29023874732448846,-1.0864677786453574,2.0442662168511125,0.8407031754205623,0.6071482844212212
0.6584021052476844,-0.3037402345956241,1.9471475464007568,-0.8728105733588598,-0.2768914431430852,0.8376493397035604,-0.396244623356559,-0.9005446326752814,-0.26177474292628716,0.8201986452008109,0.030082292511364635,-0.9174144959415043,0.2284222273436075,0.6502639355183097,0.0929495976080831,-0.05799173597848878,0.05537304136997403
-1.3907818200825368,-0.3037402345956241,-0.18659724727284058,1.5444287057122081,0.6509236686410436,0.750892083709329,2.0995922943114476,0.6971292077636988,1.710877982297984,0.7518515263711428,-0.30178619485509467,2.1578801942412102,-0.45846348358380373,-1.3785999436410372,1.0780956703701634,-0.6916868658111542,-0.8492639938535502
1.1502062473269372,-0.1928138900829889,-0.27936876004125744,-0.09929400405611787,-1.2403917515342913,0.40386305973240444,-1.4658890166428475,-1.2615087562840905,-1.7302093293295229,0.4646490664410443,0.1992080457237835,-0.4133615463270613,0.2664656159841332,1.1590130779557337,-0.23595952459819708,0.8522249050538832,0.1929959592900678
-0.40717353592403127,2.0257130001697132,-0.18659724727284058,-0.09929400405611787,0.568847716444734,0.8376493397035604,-1.038031259328332,0.47129374484483205,-1.0590390526831654,0.8201986452008109,-1.4570106734878416,0.15572444804070948,-1.3956117560286505,-0.41436385354751093,-0.1853581211818461,-0.6455999472778695,-0.27422401970534593
-0.07930410787119559,-1.0802246461840699,1.5760614953270884,-1.3562584291730733,0.29407170257023085,0.23034854774394187,0.5545503928979196,0.16405524078297637,0.6400610010521738,0.3119402649770985,1.0279863920440007,-1.337114783136584,1.1030504664406497,-0.08698094583928369,-0.5806815853720869,-0.42668708424476676,-0.10399036664417358
-0.653075606963657,0.9164495550433619,1.2049754442534188,-1.6463271426616015,0.15133091614188202,-0.6372240121983705,1.2676466550887786,0.48904159866142893,1.1795861155578766,-0.5675873644269371,-1.1037995934078213,-1.5105661716455252,-1.033918782699226,-0.6457593945263798,-0.9949805758434597,-1.0603822140774313,-1.2287197803659662
1.4780756753797728,0.5836705215054568,1.2977469570218363,0.7709121364094663,-1.1226306027309045,-1.4180393161464513,-1.3945793904237616,-0.7836769365775159,-1.6079668868241759,-1.599823795294917,-0.7581033536659049,0.8880698383272521,-0.32274901607472817,1.4781876276510306,1.5208579502632331,-0.11560038414509548,0.10836047202355685
-1.7186512481353726,-1.0802246461840699,1.1122039314850014,1.4477391345493653,2.3566760664595288,0.9244065956977916,1.0774876518378829,1.6535223553907976,1.0444837796477284,0.8872681726876441,0.9127544576240499,1.7833997373717831,0.33984530816902364,-1.7319597398450708,2.066404330845766,-0.3229915175448763,-0.9606138102762212
1.2321736043401457,1.2492285885812675,-1.2998554004938478,-0.48605228870748857,-0.6123322912496277,-0.6372240121983705,-1.085571010141056,0.9090509624026475,-1.1269456568775238,-0.5675873644269371,-1.077207159660008,-0.45957987299508696,-0.7726666051546207,1.222331752710877,-1.013956102124591,-0.19625249157834404,-0.5666777342362169
-0.48914089293723984,1.2492285885812675,0.27726031656924627,0.5775329940837812,0.8507607696407001,-0.8107385241868326,1.576655035371484,1.117297201065335,1.3874989776938662,-0.7726783407028834,-0.9442468375869525,0.387713151103199,-1.1425286728897124,-0.500940873596301,0.6432398597608988,0.5065730160542471,0.12127640894289966
0.002663249142012967,0.750060038274409,0.6483463676429156,-0.5827418598703313,0.386853213748616,1.0979211076862543,1.1725671534633306,1.0125763552668556,1.1127574750934288,1.017759471287118,-0.9685271719024534,-0.3752441901815902,-0.7933428302978917,-0.008927157148251888,-0.17270777032775805,-0.7204911898944576,-0.47091127648797243
-0.8989776780032841,0.02903879894228149,-0.0938257345044232,-0.776121002196017,1.9712759431030227,0.05683403575547927,0.5545503928979196,1.638008575238448,0.6400610010521738,0.1524422178765131,-0.5729099282884665,-0.5211064884238511,-0.5732705250544853,-0.9256266958263287,-0.6660714536371792,-0.933643188110899,-0.6367527087644619
0.16659796316843153,-1.1911509906967048,-0.001054221736005843,0.38415385175809563,0.008590129713572809,-1.5915538281349135,-0.6339433774201787,0.37802730506175736,-0.5341448331772878,-1.8759688805315238,1.438075116063104,0.3548771442330959,1.459959687935629,0.1608313186200331,0.30326168055729136,0.11483420852132825,0.15898131796210577
-1.5547165341089555,2.580344722732889,-0.001054221736005843,2.124566132689265,1.5287795051752087,1.0979211076862543,2.7176090548768586,1.2839928054406171,2.054714920204288,1.017759471287118,-1.5511708289567518,2.4116850136047328,-1.7320280122882905,-1.556191133644801,1.6979628622204617,-0.09255692487845361,0.19363774497550099
1.2321736043401457,0.02903879894228149,-0.7432263238833442,-0.6794314310331742,-1.7257104253905664,-1.1577675481637577,-0.8716421314837983,-1.1027788392794577,-0.8322467535124602,-1.2217781224792306,-0.5729099282884665,-0.41054844942653584,0.06455219415818257,1.2530555474008673,-0.8779648304431482,-0.922121458477578,-1.4490127168909346
1.5600430323929815,0.5836705215054568,1.3905184697902535,-0.48605228870748857,-0.7193878810708992,-0.8974957801810638,1.576655035371484,0.37802730506175736,1.3874989776938662,-0.8797942129914668,-0.6323954714017568,-0.590638842935604,-0.301934277377868,1.5473077731770968,0.27005450956531174,0.1954863159545768,0.15725651893250361
-1.0629123920297012,0.9164495550433619,0.5555748548744983,-2.3231541408015004,-0.13415065671477602,1.9654936676285666,-0.22985549551202525,-1.1793069189638352,-0.08419584172473729,1.607297754991093,-1.1037995934078213,-2.286906111769177,-1.1293196924842341,-1.041294482348879,-1.7808836226536582,-1.1410343215106797,-1.0848795636182378
0.2485653201816401,2.580344722732889,-0.8359978366517611,-2.3231541408015004,-1.2332547122128679,-0.5504667562041392,-1.01426138392197,-1.8000423759574964,-1.0256256679196953,-0.46927668735086014,-1.6121761900075895,-2.309904987305161,-1.4357237680545418,0.27194690425337503,-1.9943582933163886,-0.9682083770108627,-1.312312365893649
-0.735042963976867,-1.9676354022851505,2.503776623011262,0.19077470943241,0.32975689917730816,0.40386305973240444,-0.8241023806710743,0.21027931237287534,-0.7703323110645232,0.4646490664410443,3.805046512484587,0.5130364104183418,3.7589748051618868,-0.7299851458790918,1.6426175772338278,-0.6801651361778334,-0.09472458581073107
0.6584021052476844,-1.1911509906967048,0.5555748548744983,0.4808434229209384,-0.8478545888564013,-0.9842530361752951,-0.6101735020138167,-1.1027788392794577,-0.5058259402618857,-0.9902064706735354,1.1940546288009635,0.6741288315514348,1.7023894825145738,0.66505738472386,0.7412800788800787,-0.33451324717819825,-0.19821252758684577
-1.0629123920297012,0.8055232105307267,1.2049754442534188,-0.776121002196017,2.02837225767437,0.6641348277150978,1.0537177764315209,1.677901736745697,1.0271821725509864,0.6821771964116963,-0.9951521849613,-0.5928426096456019,-1.0786210681374135,-1.086616452150291,-0.1126186037708419,-0.7377737843444391,-0.9817927378955194
0.2485653201816401,-0.7474456126461646,0.27726031656924627,0.5775329940837812,-0.7193878810708992,1.1846783636804856,0.007843258551594406,-0.7836769365775159,0.15332477335556308,1.081267593768474,1.069143750690401,0.10693417450810885,0.6614845972830221,0.2591869350902133,0.6432398597608988,1.220920253320163,0.8797868659143407
-0.16127146488440414,-0.5255929236208943,-1.0215408621885957,1.5444287057122081,-0.34826183635723984,1.1846783636804856,-1.5371986428619333,-1.669395407018331,-1.857375591346672,1.081267593768474,0.8651631241148353,0.8149016669784361,0.20214030243699554,-0.15212166494109744,0.38074507953857883,1.7048328979196505,1.4651756342401536
0.9862715333005201,-0.4146665791082593,-1.2998554004938478,-0.09929400405611787,-1.2296861925521365,-0.20343773222721404,-0.15854586929293935,-1.609423115265449,-0.011045032048426011,-0.10094175185183701,-0.06671314389705361,0.11426925053218483,0.4734109013787164,0.9974723852042138,-0.7925749621780565,-0.5534261102112991,-0.4459016905587427
0.08463060615522153,-0.4146665791082593,0.741117880411332,1.5444287057122081,-0.20552104992893064,-0.9842530361752951,0.24554201261521405,-1.2615087562840905,0.37422149305647134,-0.9902064706735354,0.14934703322226583,1.5556504817380363,0.1585883363405369,0.08568231041266143,1.8529296601830356,0.2185297752212197,1.0396316131925623
-1.0629123920297012,-0.1928138900829889,1.2977469570218363,2.221255703852108,1.1505164211401653,-0.029923220238752032,2.0995922943114476,1.1944912772868794,1.710877982297984,0.0699531769801072,-0.11989631814444013,2.309868424643987,-0.44683888587150866,-1.068284856933559,3.015180644902345,0.20700804558789673,-0.288503751206237
1.887912460445817,2.4694183782202535,2.503776623011262,-0.6794314310331742,-0.2697544038216619,-1.2445248041579886,-0.6577132528265406,1.1371051774244474,-0.5627200091491062,-1.3434207969926282,-1.463323162728156,-0.7020479140082645,-1.131607935969487,1.856160318214467,0.561012579209329,-0.09255692487845361,0.13459346191564162
1.9698798174590257,2.580344722732889,1.0194324187165842,-0.8728105733588598,-1.204706554927214,-0.029923220238752032,0.4119311404597478,-0.7295580473227278,0.5201401810160081,0.0699531769801072,-1.4698303475556347,-0.937117486002797,-1.1528878985586906,1.964217224183823,-0.286560928014548,0.01113864182143783,0.10322618654009132
-0.16127146488440414,0.4727441769928217,-0.37214027280967477,-1.066189715684545,0.7151570225337748,-0.7239812681926012,0.293081763427938,1.175690535684223,0.4166051548611586,-0.6686677176331566,-0.4340129468119057,-1.2749633214077831,-0.6713961006461647,-0.17715203159412557,-0.9981431635569814,0.5757033938541757,0.35392371991245963
-0.8989776780032841,0.6945968660180921,-0.0938257345044232,1.0609808498979947,0.6188069916946581,-0.029923220238752032,1.5053454091523981,0.7814140826901749,1.3407198199493684,0.0699531769801072,-0.880113771285588,1.3196684961616778,-0.9845350959406123,-0.8967289425089824,0.7760685437288196,-0.29994805827823345,-0.3607046408174775
0.4125000342080572,0.3618178324801865,-0.37214027280967477,-0.5827418598703313,-0.19481549094681536,0.4906203157266358,0.7447093961488154,0.6675483294242277,0.793183627434161,0.5386334452652105,-0.69119473814646,-0.4467969649239335,-0.4442807131754468,0.4069760961160154,-0.6423520457857645,-0.5303826509446572,-0.36383334603396594
-1.1448797490429112,-1.7457827132598804,-0.6504548111149269,-0.09929400405611787,0.5081828822126947,1.4449501316631788,0.293081763427938,-1.1793069189638352,0.4166051548611586,1.2653138455033308,3.82234231675903,-0.3986725665326618,2.3623243496118653,-1.1350433490421605,-0.4383651382636005,0.8061379865205994,1.4841885351711153
1.4780756753797728,0.9164495550433619,-1.5781699387990995,0.19077470943241,-0.776484195642207,-0.4637095002099079,-0.30116512173111115,0.8342439337995095,-0.1590816139620979,-0.37358794334610596,-0.8445270207653427,0.11543986131744517,-0.5378340518171837,1.468411019736187,-0.7925749621780565,0.1954863159545768,-0.361667319345628
-1.0629123920297012,0.13996514345491606,1.2977469570218363,2.221255703852108,1.22188681435432,-0.029923220238752032,2.194671795936895,1.1944912772868794,1.7662747609991496,0.0699531769801072,-0.40048711881891064,2.2861945525754184,-0.7010039813657186,-1.0697786082269174,3.015180644902345,0.24157323448786155,-0.25216263676857764
-0.8989776780032841,0.13996514345491606,0.18448880380082888,1.8344974192007366,0.6188069916946581,0.4906203157266358,1.2914165304951406,0.7400720105381283,1.1960745885083495,0.5386334452652105,-0.5077722493573854,2.116818142665612,-0.6536325268900266,-0.8967289425089824,1.6299672263797398,-0.15016557304505826,-0.25352643135012304
-1.5547165341089555,0.4727441769928217,-0.27936876004125744,-0.9695001445217023,1.6857943702464042,0.577377571720867,1.4102659075269504,1.3507327643093638,1.2772496347645668,0.6111230874510375,-0.4664220071391008,-1.1560171672595347,-1.036304453869884,-1.5592581068996327,-0.8906151812972359,0.4720078271542853,0.5568884429307305
1.3141409613533543,-0.8583719571587995,-0.6504548111149269,2.3179452750149507,-0.4910026227855887,0.05683403575547927,-0.1823157446993013,0.1034271895079927,-0.03524082396888361,0.1524422178765131,1.4716317306114939,1.4450058347031014,1.286222032189933,1.2994509530413465,1.2219934113354118,1.8776588424194685,2.30475164560288
-1.2268471060561197,0.02903879894228149,-0.37214027280967477,2.0278765615264223,1.6501091736392872,0.4906203157266358,0.5902052060074625,1.2839928054406171,0.6693428374409439,0.5386334452652105,-0.1284430136519002,1.73993680319932,-0.6713970972410495,-1.2386728005525625,1.2789199901788064,0.7830945272539576,0.4474639835643591
-1.1448797490429112,2.580344722732889,0.741117880411332,-2.3231541408015004,0.008590129713572809,2.52941583159107,0.31685163883429995,-1.1027788392794577,0.437585533678028,2.530809295077329,-1.3681547458042387,-2.4616796720635525,-1.664686138598802,-1.1246453618239265,-1.752420333231961,0.4143991789876786,0.08597819624407126
0.5764347482344758,-1.0802246461840699,2.503776623011262,0.2874642805952528,-0.526687819392666,-0.4637095002099079,2.6581843663609535,-0.7836769365775159,2.023233748211488,-0.37358794334610596,0.6822905887841486,0.7584091502620818,1.4083325297493,0.5762664584327875,1.7627959103476611,-0.922121458477578,-0.5434531147446007
-1.4727491770957455,-0.5255929236208943,-0.7432263238833442,0.2874642805952528,1.949864825138792,-0.4637095002099079,-0.11100611848021542,1.5434806328304875,0.03679732860017462,-0.37358794334610596,0.09861933024451763,0.4880436664934363,-0.2756930693972171,-1.4845052086374144,-0.2296343491711535,-0.40364362497812384,-0.2479910298132612
-0.5711082499504484,0.5836705215054568,1.2977469570218363,-1.3562584291730733,0.16917351444542067,-0.11668047623298272,0.12669263558340424,0.3583946297222634,0.2657044422539355,-0.014476959580863336,-0.8838112359300525,-1.2327074579191681,-0.8431174834962318,-0.5658492593468568,-0.6708153352074621,-0.8299476214110075,-1.0283222000894294
-0.8170103209900755,2.4694183782202535,0.462803342106081,0.4808434229209384,1.01491267403324,0.23034854774394187,0.8873286485869871,0.6824373744435721,0.9033413825577722,0.3119402649770985,-1.4425813407842742,0.4376774606682208,-1.5849534118689035,-0.8251002004716423,0.6811909123231622,0.160921127054613,0.5751793349655757
-2.1284880332014167,-0.9692983016714347,-0.6504548111149269,-1.1628792868473878,-0.16269881400042993,-0.8974957801810638,0.5070106420851956,-1.609423115265449,0.6005912946825762,-0.8797942129914668,-0.21227234655303837,-0.31660747976372017,-0.011629905909096742,-2.085646983896135,-1.1689229000871657,-2.5812505256758267,-2.55256320299343
-1.3088144630693284,2.4694183782202535,-1.485398426030682,-1.6463271426616015,1.2932572075684745,-0.11668047623298272,0.007843258551594406,1.2839928054406171,0.15332477335556308,-0.014476959580863336,-1.504806806615919,-1.6494393830441973,-1.6673798620324336,-1.3114286802664825,-1.7287009253805465,-0.4382088138780877,-0.2305825930958846
-1.0629123920297012,-0.8583719571587995,-0.6504548111149269,-1.3562584291730733,1.0363237919975101,0.40386305973240444,0.17423238639612817,1.2311629543312825,0.3095598055044509,0.4646490664410443,0.4345437446751472,-1.2232350747359768,0.29023874732448846,-1.065893607924516,-1.3017515840550866,-0.8645128103109713,-1.039393003163153
1.887912460445817,0.2508914879675513,-0.27936876004125744,-0.3893627175446463,-1.5044622064266793,0.40386305973240444,0.10292276017704227,-0.7295580473227278,0.24354620819824443,0.4646490664410443,-0.6543950107621646,-0.18574708727248657,0.04983391156828857,1.892427052867879,-0.45417807683121014,-0.6340782176445486,-0.620066280943196
1.3961083183665643,0.6945968660180921,-0.18659724727284058,-0.19598357521896068,-0.7550730776779766,-0.9842530361752951,0.055383009364318336,0.2761927924020081,0.19875772114794182,-0.9902064706735354,-0.6665952169391616,-0.3460561943799914,-0.41886391152741503,1.38729123838549,-0.25967893244961154,0.35679053082107187,0.8948287179166805
0.49446739122126576,-0.08188754557035371,-0.37214027280967477,0.19077470943241,-0.8549916281777851,0.577377571720867,0.055383009364318336,-1.3502935043163888,0.19875772114794182,0.6111230874510375,0.16375243207807202,-0.22587395425532572,-0.05447208047741924,0.5041657825653008,-0.07308625735181777,1.1287464162535916,0.9170104356694673
-0.8989776780032841,0.2508914879675513,-0.0938257345044232,-1.3562584291730733,0.48677176424846413,0.4906203157266358,1.1012575272442449,0.71162898546923,1.0616910995893223,0.5386334452652105,-0.6543950107621646,-1.2544748031636048,-0.7286370797946958,-0.8938959965115896,-1.1214840843843366,-0.74929551397776,-0.7492256501366399
0.90430417628731,0.9164495550433619,-1.485398426030682,-0.09929400405611787,-0.09132842078627533,0.14359129174971055,-0.15854586929293935,1.0070715439719229,-0.011045032048426011,0.2330774146353509,-0.8157189571384006,-0.21827353499189547,-0.6713953255161953,0.8865611288941492,-0.8937777690107577,0.27613842338782535,-0.0001815320253429887
-1.1448797490429112,0.9164495550433619,-0.5576832983465095,1.5444287057122081,1.6501091736392872,0.23034854774394187,1.9807429172796376,1.1371051774244474,1.6402366602736516,0.3119402649770985,-0.6428705753767485,1.0569846505430769,-1.1483998744412363,-1.1587006744665838,0.7681620744450148,1.1633116051535544,0.6830394417237029
0.49446739122126576,-0.9692983016714347,-0.9287693494201784,-0.5827418598703313,-1.2546658301770985,-0.29019498822144535,-0.8241023806710743,-1.669395407018331,-0.7703323110645232,-0.18954169161124898,0.22439616419217923,0.004187354173450894,1.1452287775214196,0.5143678790871009,-0.8985216505810407,-1.5903817772102053,-1.011475325846807
0.002663249142012967,-0.7474456126461646,-1.0215408621885957,0.09408513826956774,1.0720089886045874,-0.29019498822144535,0.10292276017704227,1.5263362853570883,0.24354620819824443,-0.18954169161124898,0.3283664415040572,0.34311953363176223,0.5633581419132493,-0.02531374708634117,-0.5205924188151704,-0.5649478398446209,-0.8492238822482108
0.90430417628731,0.02903879894228149,-1.6709414515675167,-0.09929400405611787,-0.6337434092138979,-0.4637095002099079,-1.4658890166428475,-0.1316938583322322,-1.7302093293295229,-0.37358794334610596,0.09379044366638296,-0.5257017151668322,-0.03357437802838164,0.9009684732949832,-0.9949805758434597,1.220920253320161,0.8797868659143379
0.90430417628731,-0.8583719571587995,-0.6504548111149269,0.09408513826956774,-1.3724269789804853,-0.7239812681926012,-1.2281902625792278,-1.5525277109205653,-1.3398938880642481,-0.6686677176331566,0.1752717481910607,0.7119841335148258,1.1145007761786496,0.9206601556725227,-0.30553645429567927,-1.267773347477213,-0.6183815935189348
-0.48914089293723984,1.5265444498628549,-0.7432263238833442,-1.3562584291730733,-0.40178963126785583,-0.37695224421567664,-1.1806505117665038,-1.031191601614447,-1.2673036705589338,-0.28038490449683706,-1.4828160301187814,-0.9803549211117184,-1.2486276908195288,-0.4725992551858629,-1.3317961673335448,-1.6537512901934714,-0.9923420900998269
1.3141409613533543,0.4727441769928217,-0.5576832983465095,-0.3893627175446463,-0.7479360383565532,-0.6372240121983705,0.293081763427938,0.21027931237287534,0.4166051548611586,-0.5675873644269371,-0.5636491881206861,-0.4905972465526093,-0.2850225501739918,1.3065774612670171,-0.591750642369414,0.1954863159545768,0.7982800838643154
-0.3252061789108227,0.02903879894228149,0.9266609059481667,1.5444287057122081,-0.0627802635005818,0.23034854774394187,0.10292276017704227,-1.2615087562840905,0.24354620819824443,0.3119402649770985,0.056751534113335465,0.9924988845551801,-0.4015490237279979,-0.31957289838418623,2.0078964581456096,1.3015723607534098,1.102927726418417
0.740369462260893,-0.1928138900829889,1.9471475464007568,0.09408513826956774,-0.027095066893504497,0.577377571720867,0.6020901437106435,0.5065099470716516,0.679043414640239,0.6111230874510375,0.2390960912073118,-0.2722119149364555,0.1343721897145699,0.7241571594452656,1.1998552973407577,0.9904856606537384,1.1012029273888149
1.7239777464193986,1.2492285885812675,-1.2070838877254306,-0.8728105733588598,-1.1333361617130198,-0.8107385241868326,-1.4421191412364855,0.16405524078297637,-1.6889337690960822,-0.7726783407028834,-1.3431278038061194,-0.4589060846404602,-0.6669917286588805,1.7202957838977573,-1.197386189508863,-1.3945123734437463,-1.322580936860583
0.3141392057922072,1.5820076221191726,0.3700318293376636,-1.3562584291730733,0.1977216717311142,-0.029923220238752032,0.17423238639612817,0.9210426164859395,0.3095598055044509,0.0699531769801072,-1.251954722090706,-1.3199774600169527,-1.1080582057188846,0.30074534961894034,-0.9712611679920449,-0.49581746204469335,-0.43695680256801744
1.2321736043401457,0.2508914879675513,-1.3926269132622648,-0.9695001445217023,-1.8077863775868759,-0.8107385241868326,-0.396244623356559,-1.1027788392794577,-0.26177474292628716,-0.7726783407028834,-0.8272432964972579,-0.625502295201688,-0.13333573345829602,1.2553281165530354,-1.3270522857632618,-1.279295077110534,-2.003515549105274
1.1502062473269372,0.3618178324801865,-1.6709414515675167,-0.19598357521896068,-0.5766470946425505,-0.6372240121983705,0.055383009364318336,0.8969282493956693,0.19875772114794182,-0.5675873644269371,-0.4904676750641587,-0.2937894210967903,-0.24486212658274864,1.1408751166819697,-1.0440006854030492,0.20700804558789673,-0.41076392428127506
-1.4727491770957455,1.803860311144443,0.462803342106081,1.0609808498979947,2.0604889346207553,0.40386305973240444,2.147132045124171,1.4060076903538665,1.73869785737041,0.4646490664410443,-1.3237876810582372,1.2523479510401432,-1.5300028197580475,-1.4866859934401713,1.1935301219137142,-0.18473076194502105,0.00046025366009020346
1.887912460445817,-1.1911509906967048,-0.37214027280967477,0.09408513826956774,-1.3474473413555232,-0.29019498822144535,-0.6339433774201787,-0.7836769365775159,-0.5341448331772878,-0.18954169161124898,1.3160648724320336,0.15572447889420105,2.3084639689619375,1.8878010293951883,-0.14424448090606076,-0.1501655730450593,-0.018953763324266352
-1.2268471060561197,1.7483971388881252,0.462803342106081,0.4808434229209384,1.6251295360143647,1.2714356196747167,2.503680176219601,0.9090509624026475,1.9398827965070022,1.143671170989933,-1.2587663544926524,0.5249910605474701,-1.466840843744787,-1.2381625264619391,0.6811909123231622,-0.029187411895187473,0.08776316268168191
-0.3252061789108227,0.13996514345491606,0.09171729103241152,1.641118276875051,-0.027095066893504497,-0.11668047623298272,-0.2536253709183872,-0.9005446326752814,-0.10896095216611,-0.014476959580863336,-0.18591685774196032,1.3011604016403593,-0.48783243622510536,-0.3203977504650416,1.3896105601520736,0.8637466346872061,1.814587828353228
0.16659796316843153,-0.3037402345956241,0.8338893931797494,-0.09929400405611787,-0.9406361000347865,-0.8107385241868326,-0.5626337512010927,-1.669395407018331,-0.4499388990964361,-0.7726783407028834,-0.17733551209267234,0.10915748180630261,0.06356965672102899,0.18411835224831777,0.3712573163980128,-0.5419043805779781,-0.2651186852932614
-0.16127146488440414,1.4710812776065372,-0.6504548111149269,0.09408513826956774,0.543868078819772,-0.11668047623298272,-0.2536253709183872,0.16405524078297637,-0.10896095216611,-0.014476959580863336,-0.9604612768870016,-0.2143467709674547,-1.1614296523826972,-0.1731304216122838,-0.30553645429567927,0.8176597161539204,1.1054146459494707
0.08463060615522153,-1.52393002423461,-0.001054221736005843,1.1576704210608375,0.36544209578438547,0.577377571720867,-0.5626337512010927,-0.9005446326752814,-0.4499388990964361,0.6111230874510375,3.019843397978864,0.6628547285995818,2.3459762484453948,0.07184747335915732,0.9231288724075893,1.20939852368684,1.8210859084182387
0.8223368192741014,-0.08188754557035371,-0.001054221736005843,1.4477391345493653,-0.8478545888564013,0.31710580373817315,-0.13477599388657738,-1.4468080202105298,0.012966759674150239,0.38910700786658775,0.010109568329230434,1.129192178765046,0.04728879573715113,0.8261309576905361,1.1555790693514507,0.8176597161539204,0.9092688958389296
-0.735042963976867,-0.3037402345956241,-1.2998554004938478,-0.9695001445217023,1.1683590194437041,-0.37695224421567664,0.10292276017704227,1.4438686080836542,0.24354620819824443,-0.28038490449683706,-0.21881907301347966,-0.8082197979424919,-0.23866005608703236,-0.7483367198226211,-1.2906825270577598,-0.7608172436110809,-0.9797069344178605
-1.0629123920297012,1.0273758995559972,2.2254620847060087,2.3179452750149507,1.61442397703221,-0.37695224421567664,0.4832407666788337,1.2175527565910902,0.5806698696426701,-0.28038490449683706,-0.42174904116156625,1.197165310483749,-1.1772778580567909,-1.0779835418418944,4.016139656232035,2.4191801351855626,1.9607946298159902
-1.0629123920297012,-1.4130036797219752,0.18448880380082888,-0.48605228870748857,-0.6408804485353212,-0.5504667562041392,-0.2536253709183872,-1.8000423759574964,-0.10896095216611,-0.46927668735086014,1.177783451184842,0.03428503458662709,1.3549034368298505,-1.0305944030684504,-0.30553645429567927,-1.3945123734437455,-1.4225390573668115
-1.3088144630693284,-0.5255929236208943,-0.27936876004125744,0.5775329940837812,1.3467850024791301,1.2714356196747167,0.8160190223679012,1.3507327643093638,0.8487428684025978,1.143671170989933,0.3691641986693356,0.4678827579441241,-0.21596389791794077,-1.3125120395524918,0.2732170972788333,0.3222253419211091,-0.5389606149465683
0.16659796316843153,-0.9692983016714347,-1.6709414515675167,0.38415385175809563,-1.4545029311767552,-1.4180393161464513,-2.7732321639927555,-1.8000423759574964,-2.8041417031446296,-1.599823795294917,0.3881468557216361,1.0003826829344868,1.0006214420926054,0.19677709126377751,-0.7498800280455102,-1.1295125918773579,-1.5123088301167893
0.002663249142012967,-0.3037402345956241,-1.0215408621885957,0.09408513826956774,-0.38394703296431715,-1.0710102921695264,-0.08723624307385346,0.16405524078297637,0.06044938971628145,-1.1041244592143058,-0.011401268409443055,0.1166801503359392,0.008618799846836148,0.009583524006710909,-0.5205924188151704,-0.0579917359784898,-0.00391191132192511
0.49446739122126576,0.3618178324801865,0.6483463676429156,-0.3893627175446463,-1.1083565240880577,-1.4180393161464513,-0.8478722560774363,-0.3339280649364083,-0.8011377787729798,-1.599823795294917,-0.9922853327699125,0.23567370028100132,-0.422123092442925,0.5106305064347064,0.004397141629469683,-1.5442948586769216,-1.615957218314262
-1.3907818200825368,-0.08188754557035371,-0.27936876004125744,2.3179452750149507,1.5787387804251327,0.23034854774394187,0.982408150212435,1.2037734837496903,0.9747011517543914,0.3119402649770985,0.12534171614086154,1.7595520371404285,-0.6395971187111984,-1.3971909833814427,1.5825284106769117,1.2670071718534468,0.9972336463486263
0.16659796316843153,-1.30207733520934,1.2049754442534188,0.19077470943241,-0.38394703296431715,-0.029923220238752032,1.0537177764315209,-1.2615087562840905,1.0271821725509864,0.0699531769801072,1.640152937808667,0.2117712166437172,1.7326915022631033,0.1704461617120588,0.8677835874209555,-0.034948276711846915,0.14073053753259712
-0.07930410787119559,-0.1928138900829889,-0.0938257345044232,0.8676017075723091,-0.2768914431430852,0.4906203157266358,-0.372474747950197,-0.9639457283928805,-0.23578665058535841,0.5386334452652105,-0.11989631814444013,0.9111369526438075,-0.12981466282455675,-0.07339923894708489,0.6242643334797667,0.04570383072140062,0.8920610171482504
0.33053267719484863,-0.8583719571587995,-1.1143123749570132,0.4808434229209384,-0.7051138024280525,-0.5504667562041392,-1.5134287674555713,-1.5525277109205653,-1.8144152634103718,-0.46927668735086014,0.9012333383465031,0.33706301685868756,0.8740910177628526,0.3393373258722236,-0.3403249191444206,0.3913557197210367,0.49824527592426454
1.2321736043401457,-0.1928138900829889,-0.5576832983465095,-0.2926731463818035,-1.0262805718917878,-0.8974957801810638,0.4832407666788337,-0.7295580473227278,0.5806698696426701,-0.8797942129914668,0.039655863789671876,-0.44848787297366005,0.2928843012380456,1.2337321074500704,-0.5237550065286923,0.36831226045439386,0.8460128942184142
-0.48914089293723984,-1.0802246461840699,0.09171729103241152,1.2543599922236803,1.507368387210978,0.750892083709329,-0.4675542495756449,1.3426065946362677,-0.3410475775182748,0.7518515263711428,1.661762031353728,0.7809292916075677,0.9122491768727429,-0.515718373355756,1.073351788799881,1.1517898755202336,1.1449245772089551
0.6584021052476844,-0.3037402345956241,-1.0215408621885957,0.38415385175809563,-0.8906768247848624,-0.029923220238752032,-1.3708095150173996,-1.5525277109205653,-1.5682489367817558,0.0699531769801072,0.4034343407986305,-0.04302870132879238,0.2284222273436075,0.666168818554521,-0.3403249191444206,1.1287464162535916,0.8832364639735436
1.1502062473269372,-0.1928138900829889,-1.3926269132622648,-0.09929400405611787,-1.3081936250877144,-1.2445248041579886,1.0061780256187969,-0.0717215665793504,0.992291923684418,-1.3434207969926282,-0.4390006820126641,0.3206181235240247,0.2664656159841332,1.160869716632552,-0.8431763655944069,-0.9912518362775046,-1.2052143796369734
0.33053267719484863,-0.4146665791082593,1.3905184697902535,-0.3893627175446463,-0.6337434092138979,-0.5504667562041392,-0.8478722560774363,-0.6779572458674805,-0.8011377787729798,-0.46927668735086014,0.27898313949385767,-0.5356691794752654,0.24444903589640424,0.3375519499300121,0.3712573163980128,0.33374707155443106,0.6199037749192075
2.133814531485443,2.580344722732889,0.3700318293376636,-1.6463271426616015,-1.8613141724974918,-0.6372240121983705,-0.22985549551202525,-0.4507957610341739,-0.08419584172473729,-0.5675873644269371,-1.7341869121092648,-1.3754526443770794,-1.1259511490828955,2.1452605303127177,-1.2226868912170383,-1.5788600475768844,-1.7278685972116858
-0.3252061789108227,-0.5255929236208943,0.462803342106081,-0.09929400405611787,-0.41963222957139446,-0.20343773222721404,-1.3945793904237616,-1.669395407018331,-1.6079668868241759,-0.10094175185183701,0.14371014164865414,0.01970527087260789,0.1424111309577187,-0.31131523656841803,0.16885170273260977,-0.33451324717819725,0.2033046418623412
-0.48914089293723984,0.4727441769928217,1.0194324187165842,-0.0026044328932750627,-0.21979512857173777,0.750892083709329,1.7192742878096559,-0.5361622715405847,1.4790281513810286,0.7518515263711428,-0.6932854294294668,0.07865493768338853,-0.7572568896399812,-0.4767297072271613,0.5673377546363726,-0.2192959508449859,-0.3586589489451609
-0.9809450350164927,0.8055232105307267,-0.18659724727284058,1.4477391345493653,0.8935830055692009,1.0979211076862543,0.6971696453360914,0.8597443028186184,0.7555934763980802,1.017759471287118,-0.8469964409239579,1.5173956383270386,-1.0589957396820593,-0.982760086635896,1.0037748591023978,0.10331247888800629,-0.3371190168778073
0.6584021052476844,0.2508914879675513,0.741117880411332,-0.48605228870748857,-0.7550730776779766,-0.11668047623298272,0.934868399399711,-0.6779572458674805,0.9392228527148092,-0.014476959580863336,-0.4124074107330336,-0.5795658912178394,-0.2936091728565575,0.6626502008663057,-0.03987908635983769,0.160921127054613,0.21032417279676682
-1.3907818200825368,2.580344722732889,-0.0938257345044232,-2.0330854273129724,0.6366495899981968,1.4449501316631788,1.3864960321205884,0.16405524078297637,1.2611807176678118,1.2653138455033308,-1.5308357086064726,-2.0601191757456405,-1.705091262812495,-1.3783131691960457,-1.6527988202560204,-0.4727740027780515,-0.43924316407237385
1.1502062473269372,0.02903879894228149,-0.27936876004125744,0.09408513826956774,-0.65872304683886,0.9244065956977916,-0.1823157446993013,0.140200188059598,-0.03524082396888361,0.8872681726876441,-0.42475429007627763,0.25214755744945166,0.040020551111542006,1.1431142972499164,-0.09048048977618822,-0.36907843607816104,-0.38011865780183407
-1.3088144630693284,0.2508914879675513,-1.1143123749570132,0.4808434229209384,0.6152384720339662,0.23034854774394187,1.2914165304951406,0.7259416640431159,1.1960745885083495,0.3119402649770985,-0.6198253536151458,0.7154934583094859,-0.843118107936311,-1.297677870946544,-0.3403249191444206,-0.4151653546114458,-0.7154516784407148
0.8223368192741014,-0.8583719571587995,-0.7432263238833442,0.4808434229209384,-0.2554803251788151,0.8376493397035604,0.8635587731806251,-0.16294147958385466,0.8852465743277103,0.8201986452008109,1.4197773313146762,-0.09414175088067482,1.080156524976393,0.8105144310066434,-0.09996825291675426,1.5435286830531534,1.821045796812898
-1.5547165341089555,0.13996514345491606,-0.7432263238833442,-0.2926731463818035,1.7214795668534815,-0.029923220238752032,2.384830799187791,1.2925582317819888,1.8742352053904796,0.0699531769801072,-0.22167856792145216,-0.49707206245529517,-0.843118344792794,-1.5599547693471445,-0.6186326379343505,0.518094745687569,0.16515850518440078
-1.1448797490429112,-0.6365192681335294,-1.7637129643359342,-0.48605228870748857,1.61442397703221,1.0979211076862543,0.12669263558340424,1.2037734837496903,0.2657044422539355,1.017759471287118,0.7503858052336265,-0.75947067863567,-0.031347026471540126,-1.1579636787508725,-1.235337242071126,0.7600510679873137,0.19548287882112303
0.740369462260893,-0.7474456126461646,-0.001054221736005843,0.674222565246624,-0.7407989990351298,-1.0710102921695264,-0.08723624307385346,-0.9639457283928805,0.06044938971628145,-1.1041244592143058,0.27898128755830076,1.0489535413169084,0.8577375080225673,0.7427924001757322,0.5357118775011533,-0.6110347583779058,-0.03989202131152621
1.2731572828467508,-0.1928138900829889,-0.0938257345044232,-0.6794314310331742,-1.5383631432033906,-0.7239812681926012,-1.5609685182682953,-0.6779572458674805,-1.9009284941922555,-0.6686677176331566,-0.4390006820126641,-0.35544604901611687,0.30609364386500254,1.2882192615878636,-0.590169348512653,-1.0603822140774322,-1.3856363804544007
-1.7186512481353726,2.580344722732889,-1.0215408621885957,0.4808434229209384,1.0791460279260108,1.9654936676285666,1.0537177764315209,-1.031191601614447,1.0271821725509864,1.607297754991093,-1.042792820199771,-0.4060357343886482,-1.7589647617640856,-1.707594443267697,-0.280235752587504,2.5920060796853828,3.0352642020472933
0.5764347482344758,1.803860311144443,-0.5576832983465095,-0.8728105733588598,0.36544209578438547,-1.0710102921695264,0.6971696453360914,1.1272454040653126,0.7555934763980802,-1.1041244592143058,-1.0173744859088718,-1.2053710376840756,-1.1397261735286894,0.5534166554751863,-0.9317288215730211,1.082659497720308,0.9682730672934509
2.789553387591114,0.13996514345491606,2.503776623011262,-1.1628792868473878,-1.5615585209980267,-1.5915538281349135,-0.42001449876292096,-0.4926579819410412,-0.2879785065486689,-1.8759688805315238,-0.7581042206138272,-0.8527806235698229,0.412225198813039,2.7818057045494577,-0.03987908635983725,-1.3138602660104979,-0.9525112659976266
-1.4727491770957455,-0.5255929236208943,0.3700318293376636,2.3179452750149507,1.507368387210978,-0.8974957801810638,0.7684792715551773,1.2839928054406171,0.8118122088706097,-0.8797942129914668,0.594618255690017,1.8497493857831178,-0.2756930693972171,-1.4757685214782672,2.213464659524536,1.1057029569869499,0.5889777272023929
1.8059451034326086,0.9164495550433619,-0.18659724727284058,-0.48605228870748857,-1.818491936568991,-0.7239812681926012,-1.5371986428619333,-0.5361622715405847,-1.857375591346672,-0.6686677176331566,-1.0173754025269952,-0.3195787521515103,-0.4615133239891766,1.8209330978627833,-0.48264136625290743,-0.5764695694779419,-0.8895360456144863
1.2321736043401457,0.9164495550433619,-0.5576832983465095,0.4808434229209384,-0.36967295432151,-1.33128206015222,-1.3232697642046756,1.0235046919343256,-1.49028113853604,-1.469332496695443,-0.9597592752731111,0.6221861617848068,-0.5950745976881883,1.215661172712248,0.020210080197078893,-0.23081768047830684,-0.5164981159564024
-1.2268471060561197,-1.30207733520934,-0.27936876004125744,-0.2926731463818035,0.5795532754268493,-0.11668047623298272,0.9110985239933491,-1.1793069189638352,0.9213330859079093,-0.014476959580863336,2.8716933816902204,-0.9233599612217087,1.002877076478618,-1.2167395390614926,-0.3814385594202055,2.0965717054525723,2.181007343130281
0.16659796316843153,-1.4130036797219752,1.2049754442534188,0.09408513826956774,-0.38394703296431715,-0.37695224421567664,0.934868399399711,-1.1793069189638352,0.9392228527148092,-0.28038490449683706,2.0074524571591565,0.06910340714817363,2.0417873160742444,0.1704461617120588,0.769743368301776,0.05722556035472257,0.4553258582109139
0.49446739122126576,0.02903879894228149,0.9266609059481667,-0.6794314310331742,-1.0619657684988653,-0.37695224421567664,-0.4675542495756449,-0.41045614462078606,-0.3410475775182748,-0.28038490449683706,-0.20252083275799485,-0.8000482630349884,-0.1562325932615869,0.5094461316899245,-0.13791930547901715,0.2300515048545396,-0.14169527566337825
-0.9809450350164927,-0.5255929236208943,-1.2070838877254306,0.5775329940837812,-0.027095066893504497,2.52941583159107,0.4832407666788337,-0.5361622715405847,0.5806698696426701,2.530809295077329,0.18880095305279065,0.6845026528792529,-0.0965055549593876,-0.9632007719483077,-0.3434875068579426,-0.13864384341173733,-0.38765963960567584
0.5764347482344758,-1.4130036797219752,2.1326905719375913,0.09408513826956774,-1.0048694539275573,-0.7239812681926012,-1.061801134734694,-1.4468080202105298,-1.0928098066275784,-0.6686677176331566,2.5605651278086996,-0.26842217258495105,2.270748609155708,0.5885614121816878,1.3073832796005036,0.9789639310204175,0.6893770753673587
-0.8989776780032841,-0.4146665791082593,-1.0215408621885957,-1.3562584291730733,0.7222940618551981,0.14359129174971055,0.9110985239933491,0.71162898546923,0.9213330859079093,0.2330774146353509,0.27898313949385767,-1.4837341049516326,-0.18485446188293106,-0.8989478879872869,-1.4219299171689197,0.2185297752212197,0.18268727671779725
-0.16127146488440414,-0.6365192681335294,0.3700318293376636,0.2874642805952528,-0.2768914431430852,1.0979211076862543,0.3643913896470239,-1.1793069189638352,0.4791326514601071,1.017759471287118,0.8446665740825208,-0.11885157672495102,0.34331770239983156,-0.15380625833212824,0.45348459694958304,1.082659497720306,1.2371812694899869
0.4125000342080572,0.02903879894228149,0.27726031656924627,0.4808434229209384,-0.9192249820705559,0.750892083709329,0.43570101586610976,-0.7836769365775159,0.5404459448543757,0.7518515263711428,-0.16548192320494734,0.2983237655648394,-0.18076423630822797,0.42525081346607874,0.5610125792093286,0.48352955678760623,0.34903010406103097
0.6584021052476844,1.5820076221191726,0.18448880380082888,-2.3231541408015004,-1.1333361617130198,-2.112097364100301,-1.656048019893743,-1.031191601614447,-2.0814082090060637,-2.588353925259448,-1.4741884439719988,-2.212719199520594,-1.0393695234163407,0.6724720299011611,-1.837810201497053,-1.647990425376812,-1.491490906945548
-0.16127146488440414,-0.3037402345956241,-0.5576832983465095,-1.3562584291730733,-0.6337434092138979,0.4906203157266358,0.6733997699297294,-0.5814427299733397,0.7366292428455685,0.5386334452652105,-0.5092039994591313,-0.9941437373834722,-0.04633205702735669,-0.14537649866853442,-1.2717070007766282,-1.6134252364768482,-1.6452386902121547
2.133814531485443,0.13996514345491606,-0.5576832983465095,-0.776121002196017,-2.082562391461379,-0.8974957801810638,-0.5626337512010927,-1.1793069189638352,-0.4499388990964361,-0.8797942129914668,-0.6865808002548436,-0.4815587065166685,0.22273938091027132,2.1519512800831064,-0.8637331857322996,-1.0373387548107893,-1.4393859316094353
0.33053267719484863,-0.5255929236208943,-0.46491178557809215,-0.0026044328932750627,-0.6337434092138979,0.05683403575547927,1.8975483533573707,-1.3975013606265008,1.5898302357375378,0.1524422178765131,0.0535285188403815,0.2257856238328525,0.38132781687482503,0.3375519499300121,-0.2675854017334164,-0.5534261102112991,-0.22256027202796758
-0.8989776780032841,0.13996514345491606,0.3700318293376636,0.8676017075723091,1.0577349099617406,-0.11668047623298272,1.5291152845587601,1.0661721522227117,1.3563900029543858,-0.014476959580863336,-0.5077722493573854,1.077995910738238,-0.6536325268900266,-0.9061314563196876,0.9563360433995693,-0.26538286937827066,-0.1489153646245013
-0.5711082499504484,0.8055232105307267,-1.0215408621885957,-1.3562584291730733,0.750842219140852,1.4449501316631788,-1.3232697642046756,1.055658166400302,-1.49028113853604,1.2653138455033308,-0.8766275897314264,-1.3567343468769932,-0.9608690974052865,-0.5788618259431663,-1.4219299171689197,-0.3460349768115192,-0.5549250338717207
0.33053267719484863,0.8055232105307267,-1.0215408621885957,-0.8728105733588598,-0.526687819392666,-0.29019498822144535,0.1504625109897662,-0.8405723409223997,0.28770826227459045,-0.18954169161124898,-0.7581029945015528,-0.9818401461533947,-0.7449904843963866,0.33487523543784514,-1.1214840843843366,0.17244285668793394,0.6798305132965384
-0.07930410787119559,0.02903879894228149,0.6483463676429156,-0.3893627175446463,-0.31257663975016253,0.750892083709329,-0.2536253709183872,-1.031191601614447,-0.10896095216611,0.7518515263711428,-0.46179319962932475,-0.22286457124992054,-0.3279540945880743,-0.07254892889246504,0.004397141629469683,-0.5419043805779781,0.2101637263754089
-1.0629123920297012,0.13996514345491606,1.1122039314850014,-1.066189715684545,1.2040442160507814,1.0979211076862543,1.7905839140287418,0.9446438728006304,1.5238166384313312,1.017759471287118,-0.04287001702399405,-1.3668959222221844,-0.7010039813657186,-1.069405226579296,-0.44152772597712253,1.0020073902870594,0.7473383450830505
-1.2268471060561197,2.580344722732889,-0.37214027280967477,-2.0330854273129724,1.61442397703221,2.52941583159107,0.934868399399711,1.0450435667450575,0.9392228527148092,2.530809295077329,-1.2868142644031217,-2.241367728629087,-1.6781545133366997,-1.2379438156598477,-1.7097253990994152,0.9098335532204878,1.440787778193688
-0.735042963976867,1.6929339666318077,-0.37214027280967477,-0.2926731463818035,0.4724976856056174,0.577377571720867,0.8873286485869871,-1.1027788392794577,0.9033413825577722,0.6111230874510375,-0.7098651124363796,-0.9924453627917039,-1.3542876488407791,-0.7331149391879103,-0.4288773751230345,2.4076584055522434,2.3692511069889237
-0.07930410787119559,-1.0802246461840699,0.18448880380082888,-0.0026044328932750627,-0.41963222957139446,0.9244065956977916,0.6258600191170055,-1.5525277109205653,0.6983556179308059,0.8872681726876441,1.1432183264639506,0.0026388489615903022,1.1030504664406497,-0.069996970750528,0.09769347917836635,-0.034948276711846915,0.6460164299952723
-1.2268471060561197,0.8055232105307267,0.09171729103241152,-0.48605228870748857,0.09780312123126607,1.011163851692023,0.5307805174915576,-1.4468080202105298,0.6203878196850902,0.9531069969387995,-0.9358898873463632,-0.35911846244317835,-1.117871725048123,-1.2068263800860723,-0.3498126822849862,-0.4727740027780515,0.1247260070021054
0.4125000342080572,-0.3037402345956241,0.3700318293376636,-0.48605228870748857,-0.7265249203923226,-0.29019498822144535,-0.6339433774201787,-1.3502935043163888,-0.5341448331772878,-0.18954169161124898,0.11304941435297891,-0.5979705932861715,0.145995942032318,0.42038225501439186,-0.21698399831706497,0.21852977522121866,0.21329243159189587
-0.16127146488440414,1.0273758995559972,-0.27936876004125744,-0.6794314310331742,0.8222126123550066,0.577377571720867,-0.08723624307385346,0.9562588187127592,0.06044938971628145,0.6111230874510375,-0.7581026741656746,-0.9247784385041399,-0.9730683277265271,-0.17966356958434346,-0.6723966290642228,0.6793989605540671,0.5624639560729318
1.1502062473269372,0.6945968660180921,-1.3926269132622648,-0.2926731463818035,-1.2903510267841758,-0.7239812681926012,-0.06346636766749149,-0.0717215665793504,0.08392559745065886,-0.6686677176331566,-1.0326270243901778,0.10609775934712687,-0.4794715384288291,1.160381058424896,-0.9507043478541525,-1.0373387548107893,-1.4131529417173505
0.740369462260893,-1.52393002423461,2.318233597474426,-0.09929400405611787,-0.4910026227855887,-0.5504667562041392,-1.1568806363601418,-0.4507957610341739,-1.2316249248984419,-0.46927668735086014,1.982757634358042,0.11426925053218531,2.7384811353934917,0.7362615219599845,1.1808797710596264,-0.5534261102113001,-0.027136530813541334
0.002663249142012967,-0.8583719571587995,-0.8359978366517611,0.674222565246624,0.543868078819772,1.011163851692023,0.6971696453360914,0.2761927924020081,0.7555934763980802,0.9531069969387995,1.3160685327210413,0.15572455294258464,0.7367140129538253,-0.012688001366816295,-0.03355391093279321,1.3361375496533725,1.4505750098965466
-0.653075606963657,-0.3037402345956241,-0.6504548111149269,-1.9363958561501295,-0.6337434092138979,-0.20343773222721404,0.8635587731806251,-1.3502935043163888,0.8852465743277103,-0.10094175185183701,-0.05288482933025038,-1.9656784889232262,-0.2111846276499352,-0.6283049472670823,-1.7002376359588491,-0.4151653546114458,-0.6018556121190269
-0.9809450350164927,-0.1928138900829889,-0.37214027280967477,1.4477391345493653,0.7294311011766215,0.4906203157266358,1.0537177764315209,0.47129374484483205,1.0271821725509864,0.5386334452652105,-0.11989631814444013,1.510593297786741,-0.4204202006175963,-0.9792801911061163,0.8519706488533458,0.11483420852132722,0.1892254683881476
-0.3252061789108227,0.02903879894228149,0.27726031656924627,-0.9695001445217023,0.07996052292772741,0.6641348277150978,0.5783202683042816,0.4349227094066409,0.6596123662739154,0.6821771964116963,-0.46179319962932475,-0.8564217213409845,-0.4015490237279979,-0.3228713109113327,-0.6723966290642228,-0.6110347583779047,-0.788254242132049
-1.2268471060561197,0.4727441769928217,0.09171729103241152,-0.8728105733588598,0.7222940618551981,0.8376493397035604,-0.08723624307385346,0.140200188059598,0.06044938971628145,0.8201986452008109,-0.4016038864847106,-1.1202687907386788,-0.9504436648760678,-1.219671609519473,-0.6660714536371792,0.71396414945403,0.6324587073904964
-0.3252061789108227,-0.1928138900829889,1.1122039314850014,-0.2926731463818035,0.22270130935603663,-0.029923220238752032,-0.396244623356559,-0.9005446326752814,-0.26177474292628716,0.0699531769801072,-0.15978436362796805,-0.24471135121862977,-0.20907071858629486,-0.32616706985102134,0.33014367612222784,-0.20777422121166497,0.49848594555630144
1.64201038940619,1.3601549330939027,-0.27936876004125744,0.4808434229209384,-1.0798083668024039,-1.1577675481637577,-0.6814831282329026,-0.6779572458674805,-0.5915561492431368,-1.2217781224792306,-0.9655203694546506,0.24174406939498494,-0.7400833795371721,1.6381563609094303,0.20047757986782908,0.6217903123874604,0.9478161485702649
2.0518471744722344,-0.08188754557035371,-1.485398426030682,0.38415385175809563,-1.900567888765261,-1.5915538281349135,-2.1076756526146205,-1.669395407018331,-2.8041417031446296,-1.8759688805315238,-0.681283318540558,1.1609954038154666,0.42889208154178954,2.0656698404273794,-0.6328642826451989,-1.3829906438104254,-1.284394688577303
-0.40717353592403127,-0.4146665791082593,0.18448880380082888,-0.3893627175446463,0.7437051798194286,-0.11668047623298272,0.45947089127247176,0.9446438728006304,0.5606219585172659,-0.014476959580863336,0.10613499779840166,-0.3794539582625716,-0.013133062771197334,-0.41835022161113256,-0.22489046760087023,-0.1271221137784164,-0.3751849303450674
-0.36618985741742627,-1.1911509906967048,0.8338893931797494,-0.0026044328932750627,-0.055643224179198036,-0.6372240121983705,-0.6339433774201787,0.4349227094066409,-0.5341448331772878,-0.5675873644269371,0.8280238979077543,0.4875340125457899,1.1973274104751044,-0.3599163055743541,0.46297236009014864,-1.0834256733440741,-0.863062386090366
1.8059451034326086,-0.4146665791082593,0.5555748548744983,-0.2926731463818035,0.012158649374264691,-1.5047965721406826,-1.4421191412364855,1.1371051774244474,-1.6889337690960822,-1.7352404416114184,0.019710926950674022,-0.19137195354067993,0.7596132332316065,1.7675736906117185,0.0455107819052546,-0.3460349768115192,-0.5549250338717207
0.33053267719484863,-0.5255929236208943,0.5555748548744983,-0.09929400405611787,-0.7122508417494758,0.40386305973240444,-0.5864036266074547,-1.2615087562840905,-0.477758774168862,0.4646490664410443,0.9553447469231083,-0.6695846749353714,0.38132781687482503,0.3395159030702192,0.21945310614896074,1.7393980868196153,1.6098180830946773
1.1502062473269372,-0.9692983016714347,1.761604520863923,0.19077470943241,-1.326036223391253,-0.5504667562041392,-0.7290228790456266,-1.1027788392794577,-0.6500306980473303,-0.46927668735086014,0.7702318026237011,0.3508203483890767,1.4344434483790487,1.1613584241965802,1.1998552973407577,-0.3460349768115192,-0.4117266028094227
0.8223368192741014,0.3618178324801865,-1.0215408621885957,1.4477391345493653,0.008590129713572809,-0.029923220238752032,-1.5371986428619333,0.5406424001166761,-1.857375591346672,0.0699531769801072,0.11171351418274646,0.43144039096004383,-0.3334926095128368,0.8035696588420123,0.32065591298166224,2.476788783352171,1.636291742618799
-0.40717353592403127,-1.0802246461840699,0.8338893931797494,-0.19598357521896068,-0.4910026227855887,-0.4637095002099079,-1.2757300133919518,-1.1027788392794577,-1.4141922664956448,-0.37358794334610596,0.3942107527342718,0.4980166883931058,0.9504094347863242,-0.390117340202741,0.2795422727058769,-1.5558165883102435,-1.3602056226691086
1.1502062473269372,0.3618178324801865,2.503776623011262,-0.19598357521896068,-0.41963222957139446,-1.0710102921695264,0.31685163883429995,0.21027931237287534,0.437585533678028,-1.1041244592143058,-0.5908312066053094,-0.16577511515332702,-0.24486212658274864,1.1365943583389235,1.1619042447784953,-0.13864384341173835,0.3463827381086178
-1.1448797490429112,-0.3037402345956241,-0.46491178557809215,-1.3562584291730733,0.9364052414976619,0.05683403575547927,0.8160190223679012,0.7540246121085826,0.8487428684025978,0.1524422178765131,0.1545329752737866,-1.4861519883296415,-0.3760371982725142,-1.143932653158074,-1.2416624174981699,0.23005150485454062,0.1647573891310059
1.4780756753797728,-0.6365192681335294,0.8338893931797494,-0.0026044328932750627,-1.5437159226944484,-0.6372240121983705,-0.6577132528265406,-0.8405723409223997,-0.5627200091491062,-0.5675873644269371,-0.14528149883086544,0.6468495040424347,0.9677589171854502,1.490106663767415,0.46297236009014864,-1.3714689141771035,-1.3464072304322914
2.0518471744722344,0.5836705215054568,-0.8359978366517611,-0.2926731463818035,-1.6257918748907578,-0.6372240121983705,-0.3249349971374731,-0.3339280649364083,-0.1844434803938194,-0.5675873644269371,-0.9152382064960896,0.005892566173170688,-0.1770458451967068,2.0574330655222797,-0.6660714536371792,-0.8184258917776875,-0.5837652781108776
0.16659796316843153,-1.52393002423461,-0.8359978366517611,2.3179452750149507,-0.776484195642207,-0.29019498822144535,-0.8241023806710743,-1.031191601614447,-0.7703323110645232,-0.18954169161124898,2.79761073434583,1.9094564344543765,2.395039359313908,0.18008233662484943,1.041725911664662,1.0020073902870572,0.714005601045857
1.3141409613533543,0.02903879894228149,-0.27936876004125744,-0.48605228870748857,-0.1412876960361598,-1.1577675481637577,1.2676466550887786,0.8212704853301495,1.1795861155578766,-1.2217781224792306,-0.20252083275799485,-0.6088937091640853,0.08908383720482362,1.289767583334386,-0.526917594242214,0.2530949641211825,0.19010792370561916
1.8059451034326086,0.9164495550433619,0.9266609059481667,-0.8728105733588598,-1.2403917515342913,-1.5915538281349135,-0.8478722560774363,-0.9005446326752814,-0.8011377787729798,-1.8759688805315238,-0.7869108935114586,-1.0158017910502743,-0.4615133239891766,1.8040230347778956,-0.3245119805768114,0.2991818826544672,0.7967558428614107
-0.16127146488440414,-0.4146665791082593,0.9266609059481667,0.19077470943241,0.11564571953480472,0.750892083709329,-0.22985549551202525,-1.1027788392794577,-0.08419584172473729,0.7518515263711428,0.19255906864612965,0.12483349903841867,0.07272763678467002,-0.16305940566589924,0.7017477324610542,0.17244285668793394,0.8624987640129812
-1.2268471060561197,0.6945968660180921,0.5555748548744983,-1.2595688580102304,-0.1484247353575832,0.8376493397035604,-0.6101735020138167,-1.5525277109205653,-0.5058259402618857,0.8201986452008109,-0.819108470043752,-1.25231885320117,-1.0653452651424975,-1.201749249186974,-0.8242008393132753,-0.3460349768115192,-0.010770995834992797
-1.5547165341089555,-0.9692983016714347,-1.6709414515675167,2.3179452750149507,-0.0627802635005818,2.52941583159107,-0.20608562010566328,-1.3502935043163888,-0.05962345783116127,2.530809295077329,0.7702318026237011,2.636229258629299,0.2414329310913289,-1.5249498654419071,0.2305221631462876,-0.09255692487845259,-0.3968050856230999
-0.735042963976867,-0.7474456126461646,0.3700318293376636,0.7709121364094663,0.32975689917730816,-0.6372240121983705,-0.9191818822965222,0.06539315945646018,-0.8953995665596088,-0.5675873644269371,1.3654546743649387,0.03523795036334837,0.26897877580393076,-0.7299851458790918,0.8725274689912383,1.9352674905860752,2.1138605157918255
-1.2268471060561197,-0.3037402345956241,0.3700318293376636,1.1576704210608375,0.7080199832123514,0.40386305973240444,1.1963370288696926,0.7259416640431159,1.1295977037836804,0.4646490664410443,-0.13585195117186502,1.4173445023971916,-0.40351262670961086,-1.219378508477562,1.207761766624563,-0.2769045990115916,-0.2774329481325119
-1.3088144630693284,-0.08188754557035371,0.18448880380082888,0.964291278735152,0.6509236686410436,1.0979211076862543,2.5274500516259626,0.7259416640431159,1.9528501058814876,1.017759471287118,-0.45081902291729503,1.4028084539003327,-0.6141568996575558,-1.2984029062170415,0.9041533461264576,-0.6225564880112266,-0.9392744362355651
0.33053267719484863,-0.3037402345956241,0.8338893931797494,-0.3893627175446463,-0.8478545888564013,2.1390081796170293,-0.3249349971374731,-1.4468080202105298,-0.1844434803938194,1.7144136272796777,-0.0943683902510577,-0.29886058813490446,0.11852051359522182,0.34291023879050775,0.09611218532160512,-0.3460349768115192,0.046508376589924946
0.16659796316843153,1.4710812776065372,1.6688330080955056,-2.3231541408015004,-0.8478545888564013,1.7052218996458728,-1.2044203871728658,-1.031191601614447,-1.3033901821391358,1.4403785775337181,-1.2892948950462644,-2.309904987305161,-1.0944163076864395,0.18183666582383162,-1.610103886123474,-0.9682083770108627,-0.8622601539835749
-0.9809450350164927,-1.0802246461840699,-0.9287693494201784,-1.066189715684545,0.07996052292772741,-0.11668047623298272,-0.6339433774201787,0.039292727020321674,-0.5341448331772878,-0.014476959580863336,0.4518267199442475,-0.6459543771599734,0.6832876293912553,-0.9654803276537129,-1.2068739526494288,-1.5442948586769216,-1.3223402672285445
1.2321736043401457,0.2508914879675513,-1.3926269132622648,0.09408513826956774,-1.0476916898560185,0.40386305973240444,-0.44378437416928296,-1.3502935043163888,-0.31440155107636625,0.4646490664410443,-0.17041981070390225,-0.28727614079552827,-0.13333573345829602,1.234322507022665,-0.7356483833346612,1.0365725791870222,1.1189322569489086
0.6584021052476844,-0.6365192681335294,1.761604520863923,-0.0026044328932750627,0.044275326320650114,-0.6372240121983705,0.007843258551594406,0.5573226723308153,0.15332477335556308,-0.5675873644269371,0.7032454208091797,-0.26991625043330914,0.655538309792641,0.641963551285971,0.9847993328212671,0.702442419820707,0.813602717104033
0.90430417628731,-1.4130036797219752,0.09171729103241152,0.09408513826956774,-1.5294418440516413,-0.5504667562041392,-1.3945793904237616,-1.5525277109205653,-1.6079668868241759,-0.46927668735086014,1.7308961218343852,0.2678684663240111,2.4539176436208794,0.9248564449052922,0.12457547474330284,-0.4036436249781249,-1.1011648753861059
0.6584021052476844,-0.8583719571587995,0.09171729103241152,0.674222565246624,-0.7407989990351298,-0.5504667562041392,-0.7290228790456266,-1.1027788392794577,-0.6500306980473303,-0.46927668735086014,0.4345437446751472,1.0556212495290664,1.0114680225718793,0.6622799769187546,0.598963631771592,-0.6225564880112266,0.05709784039957618
-0.48914089293723984,-0.6365192681335294,-0.5576832983465095,2.3179452750149494,-0.20552104992893064,2.52941583159107,-0.9904915085156082,-1.1793069189638352,-0.9925621679584964,2.530809295077329,0.1375608077158163,2.8814358797534707,0.2184294594427073,-0.4770534848539308,1.312127161170786,-0.4036436249781249,-0.532382311670877
0.2485653201816401,0.13996514345491606,-0.8359978366517611,-0.0026044328932750627,0.543868078819772,-0.6372240121983705,-0.4675542495756449,0.8969282493956693,-0.3410475775182748,-0.5675873644269371,0.10017682369397259,-0.5433742552028054,-0.32203234556018423,0.2279756290013885,-0.4763161908258634,1.589615601586437,0.9528702108430499
-0.16127146488440414,-0.1928138900829889,-0.27936876004125744,0.4808434229209384,-0.6622915664995518,1.53170738765741,-0.42001449876292096,-1.1027788392794577,-0.2879785065486689,1.3246228858805913,0.039655863789671876,0.30793068446182503,-0.1562333480784696,-0.1447013836320997,0.20047757986782908,0.4604860975209633,0.4811577320496038
-0.07930410787119559,-0.08188754557035371,-0.37214027280967477,0.09408513826956774,-0.38394703296431715,0.23034854774394187,0.38816126505338583,-1.031191601614447,0.49970298737076374,0.3119402649770985,0.16375243207807202,-0.3132791973725086,-0.2325536138529174,-0.07084779484596233,-0.14424448090606076,1.1172246866202706,0.7696805092571939
-1.5547165341089555,-0.5255929236208943,0.18448880380082888,-0.776121002196017,2.378087184423759,2.52941583159107,-0.6339433774201787,1.7017567894690753,-0.5341448331772878,2.5150784063419644,0.4142550100734721,-0.9117051604401166,-0.305557655136856,-1.572748501280615,-0.5474744143801068,0.27613842338782535,0.03062418087545451
-0.8989776780032841,1.803860311144443,0.09171729103241152,-0.8728105733588598,1.2147497750328966,1.0979211076862543,1.7192742878096559,1.2129786585655846,1.4790281513810286,1.017759471287118,-1.1823662063739149,-1.0097016422134488,-1.4207253588138273,-0.9094893242693838,-0.6660714536371792,0.27613842338782535,-0.12340438362853014
2.2977492455118615,0.5836705215054568,-0.5576832983465095,2.3179452750149507,-0.8371490298742464,-0.4637095002099079,-0.13477599388657738,0.6824373744435721,0.012966759674150239,-0.37358794334610596,-0.6638224419677938,2.2758743765658167,-0.1146016291061262,2.2754665582493843,1.3121271611707865,0.4143991789876796,0.5865710308820181
1.4780756753797728,1.0273758995559972,-1.485398426030682,0.09408513826956774,-1.2403917515342913,-1.33128206015222,0.5783202683042816,-0.2623408272713978,0.6596123662739154,-1.469332496695443,-0.7020437353316568,-0.27599214727070537,-0.6017782725805926,1.4815180563668153,-0.7894123744645342,1.0020073902870594,0.5140091368227194
-0.2432388218976127,-0.6365192681335294,0.09171729103241152,1.5444287057122081,0.6866088652481208,1.7052218996458728,0.7209395207424534,0.6059092947591945,0.7744444899712012,1.4403785775337181,0.4204031142624984,1.5692479740560699,0.3120956416605507,-0.2566710156234127,1.3105458673140253,0.1954863159545768,1.2866789904790288
0.16659796316843153,-1.30207733520934,0.462803342106081,0.2874642805952528,-0.8371490298742464,-0.11668047623298272,-1.8224371477382768,-1.031191601614447,-2.4244234070522044,-0.014476959580863336,1.0567916749174044,0.8371779676103669,1.7326915022631033,0.18157347132193852,0.510411175792978,-1.0603822140774313,-1.0979559469589386
1.2321736043401457,0.8055232105307267,-1.2998554004938478,1.2543599922236803,-1.5829696389622572,-0.8974957801810638,-1.727357646112829,-1.669395407018331,-2.2238775804357296,-0.8797942129914668,-1.0544144825762372,1.8246391131637856,-0.5291118713874864,1.2491057699947847,-0.017740972365184002,-0.7262520547111181,-0.6687617698254453
-0.8170103209900755,0.02903879894228149,0.09171729103241152,0.19077470943241,2.149701926138449,1.0979211076862543,-0.49132412498200684,1.4732535635754334,-0.3679203813793834,1.017759471287118,0.01971262456028833,-0.19137188892737395,-0.5487388820078443,-0.8495625631968441,0.20364016758135065,1.0250508495537012,1.4068934716817458
0.740369462260893,0.02903879894228149,-1.2070838877254306,2.3179452750149494,-1.3331732627126764,-0.029923220238752032,-1.085571010141056,-1.5525277109205653,-1.1269456568775238,0.0699531769801072,-0.535871018735419,2.9195006476021796,-0.08263766412166375,0.7583168295678046,0.6811909123231613,-0.4497305435114086,-0.5548046990557007
-0.735042963976867,-0.1928138900829889,0.3700318293376636,1.5444287057122081,0.5795532754268493,-0.5504667562041392,0.5545503928979196,0.5065099470716516,0.6400610010521738,-0.46927668735086014,-0.27944850007855215,1.9045302812524039,-0.34116414485585816,-0.7354606334363153,1.5429960642578868,-0.33451324717819725,0.17462484404454215
-1.2268471060561197,0.3618178324801865,-1.2070838877254306,-0.6794314310331742,0.9364052414976619,0.40386305973240444,1.624194786184208,0.8342439337995095,1.4183044454023228,0.4646490664410443,-0.35664963300929065,-0.9064105107319956,-0.8874331278258865,-1.2240653012147986,-1.0835330318220735,0.6102685827541385,0.9027307041685777
0.945287854793915,-0.4146665791082593,1.3905184697902535,0.7709121364094663,-1.283213987462792,-0.6372240121983705,-0.4675542495756449,-1.2615087562840905,-0.3410475775182748,-0.5675873644269371,-0.23956128559250925,1.3495213410052076,0.4591007847860714,0.958595569723764,1.5856909983904324,-0.9105997288442561,-1.4101846829222215
-1.3907818200825368,0.4727441769928217,-0.37214027280967477,-1.7430167138244441,0.7222940618551981,0.23034854774394187,1.0061780256187969,0.7678038849499831,0.992291923684418,0.3119402649770985,-0.5960582484478811,-1.8196274737468054,-0.9933740593729756,-1.3800334702855641,-1.496250728436685,-0.08103519524513064,-0.26616158703209086
0.9862715333005201,1.2492285885812675,0.18448880380082888,0.09408513826956774,-0.38394703296431715,1.011163851692023,-0.22985549551202525,0.4162799646989643,-0.08419584172473729,0.9531069969387995,-0.4921817425385627,-0.6754545287900275,-0.8255040434024908,0.9747593502387941,0.17833946587317584,2.4076584055522434,1.757629348771026
1.7239777464193986,1.914786655657078,-2.2275705281780205,0.2874642805952528,-0.38394703296431715,-1.5047965721406826,0.31685163883429995,0.8597443028186184,0.437585533678028,-1.7352404416114184,-0.9885663146156226,-0.27997209390023475,-0.9652290506861435,1.6986412199128547,-1.1404596106654683,1.5780938719531161,1.3297187430083934
-0.07930410787119559,-0.6365192681335294,-0.0938257345044232,-0.48605228870748857,-0.7407989990351298,-0.29019498822144535,-0.30116512173111115,-0.6779572458674805,-0.1590816139620979,-0.18954169161124898,0.09042042329136915,-0.2087197521779505,0.37453976313911236,-0.062331832394043246,-0.4383651382636001,-0.8529910806776504,-0.9460934091432933
0.33053267719484863,-0.8583719571587995,0.8338893931797494,-1.066189715684545,0.09423460157057419,-0.9842530361752951,0.8160190223679012,0.6675483294242277,0.8487428684025978,-0.9902064706735354,0.4863981439719647,-0.9338564883962696,0.8740910177628526,0.3193821521273196,-0.545893120523346,-0.7147303250777961,-0.6557656096954207
1.3961083183665643,-0.1928138900829889,-0.8359978366517611,0.8676017075723091,-0.8478545888564013,-1.4180393161464513,0.958638274806073,0.2761927924020081,0.9570118315684041,-1.599823795294917,-0.4390006820126641,1.4473917444242603,0.3457216717458713,1.3898884630739041,0.09294959760808355,-0.8760345399442933,-0.408999013646332
-0.07930410787119559,-0.1928138900829889,0.27726031656924627,0.09408513826956774,1.1683590194437041,1.4449501316631788,0.5783202683042816,1.4586583898518408,0.6596123662739154,1.2653138455033308,-0.11989631814444013,0.1118618257865623,-0.12981466282455675,-0.10769345759135696,0.23210345700304838,-0.04647000634516887,0.09801167784594539
-0.5711082499504484,-0.08188754557035371,2.4110051102428436,0.38415385175809563,1.4716831906039007,-0.11668047623298272,-0.1823157446993013,0.967753400325564,-0.03524082396888361,-0.014476959580863336,-0.02830114760798042,0.162542447971374,-0.38519492817477247,-0.5949288450020066,1.824466370761338,0.5757033938541757,1.5641710762182346
-0.7077205116391322,-0.6365192681335294,-0.6504548111149269,1.2543599922236803,-0.055643224179198036,1.9654936676285666,1.1725671534633306,0.47129374484483205,1.1127574750934288,1.607297754991093,-0.3809834209531004,2.701395006043524,0.1351706308046242,-0.6947365013379985,0.4914356495118464,-1.7977729106099871,-1.995332781615999
-0.735042963976867,-0.1928138900829889,0.27726031656924627,-1.3562584291730733,0.7936644550693527,0.6641348277150978,1.1725671534633306,0.7814140826901749,1.1127574750934288,0.6821771964116963,-0.00023218169385640257,-1.4641545058901095,-0.34116414485585816,-0.7401477827309092,-1.0013057512705035,0.12635593815464918,0.050679983545242835
-0.48914089293723984,0.02903879894228149,1.6688330080955056,0.5775329940837812,0.07996052292772741,-0.4637095002099079,-0.5388638757947308,-1.3502935043163888,-0.42236199546769626,-0.37358794334610596,-0.017326284992758803,0.20593899401370436,-0.45061230982127953,-0.4835235650969274,1.568296765966063,0.9559204717537736,0.9632992282313418
0.08463060615522153,0.02903879894228149,-0.46491178557809215,-0.5827418598703313,-0.6266063698924745,-0.029923220238752032,0.4832407666788337,-0.04290911029993382,0.5806698696426701,0.0699531769801072,-0.7581044760537022,-0.04615822120616515,-0.27889080849479214,0.09591409575798274,-0.6850469799183107,-1.486686210510315,-1.2551533282847482
-1.1448797490429112,0.2508914879675513,-0.001054221736005843,-0.776121002196017,0.6509236686410436,0.9244065956977916,-0.6339433774201787,0.06539315945646018,-0.5341448331772878,0.8872681726876441,-0.20498946785092145,-1.052904583373203,-0.7973256966796652,-1.1380088313690502,-0.6265391072181551,0.8176597161539183,0.6804321873766307
-1.5547165341089555,-0.7474456126461646,-1.2070838877254306,2.3179452750149507,1.4359979939968235,0.14359129174971055,-0.11100611848021542,1.097129060014584,0.03679732860017462,0.2330774146353509,0.8716031349073758,1.9296685481667262,-0.05810940876197808,-1.554377559859456,0.6811909123231622,0.9674422013870945,0.4445759479799062
0.16659796316843153,0.6945968660180921,-0.37214027280967477,-0.2926731463818035,-0.8478545888564013,0.14359129174971055,0.10292276017704227,-0.9005446326752814,0.24354620819824443,0.2330774146353509,-0.6970978675600796,-0.4021134445715432,-0.7219020460344849,0.18183666582383162,-0.4288773751230345,0.2300515048545396,-0.35621214101944515
-0.653075606963657,-0.7474456126461646,-0.46491178557809215,1.5444287057122081,1.899905549888868,1.4449501316631788,0.7684792715551773,1.4136839645840367,0.8118122088706097,1.2653138455033308,0.5259070572870819,1.6454210870292938,0.30168759426052255,-0.6843589422310328,0.8456454734263018,0.06874728998804351,1.1605681032913915
0.740369462260893,-0.8583719571587995,2.503776623011262,-0.48605228870748857,-0.6230378502317826,-1.33128206015222,0.7209395207424534,-1.031191601614447,0.7744444899712012,-1.469332496695443,0.9012333383465031,-0.6161265831980012,1.045812273774136,0.7397124092655679,0.8013692454369957,0.27613842338782535,0.24626417118102986
-0.07930410787119559,-0.1928138900829889,0.27726031656924627,-0.8728105733588598,-0.37324147398220187,-0.029923220238752032,0.38816126505338583,-0.8405723409223997,0.49970298737076374,0.0699531769801072,-0.11989631814444013,-0.8872320827849947,-0.12981466282455675,-0.0711030086494866,-0.590169348512653,-0.16168730267838022,-0.2076387548416448
1.3961083183665643,-0.3037402345956241,-0.37214027280967477,-0.0026044328932750627,-1.2725084284806372,-1.9385828521118385,-1.4658890166428475,-0.7295580473227278,-1.7302093293295229,-2.501568927563423,0.07156585343217195,-0.07445195048714248,0.475701083277476,1.4017931676647082,-0.21540270446030418,0.160921127054613,0.3927517538811713
0.6584021052476844,-0.7474456126461646,-1.0215408621885957,0.38415385175809563,-1.2403917515342913,-1.5047965721406826,-0.8954120068901603,-0.5814427299733397,-0.8636652753719254,-1.7352404416114184,0.6740625191243508,0.28516568385674634,0.8250286895659765,0.6752556103391141,-0.3403249191444206,0.27613842338782435,0.1846527453794363
-0.5711082499504484,0.4727441769928217,-0.27936876004125744,-0.9695001445217023,-0.37680999364289375,0.9244065956977916,1.671734536996932,-1.3502935043163888,1.4488122710881348,0.8872681726876441,-0.7256944897566618,-0.906276406682263,-0.7787220868884351,-0.5535961296830398,-0.8906151812972359,-0.4497305435114086,-0.5265260172912966
-1.1448797490429112,-0.4146665791082593,-0.18659724727284058,0.5775329940837812,1.82139811735329,0.750892083709329,-0.27739524632474916,1.609524970784544,-0.13392183626255794,0.7518515263711428,-0.023501108473189793,0.7964041825800406,-0.2707151614387984,-1.1622361998073967,0.33488755769251066,-0.3575567064448401,-0.6246791155572483
0.6584021052476844,0.02903879894228149,-0.9287693494201784,0.8676017075723091,-0.7407989990351298,-1.0710102921695264,-1.061801134734694,-0.9005446326752814,-1.0928098066275784,-1.1041244592143058,0.204907172325524,0.2084724045239714,-0.1071693071683043,0.6622799769187546,0.02653525562412293,1.6817894386530066,1.5119457660661006
1.887912460445817,2.580344722732889,1.0194324187165842,-0.2926731463818035,-1.6329289142121812,-1.1577675481637577,-1.4658890166428475,-1.3502935043163888,-1.7302093293295229,-1.2217781224792306,-1.4698303475556347,-0.35013249166431387,-1.1663562732965884,1.8962150421620751,0.2827048604193989,0.08026901962136444,-2.108560398504694e-05
-1.3088144630693284,0.02903879894228149,0.09171729103241152,-0.3893627175446463,1.9034740695495995,0.6641348277150978,0.8635587731806251,1.7308717732832533,0.8852465743277103,0.6821771964116963,-0.6099488378415133,-0.02782046905268793,-0.6959287402876906,-1.323759692522308,-0.2707479894469384,-1.0027735659108254,-1.2442028600270432
0.002663249142012967,-0.6365192681335294,-1.1143123749570132,-0.2926731463818035,1.164790499783012,0.14359129174971055,-0.03969649226112952,1.428878958357032,0.10722854746078214,0.2330774146353509,0.27898196098915695,-0.1822995633465552,0.40576182387839316,-0.02752791265936867,-0.8083879007456658,-0.3690784360781621,-0.5514754358125163
0.16659796316843153,-0.8583719571587995,-0.46491178557809215,-0.6794314310331742,-0.49813966210697247,-0.29019498822144535,-0.3487048725438351,-1.031191601614447,-0.210010708302956,-0.18954169161124898,0.9530877376433202,-0.8398084049387842,0.8054025153583395,0.17324720927297363,-0.7546239096157931,0.36831226045439386,0.8771394999619262
2.2977492455118615,0.5836705215054568,-0.0938257345044232,-0.19598357521896068,-1.4901881277838325,-0.29019498822144535,-1.061801134734694,0.039292727020321674,-1.0928098066275784,-0.18954169161124898,-0.6638224419677938,-0.260691024100608,-0.1146016291061262,2.2954227155124696,-0.21065882289002183,0.11483420852132825,0.09849301711002063
-1.1448797490429112,-0.7474456126461646,-0.46491178557809215,2.124566132689265,1.5252109855145166,0.8376493397035604,0.5070106420851956,1.42130748049893,0.6005912946825762,0.8201986452008109,0.5259070572870819,2.249153154423501,0.10543468352097635,-1.1561205433310318,1.2631070516111969,0.13787766778797012,-0.6341053428120487
-1.4727491770957455,-0.5255929236208943,0.462803342106081,1.1576704210608375,1.1469479014794735,2.52941583159107,0.7447093961488154,1.0661721522227117,0.793183627434161,2.530809295077329,-0.08174391537202766,1.7293521664744405,-0.2756930693972171,-1.468636289160797,1.2789199901788064,-0.7608172436110809,-1.224467950199972
-0.07930410787119559,-0.35920340685194174,-1.3926269132622648,-0.776121002196017,0.07996052292772741,-0.9842530361752951,-1.656048019893743,0.967753400325564,-2.0814082090060637,-0.9902064706735354,-0.46179440905816965,-0.2681187179189202,0.04001904918034268,-0.08189292963293919,-1.2195243035035164,-1.5500557234935821,-1.4268510549408169
1.4780756753797728,-1.0802246461840699,-0.001054221736005843,0.4808434229209384,-1.483051088462409,-0.8974957801810638,-0.6339433774201787,-0.6286505862834514,-0.5341448331772878,-0.8797942129914668,0.6822905887841486,0.9830461843520159,1.8280953667986943,1.4883877619863444,0.38074507953857883,-0.8990779992109361,-1.077418805025075
0.740369462260893,0.4727441769928217,-0.8359978366517611,-0.09929400405611787,-0.027095066893504497,-0.4637095002099079,-1.703587770706467,1.1072589678555496,-2.1756699967926956,-0.37358794334610596,-0.5312401277934914,-0.24307232352331037,-0.43527893091317016,0.7241571594452656,-0.539567945096302,0.345268801187752,0.5398811222667488
-0.653075606963657,-1.1911509906967048,-1.0215408621885957,-0.19598357521896068,0.543868078819772,0.750892083709329,0.293081763427938,0.31805501330887553,0.4166051548611586,0.7518515263711428,2.292146821480593,-0.7335790702750719,1.0559100303040534,-0.6544576823486921,-0.7008599184859203,1.6587459793863668,2.0214433770894358
1.5600430323929815,-0.1928138900829889,1.6688330080955056,-0.09929400405611787,-0.8692657068206319,-0.9842530361752951,1.3151864059015026,-0.10130244491882175,1.2124774066676323,-0.9902064706735354,0.11943195475672769,-0.3383825504488713,0.39855904225369654,1.5515713378838654,0.8266699471451706,0.6217903123874604,0.4036621105335384
-1.5547165341089555,2.0257130001697132,-0.6504548111149269,2.3179452750149507,1.3646276007826688,0.577377571720867,1.2914165304951406,1.0450435667450575,1.1960745885083495,0.6111230874510375,-1.209010671636997,1.9637072252603944,-1.604664310666218,-1.5529818598321872,1.2219934113354118,0.9098335532204899,0.9125981590821154
2.2977492455118615,1.5820076221191726,0.18448880380082888,-0.0026044328932750627,-1.3474473413555232,-0.8107385241868326,-1.2519601379855898,-0.41045614462078606,-1.3768245475962362,-0.7726783407028834,-1.2025694505615299,0.03073881344009984,-0.7122805600708941,2.291054413262315,0.09769347917836635,-0.10407865451177455,0.15095899689418874
-1.0629123920297012,-0.08188754557035371,0.09171729103241152,-0.6794314310331742,1.6501091736392872,0.4906203157266358,1.3864960321205884,1.5297864193963087,1.2611807176678118,0.5386334452652105,-0.2203547272940325,-0.6910874789983611,-0.537836242496628,-1.0787285483806037,-0.5079420679610827,-0.1271221137784164,-0.25757770348942105
-0.3252061789108227,0.3618178324801865,-0.5576832983465095,0.09408513826956774,-0.38394703296431715,0.14359129174971055,-1.4421191412364855,-0.6779572458674805,-1.6889337690960822,0.2330774146353509,-0.7246492486601771,0.34311953363176273,-0.643699299768145,-0.3121417514039835,-0.25177246316580676,-0.564947839844622,-0.3195501337390728
-0.3252061789108227,-0.5255929236208943,0.462803342106081,-0.3893627175446463,1.350353522139822,1.1846783636804856,0.1504625109897662,1.4098524678578341,0.28770826227459045,1.081267593768474,0.14371014164865414,-0.29011623546139276,0.1424111309577187,-0.3521106489266886,-0.08731790206266664,-0.36907843607816104,-0.008845638778691794
2.2977492455118615,1.0273758995559972,-2.134799015409603,-0.8728105733588598,-1.5829696389622572,-0.9842530361752951,-1.2281902625792278,0.4532572954238153,-1.3398938880642481,-0.9902064706735354,-1.0944563071697833,-0.7083988624429962,-0.41613324500762516,2.2982640061669266,-1.576896715131494,-0.7262520547111171,-1.2150818345505097
-0.3252061789108227,0.02903879894228149,-0.9287693494201784,-0.3893627175446463,0.044275326320650114,0.6641348277150978,0.10292276017704227,0.06539315945646018,0.24354620819824443,0.6821771964116963,0.01971262456028833,-0.7217179874009777,-0.4015490237279979,-0.32204695667852046,-0.7751807297536858,0.9559204717537736,0.9632992282313418
-0.2432388218976127,-0.6365192681335294,0.5555748548744983,0.38415385175809563,-0.2768914431430852,1.3581928756689476,1.4578056583396743,-1.3502935043163888,1.3091442028688511,1.2050079679899344,0.27898196098915695,0.5416772799891525,0.3120956416605507,-0.23421327771717163,0.6543089167582257,-0.2884263286449135,0.20001549022449486
-1.1448797490429112,-1.0802246461840699,-0.7432263238833442,1.5444287057122081,2.078331532924294,0.23034854774394187,0.4832407666788337,1.6565992427987961,0.5806698696426701,0.3119402649770985,1.5465300969337774,1.1574431955358042,0.6069671135640922,-1.167533121332776,0.6131952764824403,0.9559204717537736,0.6315762520730248
0.9862715333005201,0.02903879894228149,0.18448880380082888,1.8344974192007366,-0.7729156759815152,-1.33128206015222,-0.8003325052647124,0.47129374484483205,-0.7398244853787111,-1.469332496695443,-0.6099488378415133,2.5555054229815535,-0.0090427349817401,0.9851919455113675,1.6299672263797398,-0.737773784344438,-0.5726543634318131
0.9862715333005201,-0.6365192681335294,-0.001054221736005843,0.8676017075723091,-0.5623730159997433,0.750892083709329,-1.2044203871728658,-0.8405723409223997,-1.3033901821391358,0.7518515263711428,0.797526189658074,0.45548963672042986,0.7804265527497648,0.9795420987064019,0.6906786754637273,1.0365725791870222,1.5203692031874139
-1.636683891122164,1.803860311144443,-0.37214027280967477,-1.2595688580102304,1.8071240387104432,1.8787364116343352,1.1487972780569686,1.522875386451632,1.0958269498392674,1.5525163054334292,-1.2295066979353557,-1.3365483419880735,-1.561224951456396,-1.6415630876055796,-1.140459610665468,-0.00038308781188310046,-0.17827705973307303
0.002663249142012967,1.4710812776065372,-0.37214027280967477,-1.6463271426616015,-0.751504558017245,-0.5504667562041392,0.5307805174915576,-1.1793069189638352,0.6203878196850902,-0.46927668735086014,-1.162820426523471,-1.6751052836388447,-1.1279229800345685,0.018438770749163245,-1.4250925048824414,-0.3114697879115554,-1.03494061497046
0.4125000342080572,-0.5255929236208943,-1.2998554004938478,0.38415385175809563,-0.6337434092138979,-0.9842530361752951,0.43570101586610976,-0.9005446326752814,0.5404459448543757,-0.9902064706735354,0.4593458214776082,0.18085638929131856,0.41119240261446344,0.41804002469643675,-0.5158485372448876,0.529616475320891,0.3358734975096484
-0.2432388218976127,-0.1928138900829889,0.09171729103241152,0.4808434229209384,0.4974773232305794,0.05683403575547927,0.03161313395795637,1.055658166400302,0.17612296189152724,0.1524422178765131,-0.08000827266091222,0.4584748595737512,-0.182652033332382,-0.2522722574329706,0.44083424609549543,0.11483420852132825,-0.2644367880024887
-0.3252061789108227,-0.1928138900829889,-1.2998554004938478,-1.452948000335916,-0.7265249203923226,-0.8107385241868326,-0.06346636766749149,-1.1793069189638352,0.08392559745065886,-0.7726783407028834,-0.5985528639467761,-1.1184217940972236,-0.20907071858629486,-0.3042003284497505,-1.5674089519909284,-1.613425236476849,-1.4756468228364157
-1.636683891122164,-0.08188754557035371,-1.0215408621885957,-0.48605228870748857,1.4716831906039007,2.52941583159107,0.6020901437106435,1.3178646647573604,0.679043414640239,2.1135040246364536,-0.2203547272940325,-0.4915513263554094,-0.7159177758721261,-1.6350873963340355,-0.8811274181566701,-0.10407865451177352,-0.5860917512205734
-0.16127146488440414,-0.08188754557035371,1.2977469570218363,0.19077470943241,-0.4374748278749331,-1.1577675481637577,-0.8241023806710743,-0.9639457283928805,-0.7703323110645232,-1.2217781224792306,0.2789845798897035,-0.33552209560326834,-0.2579938329065595,-0.1500149685070023,0.9231288724075889,1.4743983052532257,1.743550175296831
-1.4727491770957455,0.02903879894228149,1.6688330080955056,-0.0026044328932750627,2.0069611397101,-0.029923220238752032,0.7209395207424534,1.42130748049893,0.7744444899712012,0.0699531769801072,-0.2395597423110416,-0.087682465893128,-0.7449920263809724,-1.4856309439233697,0.9326166355481553,0.1954863159545768,0.6761803572106366
-0.48914089293723984,-0.1928138900829889,-0.46491178557809215,0.7709121364094663,0.11564571953480472,0.4906203157266358,-0.6339433774201787,-0.6779572458674805,-0.5341448331772878,0.5386334452652105,0.5980885005590634,-0.020974719596621987,-0.2619080890941201,-0.48433159292400757,0.2890300358464425,2.108093435085891,1.487156793966243
1.1502062473269372,-0.8583719571587995,-0.9287693494201784,-0.19598357521896068,-0.9192249820705559,-0.4637095002099079,-0.5150940003883688,-1.031191601614447,-0.39502385590537664,-0.37358794334610596,1.0049421369401381,-0.4079298971645413,1.2175335297854197,1.15022814491279,-0.6518398089263303,0.5411382049542119,0.7925441243007547
-0.653075606963657,-1.52393002423461,0.741117880411332,-1.5496375714987587,-0.01638950791138923,-0.6372240121983705,-0.2536253709183872,0.3583946297222634,-0.10896095216611,-0.5675873644269371,1.6123698616363198,-1.3321055356395413,1.9044082506287878,-0.6420369815861274,-1.0313503345489616,-1.302338536377177,-1.799467812742837
0.08463060615522153,-0.9692983016714347,-0.18659724727284058,1.5444287057122081,-0.20552104992893064,0.31710580373817315,0.055383009364318336,-1.031191601614447,0.19875772114794182,0.38910700786658775,1.2614838772120713,1.2094360443404173,0.9644696082354014,0.08568231041266143,1.0780956703701634,0.8522249050538832,1.6366928586721925
0.002663249142012967,2.580344722732889,0.741117880411332,-0.776121002196017,-0.5909211732853972,0.40386305973240444,0.934868399399711,-0.9639457283928805,0.9392228527148092,0.4646490664410443,-1.5105005882561933,-0.7695071825475341,-1.4761288922682347,0.014567711906234328,-0.31028033586596254,-0.20777422121166497,0.03254953793175266
-1.2268471060561197,-0.5255929236208943,-0.001054221736005843,1.2543599922236803,0.11564571953480472,0.9244065956977916,-1.5609685182682953,-1.5525277109205653,-1.9009284941922555,0.8872681726876441,1.0455263697313806,0.3895263074267447,-0.18609931217830236,-1.2071940142547488,1.0006122713888768,2.1311368943525353,1.4736391829668065
0.33053267719484863,0.5836705215054568,-0.8359978366517611,-1.452948000335916,-0.9406361000347865,-0.9842530361752951,-0.3249349971374731,0.140200188059598,-0.1844434803938194,-0.9902064706735354,-1.2609348827224958,-0.9029777623404686,-0.6141553578307699,0.34523417866729866,-1.4250925048824417,-2.2240769070428708,-2.4908715539811577
-0.16127146488440414,-0.9692983016714347,0.9266609059481667,2.3179452750149507,-0.4374748278749331,-0.5504667562041392,-0.372474747950197,-0.014826162234466606,-0.23578665058535841,-0.46927668735086014,0.9339824941531583,2.385681195717063,0.8560141066637911,-0.1500149685070023,2.754267158536786,0.2530949641211835,-0.5473038288571984
0.740369462260893,0.2508914879675513,-0.37214027280967477,0.19077470943241,0.28693466324880745,-0.9842530361752951,0.24554201261521405,0.140200188059598,0.37422149305647134,-0.9902064706735354,0.20984641791330363,-0.5721331485537058,-0.27071296722823435,0.7159813967655416,-0.07308625735181777,2.315484568485674,2.4210753010876602
0.49446739122126576,-0.4146665791082593,-0.001054221736005843,1.1576704210608375,-0.6337434092138979,-1.4180393161464513,-0.22985549551202525,-0.0717215665793504,-0.08419584172473729,-1.599823795294917,-0.5852575689834205,2.549724179374758,0.30168950226698166,0.49852809946286,0.9231288724075893,-1.7862511809766652,-1.1320106998922415
0.9862715333005201,-1.1911509906967048,-0.5576832983465095,0.8676017075723091,-1.0619657684988653,-1.33128206015222,-0.7290228790456266,-0.41045614462078606,-0.6500306980473303,-1.469332496695443,1.0110392633543592,1.2937883162897046,1.8640093455672044,0.9929594748720658,0.2921926235599645,-0.6340782176445486,-0.4818818005483466
2.133814531485443,-1.30207733520934,-1.3926269132622648,0.2874642805952528,-1.7613956219976437,-1.0710102921695264,-1.061801134734694,-1.4468080202105298,-1.0928098066275784,-1.1041244592143058,1.445699183511579,0.47129913732909084,2.7630177504294338,2.142241651539171,-0.6281204010749158,-0.36907843607816104,-0.2944402687964951
0.002663249142012967,-1.0802246461840699,1.5760614953270884,-0.5827418598703313,0.07996052292772741,0.40386305973240444,-0.7765626298583505,-1.2615087562840905,-0.7096086050858172,0.4646490664410443,1.4312981625138275,-0.7725603300787051,1.1412107243542304,-0.0015668025401418368,0.25424157099770206,0.47200782715428424,1.5644919690609504
-0.16127146488440414,-0.3037402345956241,0.09171729103241152,-0.09929400405611787,0.6152384720339662,0.23034854774394187,2.551219927032325,0.8846715810477487,1.9657643790776422,0.3119402649770985,0.07156585343217195,-0.1717430266347061,-0.04633205702735669,-0.17480656374629827,-0.033553910932793654,0.14939939742129207,0.34931088529840737
0.16659796316843153,-1.1911509906967048,-0.8359978366517611,0.09408513826956774,-0.35539887567866324,-0.11668047623298272,-0.6339433774201787,0.5065099470716516,-0.5341448331772878,-0.014476959580863336,1.5600853596941742,-0.031020784356152693,1.459959687935629,0.16974618196336605,-0.4130644365554248,0.31070361228778814,-0.2722585510437069
-1.5547165341089555,1.2492285885812675,0.09171729103241152,2.3179452750149507,1.3646276007826688,0.31710580373817315,0.958638274806073,1.1072589678555496,0.9570118315684041,0.38910700786658775,-0.9176547731723411,2.012114798355997,-1.3714909052971502,-1.5529818598321872,1.9430634100184112,0.8291814457872413,0.8238712880709669
-0.3252061789108227,0.8055232105307267,0.5555748548744983,2.3179452750149507,-0.6337434092138979,0.05683403575547927,-0.13477599388657738,-1.5525277109205653,0.012966759674150239,0.1524422178765131,-0.787734143309021,2.2605338770543755,-0.901993112039223,-0.30635264820138514,2.3937321591952863,0.43744263825432145,0.29881037417587836
-1.4727491770957455,0.8055232105307267,0.09171729103241152,-1.2595688580102304,1.8927685105674446,2.2257654356112604,0.4832407666788337,1.659667618750812,0.5806698696426701,1.7667958020916799,-0.9951521849613,-1.1312855803878274,-1.1767477104141864,-1.483379112784807,-0.9823302249893717,-0.7953824325110447,-0.9904167330435287
-0.3252061789108227,-0.7474456126461646,0.9266609059481667,2.3179452750149507,-0.06991730282200519,-0.11668047623298272,-0.6814831282329026,0.48904159866142893,-0.5915561492431368,-0.014476959580863336,0.5752922112328387,2.369729753068677,0.43252286808688567,-0.3194079080436695,2.754267158536786,0.27613842338782535,-0.40065579973569904
-0.9809450350164927,-0.6365192681335294,-1.2070838877254306,-0.776121002196017,0.82934965167643,1.0979211076862543,0.934868399399711,1.117297201065335,0.9392228527148092,1.017759471287118,-0.003860345557524757,-0.4500080824928455,0.031097095007021982,-0.9813987711530348,-1.1404596106654683,-1.117990862244038,-1.5258665527215682
-0.9809450350164927,0.4727441769928217,-1.3926269132622648,1.5444287057122081,0.6509236686410436,0.577377571720867,-0.15854586929293935,-1.031191601614447,-0.011045032048426011,0.6111230874510375,0.019713897768825848,0.5047074246827092,-0.8860480731307054,-0.9776147565210574,0.07081148361342986,2.499832242618813,2.5461432865364677
0.6584021052476844,-0.4146665791082593,2.503776623011262,-0.9695001445217023,-0.4695915048213185,-0.20343773222721404,-0.9667216331092462,0.6216431358584676,-0.9598413011043403,-0.10094175185183701,0.14934703322226583,-1.0128884279040848,0.35892996863756005,0.6552513920665701,0.20047757986782952,-0.08103519524513064,-0.35484834643789837
-0.8989776780032841,-0.1928138900829889,0.5555748548744983,0.964291278735152,1.114831224533088,0.14359129174971055,1.4340357829333124,1.180420680162957,1.293237189907237,0.2330774146353509,-0.11989631814444013,1.011046343500963,-0.39400151536368344,-0.9073528421653128,1.1761358894893437,0.05722556035472155,0.275064303814846
-1.2268471060561197,-0.1928138900829889,-0.37214027280967477,1.9311869903635794,1.6501091736392872,0.31710580373817315,0.43570101586610976,1.2666609340775468,0.5404459448543757,0.38910700786658775,0.07954390927319978,1.659928809281094,-0.4996762563793344,-1.2386728005525625,1.207761766624563,0.7485293383539927,0.41064152986262453
-1.2268471060561197,0.3618178324801865,-0.46491178557809215,1.9311869903635794,0.9435422808190853,1.1846783636804856,1.9807429172796376,0.8597443028186184,1.6402366602736516,1.081267593768474,-0.69119473814646,2.2863427743076485,-0.8874331278258865,-1.2242116664755294,1.123953192216232,-0.23081768047830684,-0.313212500095417
-1.0629123920297012,2.580344722732889,-0.001054221736005843,1.3510495633865227,1.6501091736392872,2.52941583159107,1.1250274026506069,1.3865813234310989,1.0788051544662989,2.530809295077329,-1.32748450510368,0.906084708428426,-1.6512177638609042,-1.0787285483806037,1.0780956703701634,1.082659497720308,0.22877551125297432
0.5764347482344758,-0.3037402345956241,-0.18659724727284058,-0.19598357521896068,-0.5980582126068206,-0.7239812681926012,-0.2536253709183872,-1.1027788392794577,-0.10896095216611,-0.6686677176331566,-0.0943683902510577,-0.09291597605064042,0.20094679890651132,0.5780994175232044,-0.25967893244961154,-0.3229915175448773,0.2743422949187338
0.33053267719484863,-0.8583719571587995,0.5555748548744983,-0.2926731463818035,-0.9370675803740945,-1.0710102921695264,-1.9175166493637248,-1.1027788392794577,-2.638575655563282,-1.1041244592143058,0.1752717481910607,0.2417439456475838,0.8740910177628526,0.345144773819269,0.0455107819052546,-1.3138602660104979,-0.8261597091779525
0.08463060615522153,2.580344722732889,-1.2070838877254306,1.5444287057122081,0.8650348482835073,-1.33128206015222,1.1012575272442449,0.8470673968451634,1.0616910995893223,-1.469332496695443,-1.388489866154518,1.2566843273059225,-1.462660517530337,0.059778445876922055,0.22577828157600435,0.7600510679873137,0.9427620862974783
-0.8170103209900755,-0.3037402345956241,1.3905184697902535,-1.1628792868473878,1.5787387804251327,-0.37695224421567664,0.5070106420851956,1.491231545442509,0.6005912946825762,-0.28038490449683706,-0.260302633934287,-0.9885355889292526,-0.26613548452412855,-0.8372739380222664,-0.4383651382636005,-0.8990779992109351,-0.222560272027969
0.8223368192741014,1.1383022440686323,0.9266609059481667,0.8676017075723091,-0.8764027461420553,-0.4637095002099079,-0.49132412498200684,-0.5361622715405847,-0.3679203813793834,-0.37358794334610596,-1.1401884790286614,1.2172422738558033,-0.8069647328706137,0.8268848823814939,1.3548220953033319,-0.5073391916780153,-0.08489724250253433
-0.48914089293723984,-0.1928138900829889,0.09171729103241152,-0.48605228870748857,0.21199575037392135,0.577377571720867,0.293081763427938,0.18740804436970973,0.4166051548611586,0.6111230874510375,0.3587602276578955,-0.8940055516069038,-0.2619080890941201,-0.48651245626776096,-0.3498126822849862,1.2670071718534448,1.2027655121086271
-0.8989776780032841,-0.4146665791082593,-0.37214027280967477,-0.6794314310331742,1.22188681435432,0.8376493397035604,-0.08723624307385346,1.2311629543312825,0.06044938971628145,0.8201986452008109,-0.2827733210163731,-0.2981898092010303,-0.18485446188293106,-0.9096418842236972,-0.7135102693400079,-1.1986429696772856,-0.9448900609831059
0.4125000342080572,-0.6365192681335294,-1.2070838877254306,-0.3893627175446463,-1.5758325996408338,-0.8107385241868326,-1.1568806363601418,-1.669395407018331,-1.2316249248984419,-0.7726783407028834,-0.09814111440641866,0.11285751729964894,0.5618721275747977,0.4418798823717973,-0.9127532952918895,-1.302338536377177,-1.5716740060193675
0.49446739122126576,-1.4130036797219752,2.2254620847060087,1.0609808498979947,-1.0976509651059425,-0.029923220238752032,0.293081763427938,-1.3502935043163888,0.4166051548611586,0.0699531769801072,1.5926179541719996,1.4532406791748549,2.2249563505394145,0.5103571615976429,2.5154917861658794,-0.5188609213113352,-0.7152110088086764
0.33053267719484863,-0.08188754557035371,1.0194324187165842,-0.09929400405611787,-0.34469331669654796,0.40386305973240444,0.5545503928979196,0.47129374484483205,0.6400610010521738,0.4646490664410443,-0.48922973885450594,0.2583537197104493,-0.10535251858470443,0.3303285333263605,0.4724601232307147,-0.8645128103109724,-0.8783850193300851
-0.07930410787119559,-0.1928138900829889,-0.001054221736005843,-0.09929400405611787,1.0077756347118563,1.6184646436516414,-0.5626337512010927,1.0450435667450575,-0.4499388990964361,1.3829675087682554,0.039655863789671876,-0.25938323361478866,-0.12981466282455675,-0.10389675332600572,-0.08415531434914462,0.3913557197210367,0.5606589338326492
-1.3088144630693284,0.13996514345491606,-0.18659724727284058,0.38415385175809563,1.0077756347118563,0.05683403575547927,2.1233621697178093,0.7948593042719118,1.7248185585622304,0.1524422178765131,-0.22167856792145216,0.15345786442170628,-0.7720611630792562,-1.3056452563332468,0.1862459351569802,0.5987468531208175,0.44265059092360803
-1.1448797490429112,0.13996514345491606,0.09171729103241152,-1.452948000335916,1.2789831289256675,-0.29019498822144535,-0.5150940003883688,1.4512881487866216,-0.39502385590537664,-0.18954169161124898,-0.5435339595368769,-1.3872270761121879,-0.7246897086035646,-1.151028695089101,-1.1404596106654683,-0.6571216769111905,-0.8663515377282109
-0.8170103209900755,0.3618178324801865,-0.37214027280967477,0.8676017075723091,0.6152384720339662,1.1846783636804856,0.24554201261521405,0.5065099470716516,0.37422149305647134,1.081267593768474,-0.5908312066053094,0.9410670084027187,-0.7766450241632765,-0.8164473107178672,0.42502130752788575,-0.011904817445205055,-0.10142322390244081
-1.3088144630693284,-0.4146665791082593,0.462803342106081,0.09408513826956774,0.8650348482835073,0.40386305973240444,0.3406215142406619,0.6824373744435721,0.458427427137323,0.4646490664410443,0.3221951749177211,-0.10438764935127663,-0.3279556278093763,-1.3027500610792588,0.33963143926279393,0.5065730160542481,0.2793161339808428
-1.7186512481353726,0.9164495550433619,-0.9287693494201784,-1.6463271426616015,0.07282348360630403,0.9244065956977916,-0.7290228790456266,-1.2615087562840905,-0.6500306980473303,0.8872681726876441,-0.9597592752731111,-1.6399022527708198,-1.2819611481402475,-1.6882780901747028,-1.5768967151314939,-0.4842957324113724,-0.5366341418368711
1.0682388903137285,0.8055232105307267,-1.3926269132622648,0.674222565246624,-0.0627802635005818,-0.37695224421567664,0.5783202683042816,0.48904159866142893,0.6596123662739154,-0.28038490449683706,-0.4025292088119316,0.014873843602929803,-0.5683625282981952,1.0465209976145653,-0.4130644365554248,1.7393980868196133,1.7893175169892894
-0.8989776780032841,-0.8583719571587995,0.9266609059481667,0.2874642805952528,1.1505164211401653,-0.11668047623298272,-0.3249349971374731,1.1661692995471056,-0.1844434803938194,-0.014476959580863336,0.8493789390496853,0.1934317008218432,0.35892724972900164,-0.9081160092466116,0.7950440700099508,0.2530949641211825,-0.5473038288571999
1.7239777464193986,1.803860311144443,0.27726031656924627,-0.6794314310331742,-0.9299305410526713,-0.8974957801810638,-0.8954120068901603,0.1034271895079927,-0.8636652753719254,-0.8797942129914668,-0.9702339943474313,-1.0860924532345901,-0.9211712516402492,1.7144090435944035,-0.42571478740951246,1.3361375496533725,1.416079029304508
-1.2268471060561197,-0.9692983016714347,-1.2070838877254306,1.5444287057122081,2.149701926138449,1.2714356196747167,-0.08723624307385346,1.491231545442509,0.06044938971628145,1.143671170989933,1.1523167495257667,1.3294492060929235,0.3860402665201432,-1.2488632773207935,0.22577828157600435,0.6217903123874604,1.4279520644850257
-0.8170103209900755,0.02903879894228149,0.18448880380082888,0.674222565246624,1.3646276007826688,-0.20343773222721404,1.3389562813078644,0.7259416640431159,1.2287954553625056,-0.10094175185183701,0.24194608187857186,0.003335623594704244,-0.5487388820078443,-0.8326555410862043,0.6622153860420305,1.773963275719578,2.5116071943390894
-1.5547165341089555,-0.4146665791082593,-0.7432263238833442,-0.19598357521896068,2.2210723193526034,0.23034854774394187,0.10292276017704227,1.6718569414079725,0.24354620819824443,0.3119402649770985,0.10613499779840166,-0.17906750963538812,-0.4138163273652437,-1.5696934137155403,-0.5537995898071508,-0.10407865451177455,0.20992305674337056
-1.3088144630693284,1.1383022440686323,-0.27936876004125744,1.641118276875051,1.6501091736392872,-0.11668047623298272,1.1012575272442449,1.275360721414701,1.0616910995893223,-0.014476959580863336,-0.7853943803844055,1.1905790204515194,-1.2769398097842697,-1.3186449266385425,1.073351788799881,1.082659497720306,0.8674324914697464
-1.3088144630693284,2.358492033707618,2.503776623011262,2.3179452750149494,2.4708686956021446,0.750892083709329,2.503680176219601,1.6411287381940916,1.9398827965070022,0.7518515263711428,-0.990917660551671,1.08986510341686,-1.6421473267426494,-1.3351875603521053,4.28654090573816,2.6726581871186292,2.147233371434353
2.0518471744722344,0.8055232105307267,-1.0215408621885957,-0.5827418598703313,-1.4545029311767552,-0.8107385241868326,-0.08723624307385346,-0.29755702949821744,0.06044938971628145,-0.7726783407028834,-0.7284718456940842,-0.7287181041077088,-0.3328585868339409,2.052304937650172,-0.9412165847135866,0.3222253419211081,0.5758211206510075
0.08463060615522153,-1.0802246461840699,-0.46491178557809215,0.674222565246624,-0.027095066893504497,0.31710580373817315,-0.8478722560774363,-1.031191601614447,-0.8011377787729798,0.38910700786658775,1.4312981625138275,0.43716051186997407,1.1793709822678118,0.0813541379619994,0.21945310614896074,0.6217903123874604,0.9798252096312483
1.7239777464193986,-1.0802246461840699,-0.001054221736005843,0.38415385175809563,-1.8720197314796072,-0.6372240121983705,-1.5134287674555713,-1.3502935043163888,-1.8144152634103718,-0.5675873644269371,0.5094426871542225,1.0792118363229293,1.942576140539438,1.7417310392014642,0.30326168055729136,-1.256251617843892,-1.6486481766660197
-0.8989776780032841,-0.9692983016714347,-0.27936876004125744,0.964291278735152,0.07996052292772741,0.750892083709329,-0.8003325052647124,-0.7295580473227278,-0.7398244853787111,0.7518515263711428,1.7527359518004408,0.24584982903114289,0.530647601948958,-0.8851542005609155,0.5641751669228506,1.8200501942528617,0.7923435662740572
-0.735042963976867,0.6945968660180921,1.0194324187165842,-0.48605228870748857,0.3832846940879241,-0.8107385241868326,1.4102659075269504,0.6824373744435721,1.2772496347645668,-0.7726783407028834,-0.9411190725274239,-0.26516630705484673,-0.9441300113396697,-0.7311591133066517,0.09294959760808355,-0.7147303250777961,-0.9293267581113485
0.740369462260893,0.3618178324801865,-1.3926269132622648,1.5444287057122081,-0.027095066893504497,-0.8107385241868326,-1.109340885547418,0.5899490597007058,-1.1614545839158594,-0.7726783407028834,0.11171351418274646,0.5088674295916434,-0.35565023024535863,0.7241571594452656,0.07081148361342986,2.488310512985492,1.9944883783012406
1.8059451034326086,0.4727441769928217,1.483289982558671,-0.3893627175446463,-0.7693471563208233,-1.5915538281349135,-0.3249349971374731,0.6971292077636988,-0.1844434803938194,-1.8759688805315238,-0.5636491881206861,-0.4905972465526093,-0.156231366683267,1.7902853161453904,0.4171148382440809,0.1954863159545768,0.09620665560566427
-0.3252061789108227,-0.6365192681335294,0.09171729103241152,-0.2926731463818035,-0.16983585332185333,0.31710580373817315,1.1250274026506069,-0.9005446326752814,1.0788051544662989,0.38910700786658775,1.0332281117803086,-0.7718971940376059,0.28087358092126896,-0.31709734564357833,-0.19168329660889016,1.4743983052532277,1.4287542965918167
-0.5711082499504484,-1.52393002423461,-1.485398426030682,-0.3893627175446463,0.47963472492704073,1.0979211076862543,-1.109340885547418,0.9903912717577839,-1.1614545839158594,1.017759471287118,2.2790678525354195,-0.3794539582625716,1.9534713614973,-0.5727999213297486,-1.0503258608300934,-0.1271221137784164,-0.1399704766337761
-0.8989776780032841,-0.5255929236208943,-0.001054221736005843,-1.452948000335916,0.6437866293196202,0.05683403575547927,1.1963370288696926,0.8212704853301495,1.1295977037836804,0.1524422178765131,0.14371014164865414,-1.4261284253527275,-0.0666409692197492,-0.8972646683949027,-1.1689229000871655,-0.49581746204469435,-0.6337844499693314
0.8223368192741014,1.3601549330939027,-1.0215408621885957,-0.5827418598703313,-0.7622101169994,0.8376493397035604,1.3151864059015026,-1.3502935043163888,1.2124774066676323,0.8201986452008109,-0.8618113115896678,-0.9044664130875405,-0.9118050648505224,0.8238699134863368,-0.9412165847135866,0.9559204717537736,1.1623330139263333
1.887912460445817,-0.3037402345956241,1.483289982558671,-0.48605228870748857,-1.4188177345696777,-1.5047965721406826,-0.27739524632474916,-0.6779572458674805,-0.13392183626255794,-1.7352404416114184,-0.343269755775902,-0.12504337982210736,0.6405536539000545,1.8899032574801817,0.31433073755461866,-1.0488604844441103,-0.5349895660179479
1.1502062473269372,-0.5255929236208943,-1.6709414515675167,-0.48605228870748857,-1.3581529003376385,0.23034854774394187,-0.8241023806710743,-0.8405723409223997,-0.7703323110645232,0.3119402649770985,0.3691641986693356,-0.590638842935604,0.6799736742712083,1.1622382222137677,-1.191061014081819,0.1954863159545768,0.004631860615406665
1.7239777464193986,0.3618178324801865,-0.7432263238833442,-0.5827418598703313,-1.5187362850695258,-0.11668047623298272,-0.42001449876292096,-0.6286505862834514,-0.2879785065486689,-0.014476959580863336,-0.8250127802013277,-0.2668755672295242,-0.08975878145509504,1.7314682063354196,-0.8131317823159486,-0.9912518362775046,-0.7565259623084447
1.64201038940619,1.2492285885812675,-1.1143123749570132,0.674222565246624,-0.8121693922492844,-1.8518255961176076,-2.8207719148054795,0.140200188059598,-2.8041417031446296,-2.334649750106048,-0.9974309664161743,0.5852322628636629,-0.684604208074837,1.6304753606114315,-0.22330917374410944,0.2876601530211463,0.6908210931595831
-0.16127146488440414,-0.9692983016714347,2.503776623011262,0.38415385175809563,1.2432979323185902,-0.8974957801810638,0.31685163883429995,1.3010580220276384,0.437585533678028,-0.8797942129914668,1.316067441055223,0.06517763627338052,0.8560141066637911,-0.18952762502384768,1.8829742434614951,0.8291814457872413,0.8893334279851597
-1.4727491770957455,0.9164495550433619,0.462803342106081,-0.09929400405611787,0.12991979817765148,0.8376493397035604,0.8397888977742632,-1.4468080202105298,0.8670474726790395,0.8201986452008109,-1.1037995934078213,0.2639251200656798,-1.2247206022692425,-1.4484325404391707,0.16885170273260977,-0.8760345399442923,-0.4625881183800085
-1.2268471060561197,0.8055232105307267,0.462803342106081,-2.3231541408015004,-0.13415065671477602,1.7919791556401041,-0.42001449876292096,-1.3502935043163888,-0.2879785065486689,1.4968854973090242,-0.9951521849613,-2.3158601160207235,-1.117871725048123,-1.2020437681989407,-1.7951152673645068,-0.922121458477578,-0.9429647039268063
0.6584021052476844,-0.08188754557035371,-1.7637129643359342,-0.48605228870748857,-1.3724269789804853,-1.7650683401233762,-1.1568806363601418,-1.3050130458836342,-1.2316249248984419,-2.175151703005463,-0.1051225794824014,-0.6052625512386072,-0.0035916423701340557,0.6786910164404923,-1.235337242071126,0.24157323448786053,-0.46696028336202383
-0.40717353592403127,-0.8583719571587995,1.0194324187165842,0.09408513826956774,-0.09846546010765911,-0.029923220238752032,-0.03969649226112952,-0.8405723409223997,0.10722854746078214,0.0699531769801072,0.7456701404560512,0.09272425502203238,0.564992756942542,-0.399114433137315,0.6622153860420305,-0.00038308781188310046,0.3588975589745672
-0.48914089293723984,-1.0802246461840699,0.462803342106081,-1.066189715684545,0.019295688695688075,0.31710580373817315,0.22177213720885208,0.3583946297222634,0.3528143914340528,0.38910700786658775,0.7975225232040992,-0.8903157363199573,0.9122491768727429,-0.4821495446039278,-0.6850469799183107,-0.8529910806776514,-1.2148411649184743
1.0682388903137285,0.9164495550433619,-0.001054221736005843,0.5775329940837812,-0.9334990607133631,-1.6783110841291449,-1.061801134734694,-1.031191601614447,-1.0928098066275784,-2.022442901541517,-0.5276383208689804,0.0054990300067855975,-0.6332349616021915,1.0700619599240773,0.45822847851986587,1.5089634941531904,1.536614403349944
0.740369462260893,-0.9692983016714347,-2.0420275026411856,1.5444287057122081,-0.20552104992893064,-0.6372240121983705,0.8160190223679012,0.5406424001166761,0.8487428684025978,-0.5675873644269371,0.9339824941531583,1.5897880505838984,1.2536842790930305,0.7288089335744821,-0.4715723092555806,0.16092112705461403,0.21032417279676827
-0.16127146488440414,-0.9692983016714347,2.503776623011262,0.964291278735152,1.3360794434969754,0.14359129174971055,0.38816126505338583,1.097129060014584,0.49970298737076374,0.2330774146353509,0.7702318026237011,1.1818781339309756,0.8560141066637911,-0.19169792344245878,2.6040442421444943,-0.2538611397449497,0.6749770090504492
2.0518471744722344,1.3601549330939027,0.27726031656924627,-0.776121002196017,-1.390269577284024,-0.9842530361752951,-1.109340885547418,0.039292727020321674,-1.1614545839158594,-0.9902064706735354,-1.1729384851846163,-0.6918210823587359,-0.6542225368804969,2.050383171884222,-0.5079420679610827,-0.4497305435114086,-0.3002965631760728
1.5600430323929815,-0.6365192681335294,-0.46491178557809215,0.19077470943241,-1.0191435325703644,-1.2445248041579886,-1.2044203871728658,0.5237074574389393,-1.3033901821391358,-1.3434207969926282,-0.2867026521042065,1.1077556300273883,0.998980977924731,1.5558385167983797,-0.12843154233845155,-1.6940773439100967,-1.6407060788087815
-0.3252061789108227,-0.7474456126461646,0.27726031656924627,-0.09929400405611787,0.05498088530276538,1.0979211076862543,-0.5864036266074547,0.18740804436970973,-0.477758774168862,1.017759471287118,0.8716031349073758,-0.35749198320321085,0.43252286808688567,-0.32229428036550717,0.06764889589990829,0.6793989605540651,0.4980447178975657
-0.653075606963657,0.6945968660180921,-0.001054221736005843,-1.1628792868473878,0.22626982901676812,-0.20343773222721404,0.19800226180249014,0.6371569160108173,0.33126116512017395,-0.10094175185183701,-1.0631296750110963,-0.872587435000203,-0.9239274690391982,-0.6474214629716891,-0.936472703143304,-1.256251617843892,-1.4703520909315908
-0.8170103209900755,0.6945968660180921,-1.1143123749570132,-0.48605228870748857,-0.34826183635723984,-0.20343773222721404,1.1963370288696926,-0.9005446326752814,1.1295977037836804,-0.10094175185183701,-0.8496111206646699,-0.3976176541950828,-0.9643325536401409,-0.7955074041284508,-0.925403646145977,-0.36907843607816104,-0.5800348988142969
1.9698798174590257,1.4710812776065372,2.503776623011262,-1.066189715684545,-1.6043807569264876,-1.7650683401233762,-1.9412865247700868,-0.8405723409223997,-2.6944626967287286,-2.175151703005463,-1.2640000013417056,-0.9374135241288825,-0.7258429118570244,1.9760824029534412,0.08029924675399591,-0.7032085954444752,-1.1906939785040456
-1.1448797490429112,-1.9121722300288333,-0.37214027280967477,-0.09929400405611787,1.507368387210978,0.6641348277150978,-0.7527927544519885,1.2401445191878813,-0.6796791355505106,0.6821771964116963,3.785295705575545,0.03184620492327586,3.114617322645062,-1.15575180543743,-0.28656092801454763,-0.36331757126149955,0.5980028384037985
-0.9809450350164927,-1.6348563687472453,-0.9287693494201784,-0.3893627175446463,1.1576534604615887,1.0979211076862543,-1.01426138392197,1.3668086572793625,-1.0256256679196953,1.017759471287118,2.4329183421032643,-0.2456148865329849,2.062917110655492,-0.9883514416614454,-0.7751807297536858,-0.4842957324113734,-0.5929508357336412
-0.5711082499504484,-0.5255929236208943,-0.8359978366517611,-0.09929400405611787,0.6509236686410436,1.2714356196747167,1.1487972780569686,0.8212704853301495,1.0958269498392674,1.143671170989933,0.4142550100734721,-0.2471665156234646,0.05281737373880397,-0.5766295694010762,-0.539567945096302,0.3567905308210739,0.3974448117059039
0.002663249142012967,-1.52393002423461,-0.8359978366517611,1.5444287057122081,-0.34826183635723984,-0.7239812681926012,-0.42001449876292096,-1.1027788392794577,-0.2879785065486689,-0.6686677176331566,3.0939209525232076,0.960968989058273,2.2969131375768836,0.008724769855739474,0.5357118775011533,1.3707027385533372,1.7657720046549588
0.002663249142012967,1.1383022440686323,2.1326905719375913,-0.48605228870748857,0.4582236069627706,1.6184646436516414,0.6733997699297294,0.7948593042719118,0.7366292428455685,1.3829675087682554,-0.9491455028356004,-0.5721332230845824,-0.9877243778374045,-0.0106370441033692,0.6242643334797672,0.13787766778797114,0.06335525083255016
0.4125000342080572,0.8055232105307267,0.462803342106081,0.5775329940837812,-0.8728342264813238,0.40386305973240444,0.45947089127247176,-0.5814427299733397,0.5606219585172659,0.4646490664410443,-0.787734143309021,0.5092945063982371,-0.7253651559410319,0.4240782683510567,0.766580780588254,0.2300515048545396,0.28733845504875843
-1.0629123920297012,-1.30207733520934,-0.7432263238833442,2.3179452750149507,2.149701926138449,-0.5504667562041392,1.1725671534633306,1.6442401489279872,1.1127574750934288,-0.46927668735086014,2.288332118798958,1.7032226576472083,1.088737597159146,-1.0891429916712136,1.1318596615000367,1.3707027385533372,0.8311314886374309
-0.2432388218976127,-0.4146665791082593,-0.27936876004125744,-1.452948000335916,-0.6087637715889359,0.577377571720867,0.17423238639612817,-0.6286505862834514,0.3095598055044509,0.6111230874510375,-0.4988334981356925,-1.0339076517704604,0.04410740359938106,-0.22644953057922207,-1.2543127683522577,-1.8669032884099137,-1.9553816226977774
-0.8989776780032841,-0.9692983016714347,-1.0215408621885957,1.5444287057122081,-0.09846546010765911,-0.29019498822144535,-0.4675542495756449,0.21027931237287534,-0.3410475775182748,-0.18954169161124898,0.33356329187848344,2.4850016015223195,0.530647601948958,-0.8813137504386629,0.38074507953857883,-1.1064691326107159,-0.8377118515157513
-1.4727491770957455,-0.4146665791082593,0.462803342106081,-0.09929400405611787,1.6501091736392872,0.9244065956977916,0.007843258551594406,1.2221080697668647,0.15332477335556308,0.8872681726876441,0.5382553520370409,-0.4776532379655744,-0.38519609417995426,-1.4785891788105001,0.16885170273260977,1.059616038453664,0.5743771028587832
1.64201038940619,-0.7474456126461646,-0.46491178557809215,1.5444287057122081,-0.9192249820705559,-0.4637095002099079,0.3406215142406619,-0.9005446326752814,0.458427427137323,-0.37358794334610596,0.7728328270158636,1.3171602418985127,1.2175345110450675,1.633546365877264,0.8456454734263018,0.6448337716541023,1.1344955598206647
-0.07930410787119559,-1.30207733520934,-0.18659724727284058,-0.19598357521896068,0.2762291042666922,-0.029923220238752032,0.45947089127247176,0.2973213778796623,0.5606219585172659,0.0699531769801072,1.3160633473135208,0.048200013309538554,1.603900721242311,-0.086557178967171,-0.25967893244961154,-0.6571216769111905,-0.28766140749410496
-1.4727491770957455,-0.3037402345956241,-0.6504548111149269,1.9311869903635794,0.6152384720339662,-0.4637095002099079,2.289751297562343,0.5406424001166761,1.8207163750874626,-0.37358794334610596,-0.17733551209267234,2.3366110395695427,-0.4859389120208999,-1.4580880576894348,0.9563360433995693,-0.29994805827823345,-0.7927066303247432
0.6174184267410794,0.13996514345491606,0.6483463676429156,-0.2926731463818035,-0.1377191763754679,0.6641348277150978,0.6733997699297294,0.9030061670649231,0.7366292428455685,0.6821771964116963,-0.5077722493573854,-0.1685907675746102,-0.21544657298987763,0.6064775297525604,0.09294959760808355,-0.4036436249781249,-0.3048692861847841
0.33053267719484863,0.3618178324801865,0.462803342106081,-0.5827418598703313,0.07639200326703553,-0.6372240121983705,-0.6814831282329026,0.3973185252040561,-0.5915561492431368,-0.5675873644269371,-0.28974061198185735,-0.8773800455227039,-0.46643833390796857,0.3198265987282704,-0.25809763859285034,0.8522249050538832,1.439825099665539
0.33053267719484863,-0.7474456126461646,1.761604520863923,-0.19598357521896068,-0.7836212349636305,-0.029923220238752032,-0.49132412498200684,-1.3502935043163888,-0.3679203813793834,0.0699531769801072,0.27898128755830076,0.0738010652653395,0.6941934157396129,0.3413020712556609,0.769743368301776,-0.7147303250777972,0.028137261344399287
-1.0629123920297012,0.02903879894228149,-0.27936876004125744,0.674222565246624,1.792849960067636,0.40386305973240444,0.19800226180249014,0.8722779638510422,0.33126116512017395,0.4646490664410443,0.27898499143161865,-0.034549085024009475,-0.6223338111477669,-1.0817070827336919,0.34595661468983796,1.8891805720527894,2.8641079820633086
-1.4727491770957455,0.5836705215054568,-0.8359978366517611,1.4477391345493653,2.5779242854233764,0.40386305973240444,2.503680176219601,1.7394593041711994,1.9398827965070022,0.4646490664410443,-0.4752606185715721,1.0389904096031413,-1.0720796091616935,-1.496868503654802,0.4724601232307147,1.0020073902870594,0.314012672599579
-1.1448797490429112,0.8055232105307267,0.27726031656924627,-2.3231541408015004,-0.13415065671477602,2.2257654356112604,-0.7052530036392646,-1.1793069189638352,-0.6206580639591687,1.7667958020916799,-1.0247833337687686,-2.300833802887811,-1.0982463965927685,-1.1216691252739113,-1.8235785567862044,-1.0373387548107904,-1.0458910832281667
-0.8989776780032841,-0.1928138900829889,1.761604520863923,-0.6794314310331742,0.6509236686410436,2.52941583159107,1.8618935402478276,-0.014826162234466606,1.5679786925076773,2.2524161561280294,-0.15978436362796805,-0.6500908328370427,-0.39400151536368344,-0.8974177190970618,0.23210345700304838,-0.2538611397449497,0.06680484889175303
0.5764347482344758,-0.9692983016714347,-0.6504548111149269,-0.0026044328932750627,-0.9656157376597485,-0.4637095002099079,-0.11100611848021542,0.039292727020321674,0.03679732860017462,-0.37358794334610596,0.33356329187848344,0.6009006823781405,1.1813806113786236,0.5875508723257925,-0.3719507962796399,-1.290816806743855,-1.5083778927935099
0.16659796316843153,2.580344722732889,-1.8564844771043516,-0.8728105733588598,-0.6337434092138979,-0.29019498822144535,-0.8003325052647124,-1.3502935043163888,-0.7398244853787111,-0.18954169161124898,-1.2868142644031217,-1.1976779939014446,-1.4491921427924392,0.17657580039716278,-1.463043557444705,1.0480943088203432,0.6962762714857644
-0.40717353592403127,-0.5255929236208943,0.27726031656924627,-0.0026044328932750627,0.33689393849873156,0.40386305973240444,0.9110985239933491,0.7678038849499831,0.9213330859079093,0.4646490664410443,0.18880095305279065,0.07380109653525574,0.1125465452180803,-0.40906975392204936,0.1498761764514781,-0.20777422121166395,-0.46250789516932955
-0.5711082499504484,-1.1911509906967048,0.09171729103241152,-0.5827418598703313,0.779390376426506,0.31710580373817315,-0.8716421314837983,0.9903912717577839,-0.8322467535124602,0.38910700786658775,1.072044385169894,-0.3863165373287792,1.0963149960672107,-0.5794993829919602,-0.4288773751230345,-0.6916868658111542,-0.35540990891265545
-1.636683891122164,1.3601549330939027,-0.001054221736005843,2.3179452750149507,1.3646276007826688,-0.20343773222721404,1.2201069042760546,1.0869057876519248,1.146348593970529,-0.10094175185183701,-0.9655203694546506,2.0051448357708432,-1.4269701207905736,-1.6330181174706295,1.8529296601830365,0.8407031754205623,0.5743771028587846
-1.2268471060561197,0.9164495550433619,-0.37214027280967477,1.9311869903635794,1.4788202299253241,0.4906203157266358,0.03161313395795637,1.2839928054406171,0.17612296189152724,0.5386334452652105,-0.5564463844959221,1.2408622267411549,-1.1674800563982377,-1.2351723406289465,1.207761766624563,1.5550504126864741,0.8467349031145249
-1.3907818200825368,0.2508914879675513,-0.6504548111149269,2.3179452750149507,0.36544209578438547,2.52941583159107,0.269311888021576,-1.2615087562840905,0.3954844380192065,2.530809295077329,-0.23955912499793988,1.869498640363239,-0.8660143135646342,-1.372860072988928,1.2219934113354118,1.071137768086985,0.8214645917505907
0.8223368192741014,-0.4146665791082593,-0.37214027280967477,0.09408513826956774,-1.415249214908986,-0.20343773222721404,-1.5371986428619333,-0.7836769365775159,-1.857375591346672,-0.10094175185183701,-0.41240942728796526,0.8214921037188461,0.416170435008138,0.8411380700574297,-0.14424448090606076,-1.4521210216103522,-1.9832993000141261
-0.3252061789108227,-0.7474456126461646,0.9266609059481667,2.3179452750149507,-0.06991730282200519,-0.20343773222721404,-0.5864036266074547,0.5065099470716516,-0.477758774168862,-0.10094175185183701,0.5259070572870819,2.450397176888237,0.43252286808688567,-0.3194079080436695,2.754267158536786,0.160921127054613,-0.5193861515408524
1.4780756753797728,-0.4146665791082593,-1.3926269132622648,0.38415385175809563,-1.0405546505346346,-1.4180393161464513,-0.6101735020138167,0.4532572954238153,-0.5058259402618857,-1.599823795294917,0.14934703322226583,0.3701709849801342,0.6451323004904501,1.4758677316237718,-0.5743564099450433,0.08026901962136546,0.09035036122608657
-1.0629123920297012,1.5265444498628549,-1.2070838877254306,-2.3231541408015004,-0.20552104992893064,-0.4637095002099079,-1.774897396925553,-1.8000423759574964,-2.3225585927294037,-0.37358794334610596,-1.3578653467016,-2.2797933954257528,-1.364488115476139,-1.0397892801205229,-2.051284872159783,-1.192882104860625,-0.8868084564513955
-0.653075606963657,-0.5255929236208943,0.27726031656924627,-0.3893627175446463,1.3646276007826688,-0.7239812681926012,2.337291048375067,1.2221080697668647,1.8475891789485712,-0.6686677176331566,0.23389176445692678,-0.37532081019460684,0.02295278799916604,-0.6725830258093184,-0.17903294575480252,-0.13864384341173733,0.3170210430000475
-0.16127146488440414,-1.0802246461840699,1.761604520863923,1.5444287057122081,-0.526687819392666,-0.8974957801810638,-1.3470396396110376,-1.4468080202105298,-1.5290243901929277,-0.8797942129914668,1.8922259001936288,0.8393644273667418,1.0648902085270684,-0.14790721055203804,2.705247048977195,1.6472242497530438,1.1545513624904544
0.90430417628731,0.3618178324801865,-0.27936876004125744,0.4808434229209384,-0.20195253026819912,-1.0710102921695264,0.055383009364318336,1.055658166400302,0.19875772114794182,-1.1041244592143058,-1.0591943537973465,1.4927839622891075,-0.311334988780315,0.8894958891767211,0.20047757986782908,-1.671033884643455,-1.494178384503302
-0.9809450350164927,-1.0802246461840699,-0.001054221736005843,-0.09929400405611787,0.9007200448905847,0.750892083709329,-1.1331107609537798,0.9562588187127592,-1.196344832782428,0.7518515263711428,0.8551384904140746,0.14526614594805745,0.6832876293912553,-0.9829113135479977,-0.08415531434914462,-0.6225564880112266,-0.24734924412782802
-1.1448797490429112,2.580344722732889,0.8338893931797494,-1.9363958561501295,0.07996052292772741,2.52941583159107,0.6496298945233675,-0.9639457283928805,0.7175504210839777,1.9689966330253483,-1.388489866154518,-2.0801055597115363,-1.664686138598802,-1.126132581839309,-1.371328513752569,0.34526880118775094,-0.2983712061197732
-0.16127146488440414,2.4139552059639358,0.462803342106081,-1.066189715684545,-0.31257663975016253,0.23034854774394187,0.055383009364318336,-0.9005446326752814,0.19875772114794182,0.3119402649770985,-1.512349313988067,-1.0013302371296824,-1.4606199404401528,-0.15296404646850378,-0.6850469799183107,-0.4900565972280339,0.01973388002575785
-0.48914089293723984,-0.7474456126461646,0.741117880411332,-0.09929400405611787,-0.2768914431430852,-0.5504667562041392,0.0791528847706803,-0.6779572458674805,0.22123137754992137,-0.46927668735086014,0.6740625191243508,-0.1972969036045342,0.3671052311737041,-0.47543433587230455,0.3206559129816618,0.21852977522121866,0.27450274134009317
1.64201038940619,-0.6365192681335294,1.5760614953270884,-0.19598357521896068,-0.7051138024280525,-0.7239812681926012,0.7684792715551773,0.48904159866142893,0.8118122088706097,-0.6686677176331566,0.37326272983805087,-0.17021853666879894,1.0302030386640122,1.6274062131811555,0.6717031491825961,-0.12712211377841742,0.007038556935780067
2.789553387591114,1.9702498279133958,2.503776623011262,-1.452948000335916,-2.2538513351753817,-0.6372240121983705,-0.7527927544519885,-0.8405723409223997,-0.6796791355505106,-0.5675873644269371,-1.7382095029216964,-0.8689804372065207,-0.7902783103973595,2.804002031735156,-0.4004140857013372,-2.31048987929278,-2.5211357602098703
0.4125000342080572,-1.52393002423461,2.1326905719375913,0.19077470943241,-0.9513416590169017,0.31710580373817315,-0.49132412498200684,-1.1027788392794577,-0.3679203813793834,0.38910700786658775,2.204990297991075,0.2722351044154995,2.5422286919194432,0.42606275565812934,1.4212364372872928,-0.17320903231170218,-0.5420492085577173
-1.0629123920297012,-0.5255929236208943,1.0194324187165842,-1.066189715684545,1.6964999292285194,0.9244065956977916,0.31685163883429995,1.6191010060817808,0.437585533678028,0.8872681726876441,0.008437707436244992,-0.9086521939027109,-0.12637014069902552,-1.0796968337962585,-0.4763161908258634,-0.7953824325110447,-1.071642733856175
-0.48914089293723984,-0.5255929236208943,-1.2070838877254306,0.38415385175809563,-0.34826183635723984,-0.11668047623298272,-0.49132412498200684,-1.2615087562840905,-0.3679203813793834,-0.014476959580863336,0.8651631241148353,-0.18916995677711493,0.08268195947844238,-0.4738145345347741,-0.45734066454473216,1.5665721423197951,1.0350187785785085
-0.5711082499504484,0.2508914879675513,-0.37214027280967477,1.5444287057122081,0.25838650596315355,-0.8107385241868326,0.4832407666788337,0.18740804436970973,0.5806698696426701,-0.7726783407028834,-0.5161163821740897,1.6524646268093395,-0.6370522572814036,-0.5678478211922032,0.9231288724075893,0.05722556035472257,-0.1455459897759774
-1.3088144630693284,0.02903879894228149,0.8338893931797494,1.2543599922236803,2.3638131057809124,1.3581928756689476,0.934868399399711,1.4804797598122794,0.9392228527148092,1.2050079679899344,0.16786826277247685,0.5868488014040806,-0.6959287402876906,-1.3330341392597564,1.655267928087915,1.6126590608530809,2.0758347139299036
-0.735042963976867,-0.3037402345956241,0.8338893931797494,1.2543599922236803,0.5224569608555415,0.577377571720867,-0.8478722560774363,-0.08641339989947716,-0.8011377787729798,0.6111230874510375,0.5693685844818598,0.5547738420599032,-0.23866005608703236,-0.7342097724865058,1.655267928087915,1.6933111682863295,2.203389618909764
1.1502062473269372,0.02903879894228149,-1.0215408621885957,0.5775329940837812,-0.09846546010765911,-0.6372240121983705,-0.49132412498200684,0.8722779638510422,-0.3679203813793834,-0.5675873644269371,0.01971262456028833,0.1621921767216957,0.040020551111542006,1.1278500716502906,-0.22014658603058743,1.071137768086987,0.7543177644121382
0.9862715333005201,0.5836705215054568,0.27726031656924627,-0.6794314310331742,-0.8835397854634787,-0.29019498822144535,-0.5388638757947308,-0.4926579819410412,-0.42236199546769626,-0.18954169161124898,-0.5066875891376087,-0.9125648358158469,-0.44763744825588886,0.9881632042392061,-0.42571478740951246,0.6333120420207814,0.31994919018983564
-0.40717353592403127,-0.3037402345956241,-0.001054221736005843,-0.5827418598703313,1.4217239153539767,1.7919791556401041,0.055383009364318336,1.615918171188213,0.19875772114794182,1.4968854973090242,-0.13585195117186502,-0.4636162839043769,-0.1287583423386462,-0.4337705412069618,-0.4715723092555806,-0.4842957324113734,-0.5084757948884882
0.4125000342080572,-0.3037402345956241,-0.46491178557809215,-0.776121002196017,-0.9192249820705559,-1.1577675481637577,-0.7765626298583505,-1.1793069189638352,-0.7096086050858172,-1.2217781224792306,-0.260302633934287,-0.5511028509430667,0.145995942032318,0.42525081346607874,-0.8242008393132755,-0.8529910806776504,-0.6504708777905972
0.740369462260893,-1.52393002423461,-1.2998554004938478,-0.19598357521896068,-1.0476916898560185,-0.8107385241868326,0.007843258551594406,-1.3502935043163888,0.15332477335556308,-0.7726783407028834,1.9086800798136974,0.05839345969178347,2.7384811353934917,0.7508286831516229,-0.8479202471646899,-0.6801651361778334,-0.23210683409878935
0.699385783754288,-0.4146665791082593,-0.46491178557809215,0.09408513826956774,-1.0013009342668258,-0.6372240121983705,1.1012575272442449,-1.5525277109205653,1.0616910995893223,-0.5675873644269371,-0.23956128559250925,0.558251789040975,0.3732400852302045,0.709327134899795,-0.19800847203593375,-0.9912518362775046,-0.43980472654712804
1.64201038940619,0.4727441769928217,1.2977469570218363,-0.2926731463818035,-1.129767642052328,-1.2445248041579886,-1.3708095150173996,-0.22820837422637308,-1.5682489367817558,-1.3434207969926282,-0.6284673087750766,-0.31303372616521985,-0.1991617611801756,1.6395914357964845,0.42502130752788575,-0.023426547078525983,0.3918692985637012
-0.653075606963657,2.580344722732889,0.3700318293376636,-2.3231541408015004,0.4225384103556933,2.3992799475997217,-0.49132412498200684,-1.1027788392794577,-0.3679203813793834,1.8693203554576434,-1.32748450510368,-2.482498324078721,-1.5838758901714158,-0.6517711743134126,-1.8093469120753556,0.6448337716541023,0.8136027171040344
-0.40717353592403127,-0.8583719571587995,0.3700318293376636,-0.5827418598703313,-0.5088452210891273,0.31710580373817315,-1.061801134734694,-0.2623408272713978,-1.0928098066275784,0.38910700786658775,-0.13585464758984322,0.2417438803364587,0.564992756942542,-0.3897079075053289,-0.30079257272539645,-2.039729232909732,-1.6954584200973075
1.3961083183665643,-0.9692983016714347,-0.27936876004125744,-0.0026044328932750627,-1.4188177345696777,-0.37695224421567664,-0.9429517577028842,-1.031191601614447,-0.9274560387990313,-0.28038490449683706,0.9339824941531583,-0.001998239682428882,1.5428989499506596,1.4059014187891645,-0.16322000718719243,-0.023426547078524963,-0.32243816932352004
-0.2432388218976127,-0.4146665791082593,-0.27936876004125744,-0.5827418598703313,-0.38394703296431715,-0.4637095002099079,-0.372474747950197,-1.1793069189638352,-0.23578665058535841,-0.37358794334610596,0.27898313949385767,-0.7252821645705387,0.04410740359938106,-0.23171043255130883,-0.5996571116532183,0.3107036122877892,0.22255821242533982
0.33053267719484863,0.4727441769928217,0.27726031656924627,-0.8728105733588598,-0.2554803251788151,0.6641348277150978,0.269311888021576,0.012563308347125364,0.3954844380192065,0.6821771964116963,-0.8229216707382471,-0.6886392136261192,-0.5426049171554403,0.3281014634868164,-0.590169348512653,-0.7838607028777228,-0.40835722796089735
2.0518471744722344,0.13996514345491606,-1.1143123749570132,-0.09929400405611787,-1.6329289142121812,-1.5047965721406826,0.007843258551594406,-0.1316938583322322,0.15332477335556308,-1.7352404416114184,-0.6150573798958602,0.19283611162871486,0.19905365367242578,2.0576468455192645,-0.6913721553453545,-0.7262520547111171,-0.4775497471716708
-0.3252061789108227,-1.4130036797219752,2.503776623011262,0.7709121364094663,1.300394246889898,0.05683403575547927,1.0774876518378829,1.2839928054406171,1.0444837796477284,0.1524422178765131,1.869174289496771,0.8760608406258589,1.7670337643764862,-0.3509647300142504,2.3636875759168277,-0.09255692487845259,0.046027037325852546
0.002663249142012967,-1.1911509906967048,-0.9287693494201784,-0.0026044328932750627,-0.13415065671477602,-0.8107385241868326,-0.2536253709183872,-0.014826162234466606,-0.10896095216611,-0.7726783407028834,1.438075116063104,-0.038629299830669026,1.3791497564093131,0.0035758756765119862,-0.5284988880989752,0.06874728998804351,0.07755475912276079
-1.2268471060561197,-1.0802246461840699,-0.37214027280967477,0.38415385175809563,-0.13415065671477602,1.011163851692023,0.38816126505338583,-1.031191601614447,0.49970298737076374,0.9531069969387995,1.0856023592539752,0.45395844457131507,0.5688068556505113,-1.2020437681989407,0.06923018975666907,-0.10407865451177455,-0.43868160159762104
0.002663249142012967,-0.3037402345956241,1.5760614953270884,-0.0026044328932750627,-0.7622101169994,-0.5504667562041392,-0.5864036266074547,-0.9639457283928805,-0.477758774168862,-0.46927668735086014,-0.17733551209267234,0.21522669884264709,0.008618799846836148,0.018696966256765465,0.8804339382750436,-0.5303826509446572,-0.47582494814207005
-0.8989776780032841,1.1383022440686323,1.0194324187165842,-0.3893627175446463,1.4502720726396305,0.40386305973240444,1.2201069042760546,1.346677121036777,1.146348593970529,0.4646490664410443,-0.9491455028356004,-0.4752430716462922,-1.1865599873008743,-0.9145205737240271,0.18782722901374102,0.14939939742129207,-0.4098012457531231
-0.653075606963657,0.2508914879675513,0.3700318293376636,0.674222565246624,0.24054390765957528,0.9244065956977916,0.8873286485869871,-0.6779572458674805,0.9033413825577722,0.8872681726876441,-0.20498946785092145,0.2863871446169135,-0.6599484629097262,-0.6477379678497128,0.7887188945829077,0.9904856606537363,1.1012029273888133
-1.1448797490429112,-0.8583719571587995,0.27726031656924627,1.5444287057122081,-0.027095066893504497,1.8787364116343352,0.12669263558340424,-1.031191601614447,0.2657044422539355,1.5525163054334292,0.38268934537833016,2.1153572504354363,0.2558944961222314,-1.1239015273191248,1.4655126652766002,-0.6340782176445476,-0.6200662809431946
-0.8170103209900755,0.3618178324801865,-0.9287693494201784,-0.2926731463818035,0.4368124889985401,0.31710580373817315,1.624194786184208,0.71162898546923,1.4183044454023228,0.38910700786658775,-0.8584672907150448,0.12248014908927285,-0.7766450241632765,-0.8125781241724974,-0.7135102693400082,-1.0719039437107531,-1.1630971940304153
-1.4727491770957455,-0.5255929236208943,-0.18659724727284058,-0.09929400405611787,2.1318593278349103,0.05683403575547927,0.7447093961488154,1.3261734466738646,0.793183627434161,0.1524422178765131,1.0906171811355163,-0.7574504922545862,-0.2756930693972171,-1.4880922336501694,-0.1853581211818461,2.085049975819249,2.0570624826309802
-0.07930410787119559,-1.0802246461840699,0.3700318293376636,-0.48605228870748857,0.5081828822126947,0.31710580373817315,2.4799103008132386,0.8212704853301495,1.9268620135405587,0.38910700786658775,1.0856023592539752,-0.4555319114111821,1.1030504664406497,-0.09206282698401887,-0.21698399831706497,-0.20777422121166497,-0.14217661492745207
1.3961083183665643,-0.8583719571587995,0.6483463676429156,-0.8728105733588598,-1.194000995945059,-0.8974957801810638,0.7447093961488154,-1.1793069189638352,0.793183627434161,-0.8797942129914668,0.1752717481910607,-0.4636163361532792,1.3205662833921905,1.3995901424390758,-0.4383651382636001,-1.3829906438104245,-0.5335054366203855
-0.3252061789108227,0.4727441769928217,1.3905184697902535,-0.3893627175446463,0.30477726155234613,-0.4637095002099079,0.7684792715551773,-0.014826162234466606,0.8118122088706097,-0.37358794334610596,-0.5312401277934914,-0.5282584303826942,-0.714326495143073,-0.3280609309080786,0.3712573163980128,0.31070361228778814,0.5936707850271227
0.2485653201816401,-1.0802246461840699,0.27726031656924627,0.2874642805952528,0.4368124889985401,1.2714356196747167,-0.13477599388657738,0.4162799646989643,0.012966759674150239,1.143671170989933,1.7193779985637034,-0.14236300366634724,1.2556914980949752,0.23061204200098756,0.39655801810618846,1.1517898755202336,1.4834665262750018
-1.1448797490429112,-1.0802246461840699,0.27726031656924627,-0.8728105733588598,-0.01638950791138923,0.8376493397035604,-0.44378437416928296,-0.19509495404983115,-0.31440155107636625,0.8201986452008109,0.7975225232040992,-0.6726119429529779,0.6069671135640922,-1.1241246933896332,-0.590169348512653,-0.8299476214110085,-1.13614219524222
-0.653075606963657,-0.8583719571587995,-0.18659724727284058,2.3179452750149507,-0.38394703296431715,2.52941583159107,-1.9888262755828108,-1.031191601614447,-2.8041417031446296,2.530809295077329,0.27898054678469525,3.199706452580035,0.4619600033357723,-0.6338670268146764,1.6726621605122864,-0.7723389732444018,-1.0466130921242776
-0.07930410787119559,-0.8583719571587995,-1.1143123749570132,-0.5827418598703313,0.2369753879988834,-0.5504667562041392,-0.7765626298583505,0.9562588187127592,-0.7096086050858172,-0.46927668735086014,0.8493789390496853,-0.6761905902227999,0.7023697617515687,-0.08562474184873438,-0.9839115188461328,0.14939939742129207,-0.28834330478487763
-0.40717353592403127,0.9164495550433619,0.6483463676429156,1.3510495633865227,-0.36967295432151,2.52941583159107,-0.3249349971374731,-1.1793069189638352,-0.1844434803938194,2.530809295077329,-0.9309512116461691,1.4781514456596272,-0.9766782368282214,-0.3929003887900545,1.5983413492445206,-0.011904817445205055,-0.31004368327359194
0.4125000342080572,-0.9692983016714347,0.9266609059481667,-0.3893627175446463,-0.776484195642207,0.31710580373817315,0.3406215142406619,-1.4468080202105298,0.458427427137323,0.38910700786658775,0.442730419564788,0.019538381048848894,1.1090769436642163,0.4216439647082239,0.14196970716767285,-1.1064691326107159,-0.3178654463148073
-0.9809450350164927,0.5836705215054568,-0.37214027280967477,-1.1628792868473878,-0.38394703296431715,0.8376493397035604,0.24554201261521405,-1.5525277109205653,0.37422149305647134,0.8201986452008109,-0.6638224419677938,-1.2362931012800025,-0.9471911769805326,-0.9555923022253708,-1.069301387111225,-0.00038308781188310046,-0.20812009410572005
-1.2268471060561197,-0.1928138900829889,-0.37214027280967477,1.9311869903635794,1.6501091736392872,0.31710580373817315,0.6377449568201865,1.2666609340775468,0.707967605246532,0.38910700786658775,0.07954390927319978,1.659928809281094,-0.4996762563793344,-1.2386728005525625,1.207761766624563,0.7485293383539927,0.41064152986262453
-0.2432388218976127,0.13996514345491606,-0.27936876004125744,0.2874642805952528,1.114831224533088,-0.8974957801810638,1.671734536996932,1.117297201065335,1.4488122710881348,-0.8797942129914668,-0.007108306844501838,-0.1845725700102268,-0.46414670898725935,-0.2666131847159329,0.05499854504582021,1.2785289014867658,1.2496158671452557
-0.8170103209900755,0.4727441769928217,-0.001054221736005843,1.2543599922236803,-0.24834328585743132,0.577377571720867,1.2201069042760546,-1.1027788392794577,1.146348593970529,0.6111230874510375,-0.8877397913926373,1.848893998138584,-0.8431176786337973,-0.7976842417516359,1.0006122713888768,-0.7608172436110809,-0.707750250215515
-1.3088144630693284,-0.8583719571587995,0.5555748548744983,0.964291278735152,0.9364052414976619,0.14359129174971055,0.3643913896470239,0.7259416640431159,0.4791326514601071,0.2330774146353509,1.0049421369401381,0.7057969026517895,0.1872059937177183,-1.3041979492715217,1.1761358894893437,0.6793989605540671,0.755721670599023
-1.1448797490429112,-1.6348563687472453,-1.2998554004938478,-0.09929400405611787,1.2932572075684745,0.6641348277150978,-0.6814831282329026,1.4060076903538665,-0.5915561492431368,0.6821771964116963,2.991348831071343,-0.2471665156234641,1.9572427760780264,-1.151324067064034,-0.7925749621780565,0.3567905308210729,0.4285313058440764
0.33053267719484863,-0.3037402345956241,-0.6504548111149269,-0.776121002196017,-0.45531742617847176,0.23034854774394187,1.0299479010251589,-1.031191601614447,1.0097852393143443,0.3119402649770985,0.11304941435297891,-0.8858727579365887,0.11852051359522182,0.3330916580893453,-0.9032655321513238,0.18396458632125487,0.23599560021409738
-0.8170103209900755,0.6391336937617745,0.18448880380082888,-0.2926731463818035,-0.4910026227855887,2.3992799475997217,-0.22985549551202525,-0.5361622715405847,-0.08419584172473729,1.8693203554576434,-1.1295982123026924,0.3414735313812814,-0.9353857137673458,-0.792395505260857,-0.1442444809060612,-1.5039688049602973,-1.7920872773603531
1.887912460445817,0.13996514345491606,-1.3926269132622648,2.0278765615264223,-1.4330918132125245,-0.7239812681926012,0.4119311404597478,0.37802730506175736,0.5201401810160081,-0.6686677176331566,-1.0441979020497605,3.9152174639049337,0.15168219919673373,1.8903238050480033,0.33963143926279393,-1.8553815587765927,-1.8722302648288316
-0.5711082499504484,-1.30207733520934,-1.3926269132622648,0.19077470943241,-0.34826183635723984,-1.0710102921695264,-1.2757300133919518,-1.3502935043163888,-1.4141922664956448,-1.1041244592143058,1.8346066921057542,0.0692374582923074,1.3463191592007284,-0.554237751933194,-0.6818843922047888,0.31070361228778814,0.7792270713280142
0.08463060615522153,0.02903879894228149,-0.46491178557809215,-0.48605228870748857,-0.6337434092138979,0.05683403575547927,0.4832407666788337,0.039292727020321674,0.5806698696426701,0.1524422178765131,-0.6840266569476079,-0.03668773741335034,-0.27889080849479214,0.09608772563073813,-0.615470050220828,-1.2447298882105702,-0.9729681847208113
1.3961083183665643,0.6945968660180921,-0.8359978366517611,-0.8728105733588598,-1.2368232318735597,-0.8107385241868326,-0.9191818822965222,-0.22820837422637308,-0.8953995665596088,-0.7726783407028834,-0.819108470043752,-0.8457711311700585,-0.41886391152741503,1.4007916712214654,-1.0455819792598104,-0.29994805827823445,-0.5911057018880206
-0.8170103209900755,-0.9692983016714347,-0.001054221736005843,-0.2926731463818035,0.07996052292772741,0.8376493397035604,0.055383009364318336,-0.7836769365775159,0.19875772114794182,0.8201986452008109,1.5344016964278315,-0.701320052234644,0.5667994358061614,-0.8048280734681182,-0.2391221123117191,1.20939852368684,1.3102646144187002
-1.4727491770957455,-0.9692983016714347,-0.7432263238833442,-0.5827418598703313,1.53234802483594,1.1846783636804856,0.4119311404597478,1.3668086572793625,0.5201401810160081,1.081267593768474,1.1523167495257667,-0.7423701148844719,0.27758476494853285,-1.4762622997191963,-0.8131317823159486,0.36831226045439386,-0.3679247297786034
2.2157818884986527,0.5836705215054568,0.3700318293376636,0.09408513826956774,-1.5365788833730647,0.05683403575547927,0.7922491469615393,-0.7836769365775159,0.8303315311366507,0.1524422178765131,-0.5695415302696828,-0.10016365281527967,-0.1354163678029864,2.2161492977087325,0.28586744813292136,0.49505128642092716,0.7403990373593025
0.5764347482344758,-1.4684668519782929,-0.001054221736005843,-0.3893627175446463,-1.0619657684988653,-0.11668047623298272,-1.1331107609537798,-1.5525277109205653,-1.196344832782428,-0.014476959580863336,0.6008289279292672,0.8515345376289891,2.4491792828628243,0.5900316888869495,-0.31660551129300657,-2.5409244719592037,-1.9807121014697229
-1.3907818200825368,0.02903879894228149,-0.8359978366517611,0.19077470943241,1.3289424041755915,0.40386305973240444,2.1709019205305333,1.275360721414701,1.75251641507045,0.4646490664410443,-0.5729099282884665,0.5844739015493003,-0.7204603833343314,-1.392195237308309,-0.34981268228498663,-0.8184258917776875,-1.2046528171622193
-0.3252061789108227,-0.08188754557035371,-0.7432263238833442,-0.09929400405611787,-0.13415065671477602,0.23034854774394187,0.4119311404597478,-1.3502935043163888,0.5201401810160081,0.3119402649770985,-0.6428726026033474,0.49576816457015105,-0.3088742710138452,-0.3179226960236085,-0.48896654167995146,-1.3253819956438178,-0.46150510503583814
0.2485653201816401,-1.0802246461840699,-0.37214027280967477,-0.48605228870748857,0.32618837951657664,-0.37695224421567664,-0.5388638757947308,1.0235046919343256,-0.42236199546769626,-0.28038490449683706,1.0279863920440007,-0.4144050925059882,1.2556914980949752,0.2333380061225864,-0.5711938222315208,-0.3229915175448763,-0.5872549877754214
-0.9809450350164927,0.5836705215054568,0.741117880411332,0.7709121364094663,1.7999869993890594,-0.5504667562041392,0.8397888977742632,1.5769942757064204,0.8670474726790395,-0.46927668735086014,-0.8838112359300525,1.1436978115348508,-0.9471911769805326,-1.0019174486826106,1.1318596615000358,-0.5764695694779419,-0.4719742340294709
-0.5711082499504484,-0.6365192681335294,-0.001054221736005843,1.641118276875051,0.13348831783834336,0.14359129174971055,-0.372474747950197,0.5406424001166761,-0.23578665058535841,0.2330774146353509,0.04328003886692201,2.2953245600077423,0.1872073987034265,-0.5650495531638904,1.3105458673140253,-0.7147303250777972,-0.7104778393786071
-1.1448797490429112,-0.3037402345956241,-0.37214027280967477,1.4477391345493653,1.4431350333182469,0.750892083709329,-1.038031259328332,1.5089227848811773,-1.0590390526831654,0.7518515263711428,-0.30178619485509467,2.0467998338820683,-0.3760371982725142,-1.1544240430387558,0.8519706488533458,-0.7032085954444752,-1.108505299163249
-1.0629123920297012,-0.7474456126461646,-1.2070838877254306,0.4808434229209384,0.4724976856056174,-0.6372240121983705,2.551219927032325,0.5737558202932183,1.9657643790776422,-0.5675873644269371,0.2295961336125447,0.8964855934562985,0.1381435019775676,-1.0540642725977556,-0.4004140857013372,-0.74929551397776,-1.1849981305458257
-1.3907818200825368,-0.4146665791082593,-0.27936876004125744,-0.2926731463818035,1.0291867526760867,2.312522691605492,0.982408150212435,1.0235046919343256,0.9747011517543914,1.8184242503494046,0.06292296237453784,-0.2359495481233906,-0.35657586099466526,-1.386191078952422,-0.3814385594202055,-0.23081768047830684,-1.2134773703369275
0.2485653201816401,0.2508914879675513,1.5760614953270884,-0.09929400405611787,-0.31257663975016253,-1.1577675481637577,-0.22985549551202525,-0.9639457283928805,-0.08419584172473729,-1.2217781224792306,-0.27412878214495834,-0.3536899506058729,-0.40809020099817267,0.24911154141169706,0.7760685437288201,0.6678772309207441,0.6785870535310101
-0.07930410787119559,-1.1911509906967048,-0.27936876004125744,-0.19598357521896068,-1.0191435325703644,-0.20343773222721404,-0.396244623356559,-1.1027788392794577,-0.26177474292628716,-0.10094175185183701,1.1330495069854287,-0.006771241182519978,1.3387447906461556,-0.055677449789631975,-0.3086990420092013,-0.5303826509446582,-0.9517892571015144
0.5764347482344758,0.4727441769928217,0.27726031656924627,0.2874642805952528,-0.2768914431430852,-0.29019498822144535,0.4119311404597478,-1.031191601614447,0.5201401810160081,-0.18954169161124898,-0.36919482615751553,-0.07887423471916444,-0.4782093254100782,0.5698569161332663,0.39655801810618846,0.9674422013870945,1.2084613600668483
-0.16127146488440414,-0.1928138900829889,0.6483463676429156,-0.776121002196017,-0.23406920721458455,-0.4637095002099079,-0.20608562010566328,-0.9639457283928805,-0.05962345783116127,-0.37358794334610596,0.1593200002402556,-1.012633789181592,-0.1562333480784696,-0.1548166886844478,-0.3498126822849862,0.6563555012874233,1.5654947591944404
1.1502062473269372,-1.30207733520934,2.503776623011262,0.09408513826956774,-1.0262805718917878,-0.4637095002099079,0.3643913896470239,-0.9639457283928805,0.4791326514601071,-0.37358794334610596,1.1864275111154625,0.4857365315295808,2.2478546263462684,1.1531546828068746,1.5224392441199956,-0.8529910806776504,-0.5698465510580434
-1.1448797490429112,1.5820076221191726,0.8338893931797494,-0.9695001445217023,1.1862016177472428,0.9244065956977916,1.8381236648414658,0.8597443028186184,1.5533265298124252,0.8872681726876441,-0.9062578213864728,-1.3114215495288697,-1.3991673830963325,-1.1491081996020691,-0.45417807683121014,1.1633116051535564,0.7169337482356494
1.64201038940619,2.580344722732889,2.503776623011262,-1.1628792868473878,-0.6765656451423986,-0.37695224421567664,-0.42001449876292096,-0.7836769365775159,-0.2879785065486689,-0.28038490449683706,-1.042792820199771,-1.6940191394533164,-1.2067613975102816,1.626588087419089,-0.03987908635983725,2.3961366759189224,1.9367276666122446
1.0682388903137285,-1.4130036797219752,-0.5576832983465095,-0.19598357521896068,-0.8050323529279007,-0.6372240121983705,-1.5371986428619333,0.4162799646989643,-1.857375591346672,-0.5675873644269371,1.177783451184842,0.38992887365198664,2.545502160853465,1.0665814170365873,-0.45575937068797095,-1.3599471845437825,-1.483990036747047
0.4125000342080572,-1.1911509906967048,1.8543760336323394,0.19077470943241,-0.13415065671477602,0.31710580373817315,0.38816126505338583,-1.031191601614447,0.49970298737076374,0.38910700786658775,1.8041058469563132,-0.10775877605516586,1.5811745852251011,0.4054490903016633,1.255200582327391,0.7830945272539556,1.4245826896364988
0.90430417628731,-0.9692983016714347,-0.46491178557809215,-0.19598357521896068,-0.7407989990351298,1.6184646436516414,0.8397888977742632,-1.031191601614447,0.8670474726790395,1.3829675087682554,1.0977331856826147,-0.3261712087827187,1.3259879468074378,0.9038172466896873,-0.4067392611283812,0.2991818826544672,0.8276417789728872
-0.735042963976867,-1.0802246461840699,0.741117880411332,-0.2926731463818035,1.0077756347118563,0.14359129174971055,0.8635587731806251,1.0450435667450575,0.8852465743277103,0.2330774146353509,1.4312981625138275,-0.4933939819367026,0.7977684031319988,-0.7448292882632016,0.14038841331091206,0.5065730160542481,0.31092407898843005
1.2321736043401457,-1.4130036797219752,2.0399190591691743,-0.09929400405611787,-0.6622915664995518,-0.8974957801810638,-0.22985549551202525,0.4349227094066409,-0.08419584172473729,-0.8797942129914668,1.7308961218343852,0.058872823401614455,2.637086678086051,1.2237062427396115,1.0290755608105735,-0.42668708424476676,-0.4726561313202436
-0.5711082499504484,-0.08188754557035371,-0.46491178557809215,-0.48605228870748857,-0.13415065671477602,0.577377571720867,-0.2536253709183872,-0.9005446326752814,-0.10896095216611,0.6111230874510375,0.16375243207807202,-0.8377106560756062,-0.38519492817477247,-0.5590466247986982,-0.615470050220828,1.0480943088203432,1.0312081760712488
0.16659796316843153,-0.4146665791082593,0.09171729103241152,-0.5827418598703313,-0.34826183635723984,0.6641348277150978,1.2438767796824166,-0.9005446326752814,1.1630110885471505,0.6821771964116963,0.49504331661317713,-0.8864770623284981,0.18720856952582632,0.16957120465257924,-0.4288773751230345,0.886790093953848,1.1177690203940622
-1.0629123920297012,-0.5255929236208943,-0.001054221736005843,0.38415385175809563,0.3939902530700394,0.577377571720867,0.293081763427938,0.7400720105381283,0.4166051548611586,0.6111230874510375,0.0535285188403815,0.6513423616740137,-0.12637014069902552,-1.0524141698815612,0.30326168055729136,-0.5073391916780142,-1.4888034293877954
-1.5547165341089555,0.9164495550433619,-0.9287693494201784,2.3179452750149507,1.8142610780318666,0.6641348277150978,-0.08723624307385346,1.3426065946362677,0.06044938971628145,0.6821771964116963,-0.49883025724203844,1.4673701975350202,-1.2438007842262444,-1.5617654388910618,0.951592161829287,1.8315719238861827,1.2022039496338728
-0.8989776780032841,-0.1928138900829889,-0.0938257345044232,-1.1628792868473878,0.5866903147482727,0.577377571720867,1.0537177764315209,0.7814140826901749,1.0271821725509864,0.6111230874510375,-0.27944850007855215,-1.0609484299528156,-0.39400151536368344,-0.8960400413708015,-0.9696798741352843,-0.6571216769111905,-0.6183414819135938
1.0682388903137285,-0.4146665791082593,2.503776623011262,-0.6794314310331742,-1.2403917515342913,-0.8974957801810638,-0.08723624307385346,-0.9639457283928805,0.06044938971628145,-0.8797942129914668,-0.1963492501686458,-0.3924127487291371,0.5020311345640053,1.078386833352964,0.561012579209329,-0.9682083770108627,-1.074049430176551
-0.07930410787119559,-0.6365192681335294,-1.3926269132622648,-0.2926731463818035,0.2797976239273841,-1.6783110841291449,-0.4675542495756449,0.8722779638510422,-0.3410475775182748,-2.022442901541517,1.1275088806292028,-0.8302071703199552,0.37453976313911236,-0.08664193575026749,-0.9507043478541525,1.7048328979196525,1.1789392185369214
-0.8989776780032841,0.750060038274409,-1.0215408621885957,-0.6794314310331742,-0.0627802635005818,-0.029923220238752032,-0.08723624307385346,-0.8405723409223997,0.06044938971628145,0.0699531769801072,-0.5476789888749299,-0.9767669567370763,-1.0123501097890468,-0.8820821496777886,-1.0013057512705035,0.8810292291371865,0.6176174134148511
1.64201038940619,1.0273758995559972,0.9266609059481667,-1.7430167138244441,-1.2403917515342913,-1.2445248041579886,-1.2044203871728658,-0.7836769365775159,-1.3033901821391358,-1.3434207969926282,-0.8141616129996928,-1.8873818236291204,-0.5646492670659989,1.642770545572355,-1.1641790185168828,0.32222534192111013,0.6996857579396293
0.08463060615522153,-0.7474456126461646,-0.18659724727284058,0.09408513826956774,-0.24120624653600795,1.4449501316631788,-0.6339433774201787,-1.3502935043163888,-0.5341448331772878,1.2653138455033308,0.8716031349073758,-0.1745191406936157,0.5960669603698401,0.08654846789158738,-0.03671649864631567,0.702442419820709,1.8145878283532264
1.8059451034326086,0.13996514345491606,-1.2070838877254306,-0.3893627175446463,-1.5258733243909097,-0.5504667562041392,0.055383009364318336,-0.22820837422637308,0.19875772114794182,-0.46927668735086014,-0.5792956697163687,-0.18104403733958968,0.12799647195888822,1.812366763028118,-0.9127532952918895,-0.6455999472778695,-0.7709661402306922
-0.40717353592403127,-0.7474456126461646,2.1326905719375913,-0.8728105733588598,0.4368124889985401,0.31710580373817315,1.2201069042760546,-0.6286505862834514,1.146348593970529,0.38910700786658775,-0.01732963611623676,-0.42065023488725395,0.3998140496302949,-0.41135113718269595,0.16885170273260933,-1.486686210510315,-0.6631060334725637
1.1502062473269372,0.4727441769928217,1.0194324187165842,0.09408513826956774,-0.6908397237852058,0.05683403575547927,-1.109340885547418,0.37802730506175736,-1.1614545839158594,0.1524422178765131,-0.7256944897566618,0.231401489988135,-0.3279529446708999,1.143990781032545,0.6622153860420305,-0.3229915175448763,-0.09901652758206599
-0.16127146488440414,-0.7474456126461646,-0.001054221736005843,-0.48605228870748857,-0.7479360383565532,0.31710580373817315,0.24554201261521405,-1.1793069189638352,0.37422149305647134,0.38910700786658775,-0.31364055979077426,0.43435637142512334,0.49794050500006776,-0.1426753849754964,-0.39408891027429316,-2.1319030699763015,-1.6713112336828817
0.2485653201816401,-1.0802246461840699,-1.0215408621885957,-0.19598357521896068,-0.36253591500008664,-1.2445248041579886,0.5307805174915576,0.5237074574389393,0.6203878196850902,-1.3434207969926282,1.4889141297238027,-0.43789997207668946,1.2556914980949752,0.2503476241085493,-0.7008599184859203,0.6333120420207804,0.1917524995245409
0.6584021052476844,0.3618178324801865,0.5555748548744983,-0.19598357521896068,0.543868078819772,-0.29019498822144535,0.8873286485869871,0.9903912717577839,0.9033413825577722,-0.18954169161124898,-0.5908312066053094,-0.16577511515332702,-0.3778078509778809,0.6290816796150623,0.13248194402710767,-0.13864384341173835,0.6399996891943353
-0.07930410787119559,-0.08188754557035371,0.9266609059481667,-0.19598357521896068,0.29407170257023085,1.1846783636804856,2.812688556502306,0.3973185252040561,2.739186823206969,1.081267593768474,0.048520284266440554,-0.47087862603248726,-0.2325536138529174,-0.08698094583928369,0.32856238226546663,0.7370076087206718,0.7872895040012707
-0.5711082499504484,-0.7474456126461646,-0.001054221736005843,1.8344974192007366,0.14419387682045864,0.31710580373817315,-0.3487048725438351,0.5237074574389393,-0.210010708302956,0.38910700786658775,0.2295961336125447,2.4370540880716254,0.3343964127171133,-0.5652894819109054,1.4655126652766002,-0.5879912991112639,-0.5684025332658177
1.1502062473269372,0.13996514345491606,0.9266609059481667,-0.09929400405611787,-1.1333361617130198,-0.6372240121983705,-1.061801134734694,-0.3339280649364083,-1.0928098066275784,-0.5675873644269371,-0.5077722493573854,0.03917367881086468,-0.061489345943878976,1.1560829932842063,0.42185871981436374,-0.380600165711482,-0.5070317770962625
0.33053267719484863,-0.5255929236208943,-0.8359978366517611,0.19077470943241,-0.5766470946425505,-0.37695224421567664,0.22177213720885208,0.140200188059598,0.3528143914340528,-0.28038490449683706,0.0535285188403815,0.4385639927534329,0.38132781687482503,0.336124167427082,-0.34981268228498663,-0.5303826509446572,-0.6158144507771992
1.3961083183665643,0.13996514345491606,-0.18659724727284058,0.38415385175809563,-1.1404732010344432,-0.7239812681926012,-0.27739524632474916,-1.031191601614447,-0.13392183626255794,-0.6686677176331566,-0.32896369845992696,0.2949605333971332,0.009567835769658596,1.3980886408329256,0.1862459351569802,0.2530949641211825,0.49736282060679304
-0.8170103209900755,-0.3037402345956241,-0.001054221736005843,-0.2926731463818035,0.36544209578438547,-0.4637095002099079,-0.20608562010566328,0.3384081935125,-0.05962345783116127,-0.37358794334610596,-0.17733551209267234,-0.10298095226638734,-0.26613548452412855,-0.8110293605202296,-0.2391221123117191,-0.5649478398446209,-0.7655911851151884
-0.5711082499504484,-0.7474456126461646,-1.485398426030682,-0.2926731463818035,-0.20552104992893064,-0.5504667562041392,0.12669263558340424,-1.1793069189638352,0.2657044422539355,-0.46927668735086014,0.6740625191243508,-0.3902819385890464,0.3343964127171133,-0.5574443127491578,-0.9981431635569814,0.1954863159545758,0.035156792278824914
-0.48914089293723984,0.2508914879675513,1.2049754442534188,0.38415385175809563,0.11564571953480472,0.6641348277150978,-0.9904915085156082,-1.2615087562840905,-0.9925621679584964,0.6821771964116963,-0.1358501535568838,-0.06304122208050499,-0.6141560516530804,-0.48433159292400757,1.0638640256593148,1.1863550644201963,1.7603970495394534
-0.8170103209900755,0.5836705215054568,0.09171729103241152,0.4808434229209384,0.4082643317128862,0.40386305973240444,0.8635587731806251,0.7948593042719118,0.8852465743277103,0.4646490664410443,-0.7895303242319415,0.6393482835406087,-0.9055616995868124,-0.8119586934317491,0.44083424609549543,-0.26538286937827066,-0.4381200391228654
0.4125000342080572,-0.5255929236208943,-0.27936876004125744,-0.0026044328932750627,-0.8478545888564013,0.31710580373817315,-0.8716421314837983,-0.8405723409223997,-0.8322467535124602,0.38910700786658775,0.23389176445692678,0.02602217644844508,0.41119240261446344,0.4234470252738458,-0.16322000718719243,-0.09255692487845259,-0.3672829440931688
-1.636683891122164,0.6945968660180921,-0.0938257345044232,-0.19598357521896068,1.400312797389746,0.8376493397035604,2.384830799187791,1.2037734837496903,1.8742352053904796,0.8201986452008109,-0.9716217231483423,0.11031039142903853,-1.1663579766448542,-1.6337080153615724,-0.21065882289002183,-0.7953824325110457,-0.9633413994393133
1.3141409613533543,2.580344722732889,-0.46491178557809215,2.3179452750149507,-0.3661044346607785,-0.9842530361752951,0.7447093961488154,0.7814140826901749,0.793183627434161,-0.9902064706735354,-1.4291601068550763,2.140791030263157,-1.260634896461872,1.295990412050104,1.4022609110061617,0.6217903123874604,0.9798252096312483
-0.735042963976867,1.5820076221191726,0.8338893931797494,0.5775329940837812,1.4859572692467475,-0.29019498822144535,2.6225295532514106,1.2129786585655846,2.0041932760730266,-0.18954169161124898,-1.1778768147969416,0.5785733949922339,-1.3173951422599706,-0.7552643253659882,1.013262622242964,0.08026901962136444,0.4518361485463716
0.2485653201816401,-0.7474456126461646,0.8338893931797494,0.5775329940837812,-0.5588044963390117,-0.20343773222721404,-0.8478722560774363,-0.6286505862834514,-0.8011377787729798,-0.10094175185183701,0.42713674939556934,0.7544508384886709,0.6614845972830221,0.25520704024500357,1.013262622242964,-0.2769045990115926,-0.21967223644352035
-1.5547165341089555,1.3601549330939027,-0.27936876004125744,2.221255703852108,1.3289424041755915,-0.029923220238752032,0.10292276017704227,1.1272454040653126,0.24354620819824443,0.0699531769801072,-1.0433021628533878,2.125925680921051,-1.4097979522592388,-1.5522837999390602,1.5097888932659076,0.48352955678760723,0.38055782585794207
-0.9809450350164927,-0.08188754557035371,0.09171729103241152,0.674222565246624,0.7294311011766215,-0.37695224421567664,2.1233621697178093,1.0015392771455143,1.7248185585622304,-0.28038490449683706,-0.335586875105664,0.8825070575992332,-0.5123960234429854,-0.9792801911061163,0.598963631771592,-0.3114697879115554,-0.37346013131546524
-0.8989776780032841,-0.3037402345956241,-1.0215408621885957,-1.3562584291730733,1.2575720109613973,0.31710580373817315,0.5783202683042816,1.2401445191878813,0.6596123662739154,0.38910700786658775,-0.3847533166967089,-1.1058956082843026,-0.2936109129612247,-0.9104045922115727,-1.4219299171689197,-1.2677733474772122,-0.9998429602983278
1.5600430323929815,0.2508914879675513,1.5760614953270884,-0.776121002196017,-1.4473658918553318,-1.2445248041579886,-0.4675542495756449,-0.8405723409223997,-0.3410475775182748,-1.3434207969926282,-0.930952267938314,-0.24471143858488212,-0.04175091094500397,1.5680504126249901,0.0455107819052546,-1.6019035068435272,-1.3652596849418936
0.9862715333005201,-0.08188754557035371,-1.485398426030682,-0.5827418598703313,-1.1404732010344432,-0.7239812681926012,-0.9667216331092462,0.23268850280246456,-0.9598413011043403,-0.6686677176331566,-0.5660511707289265,-0.1983917103455774,0.09816923384443632,0.995071367856924,-1.1546912553763167,-1.1525560511440018,-1.5112659283779613
-1.2268471060561197,-0.3037402345956241,0.09171729103241152,-0.2926731463818035,1.507368387210978,0.750892083709329,1.0774876518378829,1.4060076903538665,1.0444837796477284,0.7518515263711428,-0.0943683902510577,-0.19588828209277243,-0.40351262670961086,-1.2357559844476405,-0.19168329660889016,-0.33451324717819825,-0.85784787739622
-0.07930410787119559,-0.1928138900829889,0.18448880380082888,-0.9695001445217023,0.5081828822126947,-0.8107385241868326,0.5307805174915576,0.2654756346403313,0.6203878196850902,-0.7726783407028834,-0.7182170003973603,-0.367200221010744,-0.12981466282455675,-0.09206282698401887,-0.7087663877697251,-1.9014684773098776,-1.181508420881282
-0.48914089293723984,-1.4130036797219752,-1.6709414515675167,-0.09929400405611787,0.47963472492704073,-0.8107385241868326,-1.3470396396110376,0.7400720105381283,-1.5290243901929277,-0.7726783407028834,1.800035205665578,0.010056329991491579,1.6754492471439004,-0.4925642005919008,-0.9949805758434597,-0.3114697879115544,-0.05709990000220536
-0.5711082499504484,-0.08188754557035371,0.6483463676429156,-0.0026044328932750627,0.22270130935603663,1.3581928756689476,0.8873286485869871,-0.7836769365775159,0.9033413825577722,1.2050079679899344,0.08693100020365103,-0.32738399178918814,-0.38519492817477247,-0.5670485170429514,0.35860696554392557,0.875268364320525,1.071921455490922
0.90430417628731,-0.6365192681335294,-1.0215408621885957,-0.6794314310331742,-1.2760769481413685,-0.5504667562041392,-1.5847383936746573,-1.4468080202105298,-1.9450905482686016,-0.46927668735086014,0.46754349868694517,-0.7449788146995269,0.7492044920104836,0.9180870063461608,-1.0013057512705035,0.04570383072140062,-0.21806777222993667
-0.9809450350164927,1.914786655657078,-0.46491178557809215,0.964291278735152,0.5795532754268493,1.7919791556401041,1.1487972780569686,0.6371569160108173,1.0958269498392674,1.4968854973090242,-1.3112168064871488,1.0171401069016455,-1.4689461341930332,-0.9761000862489032,0.42818389524140776,0.04570383072140062,-0.15806081064192679
-0.8989776780032841,1.803860311144443,-0.27936876004125744,0.8676017075723091,1.2932572075684745,0.40386305973240444,0.22177213720885208,0.8212704853301495,0.3528143914340528,0.4646490664410443,-1.2059364521546352,0.7510641629425312,-1.4207253588138273,-0.911167147260361,0.4914356495118464,0.36831226045439486,0.8148862884749009
2.0518471744722344,1.2492285885812675,0.8338893931797494,-0.776121002196017,-1.4687770098196018,-0.8974957801810638,-0.5864036266074547,0.21027931237287534,-0.477758774168862,-0.8797942129914668,-1.3165357393915083,-0.3894897969437453,-0.5965418109950534,2.0527320916437946,-0.2707479894469384,-1.267773347477213,-1.2287197803659675
-1.4727491770957455,-0.4146665791082593,-1.5781699387990995,-0.19598357521896068,0.9007200448905847,0.14359129174971055,1.0774876518378829,0.8081435013633709,1.0444837796477284,0.2330774146353509,0.3654072103415853,-0.422993390303834,-0.38519609417995426,-1.4637554599838718,-0.9949805758434597,0.5872251234874967,0.33446959132276355
-0.3252061789108227,-0.6365192681335294,0.3700318293376636,-0.6794314310331742,1.1505164211401653,0.31710580373817315,-0.13477599388657738,0.8846715810477487,0.012966759674150239,0.38910700786658775,0.8446665740825208,-0.9983532119004449,0.28087358092126896,-0.3475250423422903,-0.3846011471337275,0.9674422013870945,1.27488617850919
0.5764347482344758,-0.9692983016714347,0.3700318293376636,-0.3893627175446463,-1.2296861925521365,0.23034854774394187,-1.085571010141056,-1.3502935043163888,-1.1269456568775238,0.3119402649770985,0.442730419564788,0.019538381048848894,1.1813806113786236,0.5943533742050227,-0.13317542390873435,-1.1064691326107159,-1.1496196946363155
-0.735042963976867,0.5836705215054568,-0.18659724727284058,0.09408513826956774,0.29407170257023085,1.0979211076862543,0.7922491469615393,-1.1793069189638352,0.8303315311366507,1.017759471287118,-0.06671000121309162,-0.6583048947347845,-0.8847469608899523,-0.7292023042040392,-0.03671649864631567,2.338528027752316,2.370374231938432
0.5764347482344758,0.6945968660180921,-0.8359978366517611,-0.776121002196017,-1.0155750129096726,0.23034854774394187,1.0537177764315209,-0.5361622715405847,1.0271821725509864,0.3119402649770985,-1.1241349762529322,-0.3163694136370842,-0.6208893345321282,0.5888370528979399,-0.9823302249893717,-1.4405992919770312,-1.5490109490025055
-0.735042963976867,-0.1928138900829889,-0.001054221736005843,-0.5827418598703313,0.8150755730335832,0.40386305973240444,-0.6101735020138167,1.1851307390420138,-0.5058259402618857,0.4646490664410443,-0.1996724091114963,-0.508858045493006,-0.34116414485585816,-0.7406161870851594,-0.4715723092555806,-0.35755670644484117,-1.3110689061281235
-0.9809450350164927,0.02903879894228149,-1.0215408621885957,-0.6794314310331742,-0.13415065671477602,0.4906203157266358,-1.2281902625792278,-0.8405723409223997,-1.3398938880642481,0.5386334452652105,-0.20252083275799485,-0.8000482630349884,-0.5978021681011259,-0.9609198394238495,-1.0013057512705035,0.2300515048545396,0.13411212265156636
0.4125000342080572,0.4727441769928217,-0.6504548111149269,-0.6794314310331742,-0.9691842573204404,-1.1577675481637577,-0.8241023806710743,-0.6286505862834514,-0.7703323110645232,-1.2217781224792306,-0.5960582484478811,-0.7449788146995274,-0.5211397199069864,0.4265138983743714,-0.8368511901673631,0.04570383072140165,-0.338081695405955
0.33053267719484863,0.9164495550433619,0.6483463676429156,-0.19598357521896068,0.593827354069696,0.8376493397035604,-0.5864036266074547,1.3385210754711645,-0.477758774168862,0.8201986452008109,-0.9597592752731111,-0.09756924284652879,-0.8049565992152065,0.30695577447449446,0.1815020535866974,-0.3114697879115554,-0.31594008925850775
0.6584021052476844,-1.7457827132598804,-1.485398426030682,-1.1628792868473878,-1.0619657684988653,1.0979211076862543,-0.396244623356559,-1.2615087562840905,-0.26177474292628716,1.017759471287118,2.1802918125007946,-0.7829348477390801,3.621609362765556,0.6706172460839716,-1.4677874390149876,-1.5097296697769578,-1.3557933460817537
2.2157818884986527,0.2508914879675513,-0.7432263238833442,-0.48605228870748857,-1.9737225418097815,-0.6372240121983705,-0.7527927544519885,-1.031191601614447,-0.6796791355505106,-0.5675873644269371,-0.6889646679091831,-0.24658236433667252,0.14141873408158112,2.2294527159120987,-0.7482987341887493,-0.7608172436110809,-0.9797069344178605
0.08463060615522153,0.4727441769928217,-1.0215408621885957,-1.9363958561501295,-0.6908397237852058,-0.5504667562041392,0.43570101586610976,-1.2615087562840905,0.5404459448543757,-0.46927668735086014,-1.0497850930286128,-1.7095104502734288,-0.607000508900803,0.0974770166965441,-1.7824649165104194,-1.7171208031767387,-1.7386987306533739
-1.3088144630693284,-0.4146665791082593,0.18448880380082888,-0.776121002196017,1.3574905614612454,1.011163851692023,-0.08723624307385346,1.2490539421824454,0.06044938971628145,0.9531069969387995,-0.15313721474478162,-0.5468575804649818,-0.3279556278093763,-1.312728672314186,-0.5474744143801068,-0.8645128103109713,-0.6637077075526574
1.1502062473269372,0.4727441769928217,1.483289982558671,0.09408513826956774,-0.9192249820705559,-0.11668047623298272,-1.6322781444873813,-1.2615087562840905,-2.0353119831112827,-0.014476959580863336,-0.5636491881206861,-0.008793760896726269,-0.3279529446708999,1.15022814491279,0.9310353416913946,0.2530949641211825,0.6509902690573813
0.4125000342080572,-0.08188754557035371,0.462803342106081,1.5444287057122081,-0.6337434092138979,-0.5504667562041392,0.43570101586610976,-1.4468080202105298,0.5404459448543757,-0.46927668735086014,0.5478595914501773,0.5255991803067688,-0.07991229953106184,0.41804002469643675,1.6204794632391741,2.4422235944522064,2.5600620135893006
-0.8170103209900755,0.13996514345491606,0.9266609059481667,0.674222565246624,1.400312797389746,0.14359129174971055,2.2184416713432573,1.3426065946362677,1.7799734176038478,0.2330774146353509,-0.25744027810094366,0.481886756602171,-0.629946799652181,-0.8334256596621401,1.1682294202055383,0.5180947456875701,0.22845461841025702
0.33053267719484863,-1.1911509906967048,0.741117880411332,-0.2926731463818035,-0.448180386857088,-0.37695224421567664,-0.8003325052647124,0.6524567061558807,-0.7398244853787111,-0.28038490449683706,0.8280238979077543,0.14457115110010577,1.5407696194619431,0.33291333988887495,0.14038841331091206,-1.117990862244038,-1.9670540998515962
0.49446739122126576,-0.4146665791082593,-0.6504548111149269,-0.09929400405611787,-0.6337434092138979,-0.5504667562041392,-0.3487048725438351,-1.2615087562840905,-0.210010708302956,-0.46927668735086014,0.19255906864612965,-0.16744286916687984,0.30168950226698166,0.49852809946286,-0.4383651382636005,0.13787766778797114,0.09367962446927099
-0.5711082499504484,0.2508914879675513,1.2049754442534188,-0.3893627175446463,-0.027095066893504497,-0.5504667562041392,1.7192742878096559,-0.6530299676383503,1.4790281513810286,-0.46927668735086014,-0.5852556964681269,-0.2769032613990566,-0.6370522572814036,-0.5614488835212668,0.2795422727058769,-0.4036436249781249,-0.447064927113592
-0.653075606963657,-0.7474456126461646,-0.8359978366517611,-0.3893627175446463,-0.580215614303282,-1.33128206015222,-1.703587770706467,-1.9481576933068847,-2.1756699967926956,-1.469332496695443,-0.2148702518992618,0.4273650174134881,0.30168759426052255,-0.6294974821726222,-0.7293232079076178,-1.8899467476765566,-1.8417855563760923
1.5600430323929815,-0.4146665791082593,-1.2070838877254306,0.2874642805952528,-1.4188177345696777,-1.4180393161464513,-0.08723624307385346,-0.6779572458674805,0.06044938971628145,-1.599823795294917,-0.023501108473189793,0.48244559443105806,0.6737525336757391,1.5672353650195026,-0.5142672433881268,-0.3921218953448029,-0.17795616689035718
-0.16127146488440414,-0.08188754557035371,-1.1143123749570132,-1.6463271426616015,0.3440309778201153,0.8376493397035604,-0.6339433774201787,0.8846715810477487,-0.5341448331772878,0.8201986452008109,-0.6428726026033474,-1.3946446493932896,-0.2579938329065595,-0.16843363794945349,-1.627498118547845,-1.5097296697769567,-1.2574396897891047
1.5600430323929815,0.6945968660180921,-0.9287693494201784,-0.3893627175446463,-0.8549916281777851,2.52941583159107,-1.085571010141056,0.2761927924020081,-1.1269456568775238,2.1135040246364536,-0.33106606010906325,-0.889805802207465,-0.378458826926473,1.5511651284603536,-0.7751807297536858,1.6011373312197579,0.9293246985087178
-1.3088144630693284,0.02903879894228149,0.18448880380082888,-1.5496375714987587,1.61442397703221,0.31710580373817315,0.5783202683042816,1.3668086572793625,0.6596123662739154,0.38910700786658775,-0.3136375614171362,-1.5913957267078982,-0.6959287402876906,-1.3179239525688244,-1.1926423079385797,-0.2192959508449859,-0.18417346571799165
1.4780756753797728,1.4710812776065372,0.462803342106081,0.38415385175809563,-0.6337434092138979,-1.1577675481637577,-0.5626337512010927,0.11582080670469919,-0.4499388990964361,-1.2217781224792306,-0.8339868083642079,-0.14446400538317958,-0.8263629289014105,1.4643849966599558,0.5958010440580699,1.428311386719942,1.517802060445681
0.16659796316843153,-0.9692983016714347,0.462803342106081,0.2874642805952528,-0.7407989990351298,-0.7239812681926012,-0.9904915085156082,-0.8405723409223997,-0.9925621679584964,-0.6686677176331566,0.8793989303100056,0.3476994385368105,1.0006214420926054,0.17920543737688938,0.510411175792978,-0.10407865451177352,-0.23230739212548676
1.9698798174590257,0.8055232105307267,-0.5576832983465095,-0.48605228870748857,-0.20552104992893064,-0.9842530361752951,-1.774897396925553,1.2839928054406171,-2.3225585927294037,-0.9902064706735354,-0.49142265523433665,-0.8911073072166911,-0.3524839152892955,1.9346713520028949,-0.6597462782101352,1.2554854422201238,0.7111977886720887
0.49446739122126576,0.02903879894228149,0.27726031656924627,-0.48605228870748857,-1.2760769481413685,-2.112097364100301,-1.727357646112829,-0.6779572458674805,-2.2238775804357296,-2.588353925259448,-0.7210655665006547,0.01763281748193103,-0.1562325932615869,0.5149150712725344,-0.26126022630637236,-1.3599471845437816,-1.8355281459431154
-1.0629123920297012,2.580344722732889,0.462803342106081,1.0609808498979947,1.3289424041755915,0.40386305973240444,2.551219927032325,1.2221080697668647,1.9657643790776422,0.4646490664410443,-1.4901654679059142,1.0800414405506018,-1.6512177638609042,-1.0720181120468095,1.1935301219137142,0.12635593815464918,0.3535226038590633
-1.3088144630693284,1.4710812776065372,-0.7432263238833442,-0.5827418598703313,1.050597870640357,2.52941583159107,-0.8241023806710743,1.0765874137159805,-0.7703323110645232,2.530809295077329,-1.162820426523471,-0.5682631600827981,-1.3959763588195977,-1.3065133617731481,-0.8131317823159486,-0.1847307619450231,-0.5251622227097525
-0.653075606963657,-1.30207733520934,0.09171729103241152,0.38415385175809563,-0.11630805841119775,-0.5504667562041392,-0.6814831282329026,-1.1027788392794577,-0.5915561492431368,-0.46927668735086014,1.3160633473135208,0.6933466216965583,1.3033888988604652,-0.6398176997071217,0.36176955325744714,-0.5879912991112628,-0.12364505326056704
-0.16127146488440414,0.6945968660180921,-0.46491178557809215,-0.2926731463818035,0.6295125506767734,1.1846783636804856,0.958638274806073,0.9329060151260258,0.9570118315684041,1.081267593768474,-0.6055899156973256,-0.5153180378216692,-0.8027122152363703,-0.17514171135792356,-0.4763161908258634,0.5757033938541747,0.5131667931105873
-0.07930410787119559,-1.3575405074656577,2.503776623011262,1.5444287057122081,-0.41963222957139446,-0.37695224421567664,-0.03969649226112952,-1.2615087562840905,0.10722854746078214,-0.28038490449683706,2.0520593680847035,1.3511135537477046,1.7493087294399263,-0.069996970750528,3.325114240827494,0.5814642586708362,0.48761570050927666
-1.2268471060561197,-0.6365192681335294,-0.7432263238833442,0.674222565246624,2.149701926138449,-0.11668047623298272,-0.1942006824024823,1.432645404078945,-0.047408605480674215,-0.014476959580863336,0.6089646519602862,0.466859055595381,-0.06256908721082094,-1.2488632773207935,0.02969784333764495,0.5526599345875328,1.1550327017545297
-0.3252061789108227,0.4727441769928217,-0.001054221736005843,-0.2926731463818035,0.9435422808190853,-0.20343773222721404,1.2914165304951406,0.9903912717577839,1.1960745885083495,-0.10094175185183701,-0.5312401277934914,-0.4331963947628997,-0.714326495143073,-0.3427702303556103,-0.2391221123117191,0.3222253419211091,0.14229489014084135
-0.735042963976867,0.3618178324801865,0.3700318293376636,0.19077470943241,0.6152384720339662,0.23034854774394187,0.958638274806073,0.6371569160108173,0.9570118315684041,0.3119402649770985,-0.42355865403672466,0.002240897539871565,-0.7544874034307547,-0.7362422173464226,0.369676022541252,0.4835295567876052,0.38055782585793924
1.9698798174590257,0.5836705215054568,-0.7432263238833442,-0.48605228870748857,-1.7399845040334132,-0.9842530361752951,-0.15854586929293935,-1.3502935043163888,-0.011045032048426011,-0.9902064706735354,-0.6952494125338309,-0.5150590885871508,-0.19786058389356698,1.9801141949097503,-0.7482987341887493,-0.034948276711846915,-0.03760565980717126
-0.8989776780032841,0.02903879894228149,1.2049754442534188,-2.3231541408015004,0.672334786605274,0.6641348277150978,-0.15854586929293935,1.097129060014584,-0.011045032048426011,0.6821771964116963,-0.3877153805232305,-2.362347772726134,-0.5732705250544853,-0.8978768343112923,-1.6812621096777174,-0.5419043805779791,-1.3275146643173497
-0.653075606963657,-1.52393002423461,2.503776623011262,0.674222565246624,-0.20552104992893064,0.6641348277150978,-0.03969649226112952,-1.3502935043163888,0.10722854746078214,0.6821771964116963,2.427222961624108,0.6119607793805835,1.9044082506287878,-0.6378351406443863,2.2435092428029946,0.2300515048545396,0.5937911198431397
1.7239777464193986,0.4727441769928217,1.9471475464007568,1.1576704210608375,-0.8692657068206319,-1.8518255961176076,-0.9667216331092462,0.71162898546923,-0.9598413011043403,-2.334649750106048,-0.7256944897566618,1.3690793866585325,-0.17769656393172156,1.7126546596800332,2.4174515670467,-0.196252491578343,-0.18758295217185506
2.0518471744722344,0.4727441769928217,0.741117880411332,-0.48605228870748857,-1.4759140491410252,-0.37695224421567664,-1.038031259328332,0.16405524078297637,-1.0590390526831654,-0.28038490449683706,-0.9201488517198324,-0.10980215678917912,-0.09183577493790536,2.052945681589361,-0.03987908635983769,-1.083425673344073,-1.123787820797627
0.08463060615522153,-0.7474456126461646,-0.7432263238833442,2.3179452750149507,-0.776484195642207,0.31710580373817315,-0.6339433774201787,-1.3502935043163888,-0.5341448331772878,0.38910700786658775,0.5259070572870819,2.450397176888237,0.5960669603698401,0.09956179393038843,1.1318596615000367,0.160921127054613,-0.0025080051350388445
-1.1448797490429112,-0.8583719571587995,-0.6504548111149269,0.38415385175809563,2.0426463363172167,0.40386305973240444,1.2438767796824166,1.5868540490655547,1.1630110885471505,0.4646490664410443,1.0049421369401381,0.14893350274362413,0.2558944961222314,-1.1667978941391017,-0.1062934283437983,0.6102685827541395,0.16744486668875713
0.002663249142012967,-1.4130036797219752,-0.46491178557809215,-0.3893627175446463,0.33332541883800004,0.23034854774394187,0.31685163883429995,0.47129374484483205,0.437585533678028,0.3119402649770985,1.3852007026784203,-0.012185733981585704,1.9502027988416575,-0.007644290700023095,-0.545893120523346,-1.0373387548107893,-0.10150344711311836
-1.0629123920297012,2.580344722732889,-1.0215408621885957,-2.2264645696386576,-0.20552104992893064,-0.11668047623298272,-1.3708095150173996,-0.41045614462078606,-1.5682489367817558,-0.014476959580863336,-1.7341869121092648,-2.0915544514944484,-1.6512177638609042,-1.0397892801205229,-1.9627324161811692,-1.647990425376812,-1.4191696825182876
1.2321736043401457,-0.4146665791082593,-1.1143123749570132,-0.0026044328932750627,0.7936644550693527,-0.7239812681926012,-0.13477599388657738,1.5054070380414097,0.012966759674150239,-0.6686677176331566,0.9703757062756798,-0.7101801841495682,0.5592716009345833,1.1838081327278402,-0.6328642826451989,2.2233107314191045,1.7562254425841397
-0.653075606963657,0.02903879894228149,0.09171729103241152,0.09408513826956774,-0.5195507800712426,-0.7239812681926012,-0.27739524632474916,-1.2615087562840905,-0.13392183626255794,-0.6686677176331566,0.16786826277247685,-0.42321370244656586,-0.4996755959145616,-0.6308485858927638,0.12457547474330284,1.4743983052532257,1.463731616447928
-1.0629123920297012,-0.4146665791082593,0.27726031656924627,0.5775329940837812,-0.20552104992893064,0.9244065956977916,0.4832407666788337,-1.1027788392794577,0.5806698696426701,0.8872681726876441,-0.32598535644023724,1.269421182437448,-0.24209492825350898,-1.0397892801205229,0.6432398597608988,-1.1640777807773226,-1.2399911414663887
-1.2268471060561197,0.02903879894228149,-0.46491178557809215,0.8676017075723091,2.2210723193526034,1.9654936676285666,1.3627261567142264,1.7592420461008333,1.2450296062642032,1.607297754991093,-0.09140410409885306,0.5723817183775178,-0.6713970972410495,-1.2503167304667513,0.3586069655439251,0.7600510679873157,0.0980116778459468
-0.8170103209900755,-1.30207733520934,1.6688330080955056,1.2543599922236803,0.7472736994801602,0.23034854774394187,-0.1823157446993013,-0.9005446326752814,-0.03524082396888361,0.3119402649770985,2.8716933816902204,0.3362120399169692,1.217528378179937,-0.8193080074512336,2.309923584786955,2.2809193795857112,1.967533379513042
-0.653075606963657,-1.0802246461840699,-0.001054221736005843,1.5444287057122081,0.25838650596315355,-0.20343773222721404,-0.1823157446993013,-1.1027788392794577,-0.03524082396888361,-0.10094175185183701,2.2379217034534817,0.563790612348894,0.8359286610455807,-0.6481335631435607,1.2330624683327378,2.338528027752316,2.028503019629201
-0.07930410787119559,0.5836705215054568,-0.6504548111149269,-0.48605228870748857,-0.7407989990351298,-0.4637095002099079,-0.6577132528265406,-1.4468080202105298,-0.5627200091491062,-0.37358794334610596,-0.8209572947979785,-0.350423251251045,-0.718229051315071,-0.062331832394043246,-0.7040225061994421,-0.49581746204469335,-0.7462573913415108
1.2321736043401457,0.02903879894228149,-1.8564844771043516,0.09408513826956774,-0.46245446549989516,-0.4637095002099079,-0.20608562010566328,0.7678038849499831,-0.05962345783116127,-0.37358794334610596,-0.4988321091823719,0.3596613715296069,0.06455219415818257,1.2182106092619074,-1.0044683389840252,-0.5995130287445848,-0.47028954660520966
0.002663249142012967,0.3618178324801865,1.3905184697902535,0.964291278735152,0.8935830055692009,0.31710580373817315,-1.2044203871728658,0.6059092947591945,-1.3033901821391358,0.38910700786658775,-0.08901354889955564,0.27904284315546923,-0.5550688168380568,-0.021052488200902084,1.7880966120558364,1.7278763571862923,2.063560562695991
-0.735042963976867,2.580344722732889,-0.0938257345044232,-2.2264645696386576,0.4332439693378482,2.1390081796170293,0.38816126505338583,-1.1793069189638352,0.49970298737076374,1.7144136272796777,-1.3681547458042387,-2.3701932508087555,-1.5973442649093137,-0.7322544968855483,-1.8046030305050729,0.4259209086209995,0.505545588096068
0.6584021052476844,-0.6365192681335294,-1.2998554004938478,1.5444287057122081,-0.9905953752847105,0.750892083709329,-0.22985549551202525,-1.669395407018331,-0.08419584172473729,0.7518515263711428,0.37326272983805087,1.63839761431129,0.655538309792641,0.6687632109174164,0.14829488259471688,0.08026901962136444,0.2710932548862284
-1.0629123920297012,-0.9692983016714347,0.09171729103241152,-0.09929400405611787,2.2710315946025275,0.31710580373817315,1.3151864059015026,1.6988028138235527,1.2124774066676323,0.38910700786658775,1.316067441055223,-0.3875568366496075,0.4583439342345511,-1.0916678133874695,-0.033553910932793654,0.7715727976206346,0.5653118800520396
1.1502062473269372,0.9164495550433619,-0.001054221736005843,-0.6794314310331742,0.36544209578438547,-1.1577675481637577,0.7922491469615393,1.117297201065335,0.8303315311366507,-1.2217781224792306,-0.3547899391073283,-1.2382529615063778,-0.6141547796451902,1.1152473679438861,-0.5490557082368677,2.0504847869192844,1.6866719189253068
-0.07930410787119559,-0.3037402345956241,2.503776623011262,0.674222565246624,0.07282348360630403,0.750892083709329,0.3406215142406619,0.37802730506175736,0.458427427137323,0.7518515263711428,-0.343269755775902,1.229248370264159,-0.018856628590260514,-0.08172322330364838,2.2435092428029946,-0.9105997288442561,-1.0900940723123809
0.8223368192741014,-1.0802246461840699,-1.1143123749570132,1.5444287057122081,-0.6694286058209752,0.31710580373817315,-1.1331107609537798,0.11582080670469919,-1.196344832782428,0.38910700786658775,0.7399065559941239,2.132286447511713,1.5228133034900435,0.821421683664163,0.30326168055729136,-0.6571216769111905,-0.5081147904404314
0.740369462260893,0.30635466022386887,0.27726031656924627,0.4808434229209384,-0.7836212349636305,0.31710580373817315,-1.01426138392197,-1.1793069189638352,-1.0256256679196953,0.38910700786658775,-0.2820626624621845,0.14911188213272883,-0.3138778035280689,0.7439129051480408,0.5610125792093286,0.8579857698705446,1.0525475501119064
-0.16127146488440414,-0.3037402345956241,1.0194324187165842,-0.0026044328932750627,0.6009643933911194,-0.11668047623298272,0.0791528847706803,0.8212704853301495,0.22123137754992137,-0.014476959580863336,-0.0943683902510577,0.11302863603362408,-0.04633205702735669,-0.1744713892006102,0.5673377546363726,-0.29994805827823445,-0.07270331447930367
-0.3252061789108227,-0.8583719571587995,0.3700318293376636,2.3179452750149507,-0.24120624653600795,0.05683403575547927,0.6020901437106435,-1.8000423759574964,0.679043414640239,0.1524422178765131,0.7975245397528682,2.2990449226806966,0.5993370081447986,-0.31544614623309786,2.213464659524536,0.3798339900877158,1.2645373843315801
-0.735042963976867,-1.6348563687472453,-1.1143123749570132,-0.3893627175446463,0.22270130935603663,0.6641348277150978,-0.372474747950197,0.2973213778796623,-0.23578665058535841,0.6821771964116963,2.5126941262415614,-0.29011623546139276,2.22142861252169,-0.7276361485042406,-0.8668957734458216,-0.36907843607816104,0.30530845424088926
1.64201038940619,1.2492285885812675,0.462803342106081,0.19077470943241,-1.2903510267841758,2.52941583159107,-1.3708095150173996,-0.9005446326752814,-1.5682489367817558,2.530809295077329,-0.4921817425385627,-0.5987015013027718,-0.684604208074837,1.6442069250649742,0.42502130752788575,2.4191801351855644,1.7694622723462012
0.740369462260893,-1.52393002423461,1.3905184697902535,-0.0026044328932750627,-1.1440417206951747,2.52941583159107,-1.9888262755828108,-1.5525277109205653,-2.8041417031446296,2.530809295077329,2.427222961624108,-0.07001741309844618,2.7384811353934917,0.7533545803750775,0.7760685437288201,0.14939939742129105,0.16712397384603983
0.4125000342080572,-0.7474456126461646,-0.0938257345044232,-0.48605228870748857,-0.6373119288745898,0.23034854774394187,-1.703587770706467,-1.1793069189638352,-2.1756699967926956,0.3119402649770985,0.3777515954498133,-0.34167620572271873,0.7269022341962037,0.41813008777462024,-0.4383651382636001,-0.5188609213113362,0.09789134302992836
-1.4727491770957455,0.6945968660180921,0.09171729103241152,2.3179452750149507,1.4716831906039007,0.23034854774394187,0.6258600191170055,1.5159210238638194,0.6983556179308059,0.3119402649770985,-1.00212437376926,3.0565097956345317,-1.1259528920439112,-1.475063003821415,1.9430634100184112,-0.6110347583779058,-0.8159713614216989
0.16659796316843153,-0.4146665791082593,-1.1143123749570132,0.2874642805952528,0.15133091614188202,2.52941583159107,-0.11100611848021542,0.21027931237287534,0.03679732860017462,2.4296430546887087,0.19255906864612965,0.22225895510685134,0.18720856952582632,0.15734028709099834,-0.45734066454473216,0.18396458632125587,0.6322982609691384
0.5764347482344758,-0.8583719571587995,0.462803342106081,0.2874642805952528,-0.5017081817677039,-0.029923220238752032,-0.6339433774201787,-0.8405723409223997,-0.5341448331772878,0.0699531769801072,1.1086509355337721,-0.029548345217802672,0.9771237713696228,0.5756250972973879,0.510411175792978,0.8291814457872413,1.249375197513219
-0.48914089293723984,1.0273758995559972,-0.6504548111149269,-0.9695001445217023,0.6794718259266974,1.1846783636804856,0.6733997699297294,0.9446438728006304,0.7366292428455685,1.081267593768474,-0.8982500212507198,-1.053518680170741,-1.047326338755714,-0.497076891264234,-1.0360942161192446,0.06874728998804452,0.19788957514149785
0.9862715333005201,-0.9692983016714347,-0.7432263238833442,-0.5827418598703313,-0.776484195642207,-0.5504667562041392,-0.8716421314837983,0.21027931237287534,-0.8322467535124602,-0.46927668735086014,0.7156482387805491,-0.4383118824899165,1.3621397806646418,0.9852877635694353,-0.8131317823159486,-0.5534261102112991,-0.6692431090895192
0.4125000342080572,1.3601549330939027,0.09171729103241152,-0.3893627175446463,0.07996052292772741,0.05683403575547927,-0.372474747950197,0.31805501330887553,-0.23578665058535841,0.1524422178765131,-0.913665840522159,-0.6625640070781502,-0.9976659075071976,0.40006383292384634,-0.2707479894469384,0.7485293383539927,1.189448459135888
-0.8989776780032841,0.2508914879675513,-0.18659724727284058,-0.8728105733588598,0.4368124889985401,-0.29019498822144535,0.0791528847706803,0.5406424001166761,0.22123137754992137,-0.18954169161124898,-0.6543950107621646,-0.7201109452180458,-0.7286370797946958,-0.8928235215704572,-0.7799246113239687,-0.6916868658111542,-0.6846459655399172
-0.653075606963657,-0.5255929236208943,-0.18659724727284058,0.38415385175809563,1.4895257889074394,0.9244065956977916,0.5070106420851956,0.9562588187127592,0.6005912946825762,0.8872681726876441,0.7749815013065631,-0.11393576162745189,0.02295278799916604,-0.675333905999827,0.1862459351569802,1.3361375496533725,1.9335187381850758
-0.8170103209900755,0.13996514345491606,0.27726031656924627,1.9311869903635794,1.9355907464959452,0.31710580373817315,1.0537177764315209,1.662727530206692,1.0271821725509864,0.38910700786658775,-0.25744027810094366,1.7061436280888145,-0.629946799652181,-0.8449589406757416,1.7944217874828803,0.6678772309207441,0.4212309936722715
1.64201038940619,1.0273758995559972,1.2049754442534188,0.2874642805952528,-0.9905953752847105,-0.7239812681926012,-0.5150940003883688,0.16405524078297637,-0.39502385590537664,-0.6686677176331566,-1.1224857765867924,0.639667490625928,-0.5646492670659989,1.6355947356852159,0.965823806540135,-0.7032085954444752,-0.4509958644368702
0.33053267719484863,-0.9692983016714347,-0.0938257345044232,0.2874642805952528,-0.9192249820705559,-1.5047965721406826,0.12669263558340424,-1.4468080202105298,0.2657044422539355,-1.7352404416114184,0.8248153664668537,0.40042449477255726,1.0729251098070127,0.3446977766386664,0.16885170273260933,-0.21929595084498488,-0.009687982490822415
0.4125000342080572,-1.1911509906967048,-1.1143123749570132,-0.48605228870748857,-1.0905139257845191,-1.33128206015222,-0.9429517577028842,-0.5361622715405847,-0.9274560387990313,-1.469332496695443,0.8890290197232891,-0.13512316795462803,1.5811745852251011,0.4295828764809572,-0.925403646145977,-1.0258170251774685,-1.2168467451854512
2.2977492455118615,1.6929339666318077,-0.18659724727284058,-0.776121002196017,-1.4366603328732164,-0.6372240121983705,-0.13477599388657738,-0.41045614462078606,0.012966759674150239,-0.5675873644269371,-1.119877738299964,-0.9432237791350753,-0.7632454660691241,2.2937841883996066,-0.7056038000562034,0.3913557197210357,0.4982452759242631
-0.48914089293723984,0.6945968660180921,1.2049754442534188,-0.3893627175446463,0.6152384720339662,0.31710580373817315,2.242211546749619,0.6971292077636988,1.7936129005614694,0.38910700786658775,-0.9411190725274239,-0.15731305147263716,-0.8835223844382556,-0.4956269372320828,0.2795422727058769,-0.7032085954444752,-0.34141095864914084
0.9862715333005201,-0.8583719571587995,0.741117880411332,-0.48605228870748857,0.1727420341061522,-0.4637095002099079,-0.13477599388657738,1.275360721414701,0.012966759674150239,-0.37358794334610596,0.22712614748787815,-0.047338128211461626,1.1488450273809065,0.9598680921341309,-0.03987908635983769,-1.2216864289439273,-1.048458225969898
-0.48914089293723984,-0.1928138900829889,1.483289982558671,1.0609808498979947,0.22270130935603663,-0.5504667562041392,-0.13477599388657738,-1.2615087562840905,0.012966759674150239,-0.46927668735086014,0.2789841366908397,0.565544735312976,-0.2619080890941201,-0.486754701312309,1.958876348586021,1.220920253320161,1.3230201049166865
-0.735042963976867,-0.5255929236208943,0.6483463676429156,-0.09929400405611787,1.0077756347118563,-0.4637095002099079,1.2676466550887786,0.9090509624026475,1.1795861155578766,-0.37358794334610596,0.5495274442858812,-0.3650665371525667,-0.006911797740472859,-0.7448292882632016,0.27005450956531174,0.702442419820709,0.29696524033025773
1.887912460445817,-0.9692983016714347,-0.37214027280967477,0.09408513826956774,-1.3474473413555232,-0.29019498822144535,-0.7052530036392646,-0.8405723409223997,-0.6206580639591687,-0.18954169161124898,0.8793989303100056,0.14587961065383626,1.7598099530938813,1.8878010293951883,-0.14424448090606076,-0.1271221137784164,0.03644036364969273
0.6584021052476844,0.13996514345491606,-0.8359978366517611,-1.7430167138244441,-1.4188177345696777,-1.2445248041579886,-1.2994998887983136,-1.4468080202105298,-1.4520075136212773,-1.3434207969926282,-0.7581042206138272,-1.5477168635089391,-0.2036037093709546,0.6798986607526387,-1.6148477676937574,-1.3829906438104245,-1.2593650468454056
1.2321736043401457,0.2508914879675513,-1.2070838877254306,0.2874642805952528,-1.4616399704981784,-0.5504667562041392,0.43570101586610976,-1.669395407018331,0.5404459448543757,-0.46927668735086014,-0.44697706788005204,0.24174404361427587,-0.13333573345829602,1.2457509695135318,-0.5142672433881268,0.13787766778797114,-0.17923973826122355
-1.0629123920297012,-0.08188754557035371,-1.0215408621885957,-0.19598357521896068,0.4724976856056174,2.52941583159107,0.6020901437106435,0.2973213778796623,0.679043414640239,2.530809295077329,-0.29717615916845347,-0.10220896301616163,-0.537836242496628,-1.0540642725977556,-0.7008599184859203,-0.2999480582782355,-0.3031043755498439
1.64201038940619,2.0257130001697132,-1.1143123749570132,-0.8728105733588598,-1.0619657684988653,-0.11668047623298272,-1.5609685182682953,0.18740804436970973,-1.9009284941922555,-0.014476959580863336,-1.5697379470564075,-0.49155139220891414,-1.02230362274728,1.6376439324482512,-1.1594351369465998,-1.3138602660104979,-1.2052143796369734
1.1502062473269372,-0.1928138900829889,0.3700318293376636,0.09408513826956774,0.4011272923914628,-0.8107385241868326,-0.08723624307385346,1.3668086572793625,0.06044938971628145,-0.7726783407028834,-0.11989631814444013,0.1118618257865623,0.2664656159841332,1.1142792933673882,0.28586744813292136,-0.04647000634516887,0.36515496940754116
1.2321736043401457,0.02903879894228149,-0.0938257345044232,0.09408513826956774,-0.9513416590169017,-0.29019498822144535,-0.396244623356559,-0.1316938583322322,-0.26177474292628716,-0.18954169161124898,-0.42475429007627763,0.25214755744945166,0.06455219415818257,1.2316662718774822,0.017047492483557317,-0.36907843607816104,-0.15164295378759343
1.64201038940619,1.5820076221191726,-1.1143123749570132,0.4808434229209384,-0.45531742617847176,0.14359129174971055,-0.372474747950197,0.5737558202932183,-0.23578665058535841,0.2330774146353509,-1.0297210002094133,0.18692332728236064,-0.843116145409073,1.6202520846298583,-0.3403249191444206,0.7600510679873137,0.8452908853223006
-0.5711082499504484,-0.7474456126461646,2.318233597474426,0.8676017075723091,0.543868078819772,0.4906203157266358,0.293081763427938,0.8969282493956693,0.4166051548611586,0.5386334452652105,0.47652190334132616,1.0022265432820832,0.3343964127171133,-0.5742364722259575,2.351037225062739,-0.1271221137784164,-0.3457831236311547
-0.07930410787119559,0.2508914879675513,0.3700318293376636,0.2874642805952528,-0.37324147398220187,0.750892083709329,0.0791528847706803,-0.7836769365775159,0.22123137754992137,0.7518515263711428,-0.6198253536151458,0.504938146642843,-0.49967502351146525,-0.0711030086494866,0.45348459694958304,-0.4382088138780877,0.05260534060154241
-1.3088144630693284,1.0273758995559972,0.18448880380082888,1.7378078480378938,1.4217239153539767,2.52941583159107,1.0299479010251589,1.175690535684223,1.0097852393143443,2.530809295077329,-0.7020437353316568,1.228540510772307,-1.2329713663286812,-1.3140281953145556,1.5493212396849307,1.1978767940535193,0.3791138080657163
-1.0629123920297012,-0.1928138900829889,-0.001054221736005843,0.674222565246624,0.7329996208373134,0.23034854774394187,0.982408150212435,0.6824373744435721,0.9747011517543914,0.3119402649770985,-0.11989631814444013,0.7113181709294962,-0.44683888587150866,-1.059534390078834,0.5357118775011533,0.02266037145475876,0.05629560829278362
-0.5711082499504484,-0.3037402345956241,-0.27936876004125744,-0.6794314310331742,1.4502720726396305,1.4449501316631788,0.43570101586610976,1.334420452688856,0.5404459448543757,1.2653138455033308,-0.05288482933025038,-0.6462995144897223,-0.18370919921283904,-0.5944525442228615,-0.6723966290642228,-0.26538286937827066,0.28489164712304416
-1.3088144630693284,-0.5255929236208943,0.462803342106081,-0.2926731463818035,1.6322665753357486,0.6641348277150978,-0.4675542495756449,1.4438686080836542,-0.3410475775182748,0.6821771964116963,0.14371014164865414,-0.18684240001672586,-0.21596389791794077,-1.3182844576578054,-0.0019280337975743518,-0.3575567064448401,-0.8248761378070861
-0.2432388218976127,-0.08188754557035371,0.3700318293376636,-0.2926731463818035,1.0291867526760867,0.05683403575547927,0.1504625109897662,1.428878958357032,0.28770826227459045,0.1524422178765131,-0.5276404547917161,0.08987213885980738,-0.2834340519602021,-0.26462666618905334,-0.0493668495004033,-1.0027735659108266,-1.296909509443251
-0.07930410787119559,-0.3037402345956241,-1.2998554004938478,-1.452948000335916,0.9007200448905847,0.4906203157266358,-0.3249349971374731,1.055658166400302,-0.1844434803938194,0.5386334452652105,-0.30178619485509467,-1.2856109768921806,-0.018856628590260514,-0.10136371174889683,-1.5674089519909284,-1.0488604844441114,-1.2945830363335564
-0.07930410787119559,-0.7474456126461646,-1.2998554004938478,-0.2926731463818035,0.11564571953480472,0.31710580373817315,-0.5626337512010927,0.7678038849499831,-0.4499388990964361,0.38910700786658775,0.8222179809616198,-0.5043992241755145,0.5306493234566585,-0.08274135885137324,-0.9032655321513238,0.5411382049542119,0.3800764865938654
-0.5711082499504484,0.3618178324801865,1.3905184697902535,0.7709121364094663,1.3646276007826688,0.8376493397035604,-1.1568806363601418,0.8342439337995095,-1.2316249248984419,0.8201986452008109,-0.42355865403672466,0.5657777594078607,-0.7101721619657103,-0.5925467681708761,1.5856909983904324,0.5526599345875328,0.9326539617519037
-0.8989776780032841,-0.5255929236208943,0.6483463676429156,0.19077470943241,1.1505164211401653,0.05683403575547927,1.1487972780569686,0.9090509624026475,1.0958269498392674,0.1524422178765131,0.7749815013065631,-0.2853477455047103,-0.0666409692197492,-0.9081160092466116,0.5357118775011533,1.3130940903867305,1.1153222124683464
-0.48914089293723984,-0.3037402345956241,-0.18659724727284058,0.19077470943241,1.507368387210978,1.011163851692023,0.982408150212435,1.2037734837496903,0.9747011517543914,0.9531069969387995,-0.13585195117186502,0.3723662877852087,-0.15623377077574285,-0.515718373355756,0.03760431262144934,-0.39212189534480396,0.6764210268426736
0.6584021052476844,-0.1928138900829889,-0.5576832983465095,-0.0026044328932750627,-1.5401474030337565,-1.4180393161464513,-0.5864036266074547,-1.4468080202105298,-0.477758774168862,-1.599823795294917,-0.7979930913644161,1.0576456777266439,0.10795350446065753,0.683058615392532,-0.31976809900652814,-2.01668577364309,-1.8732731665676612
-0.735042963976867,0.2508914879675513,0.8338893931797494,1.5444287057122081,1.2932572075684745,1.011163851692023,1.1963370288696926,0.7814140826901749,1.1295977037836804,0.9531069969387995,-0.27412878214495834,1.203599040543019,-0.6828446685380498,-0.7510625340579123,1.9304130591643223,0.8637466346872041,2.044547661765031
0.002663249142012967,-0.7474456126461646,1.2049754442534188,0.38415385175809563,-0.16269881400042993,-0.29019498822144535,0.055383009364318336,0.11582080670469919,0.19875772114794182,-0.18954169161124898,-0.01732963611623676,1.1309036805337127,0.5633581419132493,0.004262035510044704,1.0638640256593148,-1.3369037252771396,-1.2316078159504162
-0.8170103209900755,-1.1911509906967048,-0.0938257345044232,-0.19598357521896068,0.22270130935603663,-0.8107385241868326,-0.13477599388657738,0.18740804436970973,0.012966759674150239,-0.7726783407028834,1.438075116063104,-0.23538252186255149,0.9751000987777375,-0.8079299642348845,-0.21065882289002183,0.04570383072140062,0.5620227284141932
-0.40717353592403127,-0.9692983016714347,1.8543760336323394,-0.9695001445217023,0.15133091614188202,-0.8107385241868326,1.576655035371484,0.25465391759127637,1.3874989776938662,-0.7726783407028834,0.8793989303100056,-0.9641294427025235,0.7475586050921798,-0.4048294900411676,-0.05411073107068611,-0.25386113974494867,-0.16487978354965355
0.2485653201816401,-0.4146665791082593,0.9266609059481667,-0.776121002196017,-0.5980582126068206,0.05683403575547927,-0.5388638757947308,-1.031191601614447,-0.42236199546769626,0.1524422178765131,-0.1963492501686458,-0.5036683146763525,0.2158288027111153,0.2561795700223228,-0.23121564302791428,-0.9797301066441837,-0.558174073904226
-0.8170103209900755,2.4694183782202535,-0.001054221736005843,0.2874642805952528,0.9435422808190853,2.52941583159107,-1.085571010141056,1.1565656274395786,-1.1269456568775238,2.530809295077329,-1.4425813407842742,0.24174404361427587,-1.5849534118689035,-0.8235564682392018,0.22577828157600435,0.13787766778797114,-0.08826661735105823
-1.3088144630693284,0.2508914879675513,-0.0938257345044232,-1.1628792868473878,1.6037184180500947,1.0979211076862543,0.5070106420851956,1.5018801123375574,0.6005912946825762,1.017759471287118,-0.44697706788005204,-1.22775658429031,-0.843118107936311,-1.31770763218122,-0.9696798741352843,-0.034948276711846915,-0.27538725626019533
-0.5711082499504484,-0.7474456126461646,0.741117880411332,1.4477391345493653,0.7222940618551981,-0.20343773222721404,-0.9191818822965222,-1.1793069189638352,-0.8953995665596088,-0.10094175185183701,1.2172992125276698,0.7407802469269751,0.3343964127171133,-0.5782241664551021,1.7627959103476603,1.6702677090196876,1.7848250171912585
1.1502062473269372,-0.7474456126461646,-0.18659724727284058,0.38415385175809563,-1.0762398471417118,-1.9385828521118385,-1.3708095150173996,-0.2623408272713978,-1.5682489367817558,-2.501568927563423,0.20490355663966667,0.8184536487254311,1.0212816003055223,1.154521007010195,0.1862459351569802,-0.8184258917776865,-0.36780439496258355
-0.3252061789108227,-0.08188754557035371,-1.1143123749570132,-1.2595688580102304,0.8650348482835073,0.05683403575547927,0.982408150212435,1.4475845820760536,0.9747011517543914,0.1524422178765131,-0.604461886666137,-0.960970863170306,-0.3088742710138452,-0.3409652326396018,-1.3934666277472225,-1.3484254549104606,-1.043604721723809
-0.9809450350164927,-0.08188754557035371,-1.0215408621885957,-0.776121002196017,0.4368124889985401,-0.4637095002099079,0.4119311404597478,0.3973185252040561,0.5201401810160081,-0.37358794334610596,-0.41240830698008496,-0.6010380874049239,-0.5123960234429854,-0.9730689189684183,-1.06139491782742,-0.7147303250777961,-0.5463411503290507
-0.9809450350164927,-0.1928138900829889,-1.0215408621885957,-0.8728105733588598,0.82934965167643,0.05683403575547927,0.3406215142406619,0.9090509624026475,0.458427427137323,0.1524422178765131,-0.5187767729797204,-0.49155139220891414,-0.4204202006175963,-0.9813987711530348,-1.1214840843843366,-1.3138602660104979,-1.154673756909105
-0.8170103209900755,-0.4146665791082593,-0.18659724727284058,-0.3893627175446463,1.5787387804251327,0.05683403575547927,1.3389562813078644,1.4732535635754334,1.2287954553625056,0.1524422178765131,0.49504331661317713,-0.7088044400301108,-0.1562342286976421,-0.8372739380222664,-0.4083205549851424,0.9098335532204899,0.5824796471373807
1.64201038940619,0.2508914879675513,-0.46491178557809215,-0.0026044328932750627,-1.0476916898560185,-0.029923220238752032,-0.30116512173111115,-0.6286505862834514,-0.1590816139620979,0.0699531769801072,-0.30869843929197754,-0.22230876386181916,-0.018854705316680837,1.6372340269152,-0.2675854017334164,0.5641816642208538,1.1048931950800547
-0.8170103209900755,0.2508914879675513,0.27726031656924627,1.7378078480378938,1.3646276007826688,0.577377571720867,0.7209395207424534,1.3426065946362677,0.7744444899712012,0.6111230874510375,-0.4124074107330336,1.642802185896249,-0.7057408741663728,-0.8326555410862043,1.6299672263797398,0.4259209086209995,0.09829245908332178
0.740369462260893,-0.1928138900829889,-1.0215408621885957,-0.2926731463818035,-1.2760769481413685,-0.8107385241868326,-0.20608562010566328,-0.4926579819410412,-0.05962345783116127,-0.7726783407028834,-0.5187767729797204,0.2068251255780396,0.1343721897145699,0.7568182323167105,-0.7609490850428371,-1.2447298882105713,-1.3556328996603944
0.90430417628731,-1.7457827132598804,0.6483463676429156,-0.2926731463818035,-1.3974066166054473,-1.0710102921695264,-1.038031259328332,-1.4468080202105298,-1.0590390526831654,-1.1041244592143058,2.698834077003395,-0.03953465119346676,3.7933300463774224,0.9213274976024535,0.09294959760808355,-0.7147303250777961,-1.2849562510520571
1.64201038940619,-0.4146665791082593,-1.0215408621885957,0.2874642805952528,-1.3474473413555232,-0.8107385241868326,-0.6101735020138167,-0.41045614462078606,-0.5058259402618857,-0.7726783407028834,0.19255906864612965,0.22225895510685134,0.702372766861028,1.6458489990749106,-0.4004140857013372,0.18396458632125587,0.20551078015601718
1.3961083183665643,1.1383022440686323,0.09171729103241152,-0.6794314310331742,-1.1083565240880577,-0.11668047623298272,-0.6101735020138167,0.2761927924020081,-0.5058259402618857,-0.014476959580863336,-1.058312917803064,-0.6194516904238984,-0.68043298139386,1.3971879581215416,-0.5079420679610827,-0.3460349768115192,-0.7554028373589363
-0.07930410787119559,2.0257130001697132,1.0194324187165842,-1.066189715684545,1.6055026778804604,0.31710580373817315,1.0774876518378829,1.428878958357032,1.0444837796477284,0.38910700786658775,-1.3893743093467021,-1.0229690488011034,-1.3358824547036312,-0.1180115884996053,-0.4763161908258634,-0.4151653546114458,0.10811980239151994
1.9698798174590257,0.4727441769928217,0.741117880411332,-0.48605228870748857,-1.5401474030337565,-0.9842530361752951,-0.5388638757947308,0.06539315945646018,-0.42236199546769626,-0.9902064706735354,-0.9525579120470274,-0.057918908623573184,-0.1133009721863594,1.9741736876408431,-0.03987908635983769,-1.1986429696772856,-1.406975754495054
-0.3252061789108227,2.580344722732889,-0.9287693494201784,-2.3231541408015004,-0.38037851330362527,1.2714356196747167,-0.11100611848021542,-1.2615087562840905,0.03679732860017462,1.143671170989933,-1.4494952272053556,-2.416624805926425,-1.5300023912198255,-0.31222439372912064,-2.008589938027237,-0.04647000634516887,-0.10976643781307373
-0.8170103209900755,-1.1911509906967048,2.503776623011261,-0.09929400405611787,0.36544209578438547,0.8376493397035604,0.293081763427938,-1.031191601614447,0.4166051548611586,0.8201986452008109,1.9871212124029187,-0.48808968360687477,0.9751000987777375,-0.8110293605202296,1.282082577892328,1.0941812273536289,1.5528997151178134
-0.5711082499504484,-1.6348563687472453,-1.5781699387990995,1.5444287057122081,-0.41963222957139446,-1.33128206015222,-2.7019225377736698,-1.5525277109205653,-2.8041417031446296,-1.469332496695443,4.187985593145801,0.5853407111434265,2.327102947099156,-0.552633502386308,-0.08415531434914462,2.2809193795857112,1.476326660524559
0.33053267719484863,-0.1928138900829889,0.3700318293376636,-0.3893627175446463,-0.31257663975016253,-1.5915538281349135,-1.5134287674555713,0.3973185252040561,-1.8144152634103718,-1.8759688805315238,-0.15978436362796805,-0.3460562216232333,0.00227876344500657,0.3295266589877358,-0.13317542390873435,-0.2192959508449859,0.019392931380370085
-0.2432388218976127,-1.4130036797219752,1.9471475464007568,1.0609808498979947,1.1076941852116646,0.750892083709329,0.4832407666788337,1.2578923730044782,0.5806698696426701,0.7518515263711428,1.6617570380031923,1.3819880862424399,1.8128260229927795,-0.26644767803881436,2.3067609970734324,-0.40364362497812384,-0.2479910298132612
-0.8989776780032841,-0.5255929236208943,2.503776623011261,-0.5827418598703313,0.543868078819772,-0.029923220238752032,0.6258600191170055,0.3583946297222634,0.6983556179308059,0.0699531769801072,0.14371014164865414,-0.496663906350726,-0.0666409692197492,-0.8951213127168969,0.6811909123231622,-0.39212189534480396,-0.2064354066814588
1.2321736043401457,0.5836705215054568,-1.3926269132622648,-0.776121002196017,-1.311762144748446,-1.1577675481637577,-0.27739524632474916,-1.031191601614447,-0.13392183626255794,-1.2217781224792306,-0.6009685008357202,-0.9117051604401162,-0.38519323216530876,1.241609985268052,-1.2195243035035164,0.27613842338782435,0.4002927356850131
2.2977492455118615,1.5820076221191726,-0.18659724727284058,-1.2595688580102304,-1.4616399704981784,-0.4637095002099079,-0.6814831282329026,-0.41045614462078606,-0.5915561492431368,-0.37358794334610596,-1.0791062717385895,-1.4090992038806747,-0.7122805600708941,2.294548772576118,-1.0772078563950296,0.3222253419211091,0.48292264268454405
-0.2432388218976127,0.6391336937617745,2.0399190591691743,-1.8397062849872867,-0.027095066893504497,0.23034854774394187,1.4102659075269504,0.3973185252040561,1.2772496347645668,0.3119402649770985,-1.0367244741906025,-1.6754333425044698,-0.7918572105899886,-0.24004737277963223,-0.9918179881299376,-1.3426645900938012,-1.213036142678193
-0.40717353592403127,0.13996514345491606,0.462803342106081,-1.1628792868473878,1.0006385953904329,-0.029923220238752032,0.10292276017704227,1.491231545442509,0.24354620819824443,0.0699531769801072,-0.6865808002548436,-0.9301185076110784,-0.5115181634629514,-0.42420063011580056,-0.7704368481834027,-1.0834256733440741,-1.4105857989756176
-0.07930410787119559,0.5836705215054568,-0.0938257345044232,0.2874642805952528,0.22270130935603663,-0.8107385241868326,0.8160190223679012,-0.7295580473227278,0.8487428684025978,-0.7726783407028834,-0.4438336480055351,-0.08291734042449439,-0.718229051315071,-0.08528562265908973,0.16885170273260933,0.9789639310204155,1.8532153042952393
0.16659796316843153,-0.9692983016714347,-1.1143123749570132,-0.48605228870748857,0.4082643317128862,-0.11668047623298272,-0.01592661685476756,1.1851307390420138,0.13036077835568,-0.014476959580863336,0.7702318026237011,-0.3763552139600841,1.0006214420926054,0.15106350418636819,-0.925403646145977,-0.42668708424476676,-0.5010150362953254
-1.3907818200825368,-1.30207733520934,-1.1143123749570132,2.0278765615264223,-0.20552104992893064,2.52941583159107,-0.6577132528265406,-1.1793069189638352,-0.5627200091491062,2.530809295077329,1.1864275111154625,2.703850646168587,0.9170165557980908,-1.361352591701434,0.5958010440580699,-0.6225564880112266,-0.5794733363395412
0.49446739122126576,1.1383022440686323,-0.6504548111149269,-1.3562584291730733,-0.8086008725885925,-0.4637095002099079,-0.44378437416928296,0.11582080670469919,-0.31440155107636625,-0.37358794334610596,-1.08560477154493,-1.3083840693768052,-0.8792685908573301,0.5029831035356149,-1.3017515840550866,-0.5419043805779781,-0.9361056194137386
1.7239777464193986,-0.1928138900829889,0.09171729103241152,-0.0026044328932750627,-1.5829696389622572,-0.29019498822144535,-1.3708095150173996,0.07821662250211416,-1.5682489367817558,-0.18954169161124898,-0.4390006820126641,0.4332954856140487,0.4513964127615218,1.7333326482280813,0.0455107819052546,-0.9797301066441837,-0.8225095530920508
-1.1448797490429112,2.580344722732889,-0.27936876004125744,1.1576704210608375,1.2932572075684745,0.31710580373817315,1.0537177764315209,1.2925582317819888,1.0271821725509864,0.38910700786658775,-1.5511708289567518,1.3759136541571946,-1.664686138598802,-1.151324067064034,0.7096542017448595,-0.20777422121166497,-0.20041866588052173
0.002663249142012967,-0.1928138900829889,-0.18659724727284058,-0.2926731463818035,-0.6337434092138979,-1.5915538281349135,-0.08723624307385346,-0.6779572458674805,0.06044938971628145,-1.8759688805315238,-0.27944850007855215,-0.10775884420828104,-0.10339597757064439,0.01559965086431348,-0.333999743717377,-0.5534261102113001,-0.5575723998241323
1.4780756753797728,-1.30207733520934,1.3905184697902535,-0.09929400405611787,-1.1333361617130198,-0.7239812681926012,1.1487972780569686,-1.1793069189638352,1.0958269498392674,-0.6686677176331566,1.445699183511579,0.053926181697333014,2.4195756677073237,1.4784903022062355,0.6748657368961182,-0.4151653546114458,-0.005476263930167893
-0.48914089293723984,-0.1928138900829889,2.1326905719375913,0.38415385175809563,1.5787387804251327,0.31710580373817315,0.22177213720885208,0.9329060151260258,0.3528143914340528,0.38910700786658775,0.11943195475672769,0.12203540469298163,-0.2619080890941201,-0.517321340674165,1.648942752660871,0.6793989605540651,1.6253813859664306
-0.16127146488440414,-0.1928138900829889,0.8338893931797494,-0.3893627175446463,0.6009643933911194,0.750892083709329,0.5307805174915576,1.1944912772868794,0.6203878196850902,0.7518515263711428,-0.11989631814444013,-0.38768512849921616,-0.1562333480784696,-0.1744713892006102,0.09611218532160512,-0.10407865451177455,-0.5860917512205734
0.33053267719484863,-0.7474456126461646,-1.0215408621885957,0.09408513826956774,-0.2804599628037771,0.23034854774394187,0.055383009364318336,0.3583946297222634,0.19875772114794182,0.3119402649770985,0.42713674939556934,0.23656515876490175,0.6941934157396129,0.3287249300052957,-0.5205924188151704,-0.33451324717819825,-0.28425192104024155
0.8223368192741014,-0.6365192681335294,-1.1143123749570132,-0.48605228870748857,-1.3545843806769466,-0.11668047623298272,-0.8478722560774363,-0.5814427299733397,-0.8011377787729798,-0.014476959580863336,0.1375608077158163,-0.25590283867101693,0.7179824312712026,0.8395312345337634,-0.925403646145977,-0.7377737843444391,-0.9545168462646052
1.1502062473269372,-0.8583719571587995,-0.7432263238833442,-0.2926731463818035,-0.9549101786776333,-0.37695224421567664,1.1963370288696926,-0.7836769365775159,1.1295977037836804,-0.28038490449683706,0.9012333383465031,-0.425488663186664,1.2175335297854197,1.151203460689818,-0.6186326379343505,0.2991818826544672,0.6732120984155077
0.5764347482344758,-0.5255929236208943,0.09171729103241152,-0.8728105733588598,-0.8514231085170932,-0.4637095002099079,0.3406215142406619,-0.0717215665793504,0.458427427137323,-0.37358794334610596,-0.17192553818029993,-0.5234511300687209,0.4709215740937403,0.5846123950883106,-0.6660714536371792,-1.2332081585772483,-1.0617351673372977
0.08463060615522153,-0.5255929236208943,1.3905184697902535,-0.19598357521896068,-0.41963222957139446,0.23034854774394187,-0.9904915085156082,-0.7295580473227278,-0.9925621679584964,0.3119402649770985,0.18880095305279065,-0.12976608891274383,0.2917340596559103,0.09088187312806532,0.5736629300634162,-0.23081768047830684,0.1514403361582654
-0.07930410787119559,-0.9692983016714347,0.741117880411332,-0.09929400405611787,-0.7300934400530146,-0.20343773222721404,-1.4658890166428475,-0.10130244491882175,-1.7302093293295229,-0.10094175185183701,0.8248153664668537,-0.009073500575141323,0.8921659405209945,-0.06258756114837251,0.3206559129816618,-0.2653828693782696,-1.132211257918939
1.5600430323929815,0.3618178324801865,-1.3926269132622648,-0.09929400405611787,0.12278275885622811,-0.4637095002099079,-1.3945793904237616,1.4136839645840367,-1.6079668868241759,-0.37358794334610596,-0.5908312066053094,-0.0651531039209595,-0.13407402292013865,1.5234175948665827,-0.8431763655944069,-0.1271221137784164,-0.28697951020333223
-0.48914089293723984,0.13996514345491606,-0.18659724727284058,-1.6463271426616015,-0.5623730159997433,-0.4637095002099079,2.301636235265524,-1.1793069189638352,1.827456047645979,-0.37358794334610596,-0.40048711881891064,-1.6932711730904022,-0.5352038907007974,-0.4689512124418667,-1.3744911014660908,-0.2192959508449859,-0.3586589489451609
1.64201038940619,-0.7474456126461646,-0.7432263238833442,-0.0026044328932750627,-1.3831325379626005,-0.8107385241868326,-0.03969649226112952,-0.9005446326752814,0.10722854746078214,-0.7726783407028834,0.5752922112328387,-0.011233285426231495,1.2175345110450675,1.646875564890427,-0.42413349355275165,-0.00038308781188310046,0.17983935273868665
-0.16127146488440414,-0.8583719571587995,0.9266609059481667,-0.19598357521896068,0.7472736994801602,0.8376493397035604,1.7430441632160179,0.5818819899663145,1.4940283477382317,0.8201986452008109,0.8493789390496853,-0.2896917942029586,0.6680255105493123,-0.17790565187411173,0.32856238226546663,0.1954863159545758,0.5846055622203776
0.33053267719484863,-1.4130036797219752,1.8543760336323394,0.2874642805952528,-0.5623730159997433,-0.8107385241868326,0.293081763427938,-0.9005446326752814,0.4166051548611586,-0.7726783407028834,1.5926179541719996,0.5917319259872938,2.133371833306829,0.3357672937516152,1.3643098584438977,-0.6110347583779047,-0.03989202131152478
0.002663249142012967,-0.7474456126461646,-0.27936876004125744,-0.48605228870748857,-0.41963222957139446,-0.4637095002099079,-2.0125961509891725,-1.3502935043163888,-2.8041417031446296,-0.37358794334610596,1.5136101362022076,-1.0930387075202466,0.5633581419132493,0.01044245118876866,-0.526917594242214,2.1311368943525353,0.9146839625597729
1.4780756753797728,-0.5255929236208943,-1.0215408621885957,0.09408513826956774,-1.2760769481413685,-0.9842530361752951,-0.396244623356559,-0.4507957610341739,-0.26177474292628716,-0.9902064706735354,0.2789825758610633,0.07851199172061554,0.7994320172297613,1.4825277154492373,-0.5205924188151704,0.034182101088080716,-0.11064889313054241
-0.40717353592403127,-1.0802246461840699,0.27726031656924627,0.38415385175809563,-0.027095066893504497,0.4906203157266358,-1.038031259328332,-1.3502935043163888,-1.0590390526831654,0.5386334452652105,1.9498418674036049,-0.2074240083189701,0.9504094347863242,-0.40074812815044947,0.47878529865775876,1.6241807904864018,1.7694622723462
-1.2268471060561197,-0.8583719571587995,-1.0215408621885957,2.3179452750149507,-0.2768914431430852,2.52941583159107,-0.13477599388657738,-1.669395407018331,0.012966759674150239,2.530809295077329,0.6938157411592334,2.4585906823466575,0.22155024491997485,-1.199097510337699,0.8614584119939119,0.14939939742129207,-0.2579788195428173
-0.8170103209900755,-0.08188754557035371,0.09171729103241152,-0.2926731463818035,1.1683590194437041,0.31710580373817315,0.5307805174915576,1.2925582317819888,0.6203878196850902,0.38910700786658775,-0.2203547272940325,-0.29201517371245816,-0.46151558533570025,-0.8284171276015287,-0.19168329660889016,-0.08103519524513166,-0.17747482762628192
0.49446739122126576,-0.8583719571587995,-1.5781699387990995,1.0609808498979947,-0.7836212349636305,1.1846783636804856,-0.6339433774201787,-1.5525277109205653,-0.5341448331772878,1.081267593768474,1.3160685327210413,0.4998027545725157,0.9427795201673658,0.502346404812612,-0.3371623314308986,1.3822244681866562,1.1896891287679234
-1.4727491770957455,0.8055232105307267,-0.001054221736005843,-0.8728105733588598,1.792849960067636,1.011163851692023,1.4340357829333124,1.4804797598122794,1.293237189907237,0.9531069969387995,-0.7284718456940842,-1.0127558106909338,-1.1767477104141864,-1.481407576908046,-0.7040225061994423,0.2876601530211453,0.10475042754299461
0.740369462260893,0.3618178324801865,-1.5781699387990995,-0.19598357521896068,-1.2118435942485977,-1.9385828521118385,0.24554201261521405,-1.609423115265449,0.37422149305647134,-2.501568927563423,-0.022104527872121606,-0.7745901993244756,-0.35565023024535863,0.7551328891899691,-0.9949805758434597,1.8200501942528637,1.0817889104044611
-0.653075606963657,-0.9692983016714347,0.741117880411332,0.7709121364094663,0.5795532754268493,0.23034854774394187,0.7447093961488154,0.8722779638510422,0.793183627434161,0.3119402649770985,0.7702318026237011,0.9741136875455008,0.6391031035205693,-0.6552474824987851,1.1318596615000358,-0.2769045990115916,-0.45071508319949377
-0.48914089293723984,-1.1911509906967048,-1.1143123749570132,-0.6794314310331742,0.03713828699922673,0.750892083709329,-0.22985549551202525,0.6675483294242277,-0.08419584172473729,0.7518515263711428,1.1940546288009635,-0.5761405247353539,1.136719961830368,-0.4825537170717472,-1.0424193915462883,-0.4727740027780525,-0.6084339153947181
-1.636683891122164,-0.7474456126461646,-0.37214027280967477,-0.3893627175446463,1.9926870610672927,-0.11668047623298272,-0.30116512173111115,1.3010580220276384,-0.1590816139620979,-0.014476959580863336,0.13082582572103219,0.008895562007739265,-0.09081822721856886,-1.64514015140647,-0.5000355986772779,-1.0834256733440741,-0.6805545817952812
-0.07930410787119559,-1.4130036797219752,-0.27936876004125744,-0.19598357521896068,0.25838650596315355,-0.20343773222721404,0.4119311404597478,0.3973185252040561,0.5201401810160081,-0.10094175185183701,1.2469225350160356,0.3291853078739193,1.9044105402253653,-0.08613336948405252,-0.3086990420092013,-1.2447298882105702,-0.5392815077892842
-0.3252061789108227,0.9164495550433619,-0.5576832983465095,1.0609808498979947,0.7222940618551981,2.52941583159107,0.10292276017704227,0.7948593042719118,0.24354620819824443,2.530809295077329,-0.6428705753767485,0.613919128716566,-0.9575980548712197,-0.33768137530596276,0.42818389524140776,1.1057029569869499,0.9933027090253482
1.1502062473269372,-0.8583719571587995,-0.6504548111149269,-0.09929400405611787,-0.8478545888564013,-0.20343773222721404,-0.27739524632474916,-0.29755702949821744,-0.13392183626255794,-0.10094175185183701,0.4863981439719647,0.13487122749484873,1.2175335297854197,1.1482781036238885,-0.4383651382636005,-0.5995130287445838,0.001583378609600071
0.2485653201816401,0.8055232105307267,0.09171729103241152,2.3179452750149507,0.7579792584622754,0.8376493397035604,-0.8954120068901603,0.7948593042719118,-0.8636652753719254,0.8201986452008109,-0.6692095480791475,1.9705683546754327,-0.764615812851741,0.22270756807763525,1.9430634100184112,0.8983118235871669,0.9988381105622072
1.8059451034326086,-0.9692983016714347,0.462803342106081,-0.3893627175446463,-1.6971622681049126,-1.8518255961176076,-0.9904915085156082,-0.7836769365775159,-0.9925621679584964,-2.334649750106048,0.6064811110942445,-0.13321641102617085,1.7236581192366782,1.81737947909578,-0.08731790206266664,-0.7608172436110809,-1.251663618620206
0.740369462260893,-0.1928138900829889,0.5555748548744983,0.964291278735152,-0.34826183635723984,-1.8518255961176076,-0.30116512173111115,0.4349227094066409,-0.1590816139620979,-2.334649750106048,0.11943195475672769,0.674536950863205,0.1343721897145699,0.7325337264415127,1.1761358894893437,0.7485293383539927,0.6377935509006594
0.49446739122126576,-0.3037402345956241,0.3700318293376636,0.38415385175809563,-0.8549916281777851,0.577377571720867,-0.13477599388657738,-0.4926579819410412,0.012966759674150239,0.6111230874510375,0.23750009711540124,0.1264891202781818,0.17347137046941466,0.5041657825653008,0.5372931713579141,0.6678772309207441,0.26038345626056153
0.5764347482344758,0.6945968660180921,0.3700318293376636,0.8676017075723091,-0.7407989990351298,-0.8974957801810638,0.7922491469615393,-1.4468080202105298,0.8303315311366507,-0.8797942129914668,-0.5750872650764072,0.5424790929251372,-0.6208893345321282,0.5817675536617771,0.9563360433995693,0.8291814457872413,0.6929470082425815
-1.1448797490429112,1.6929339666318077,1.3905184697902535,0.674222565246624,1.899905549888868,2.52941583159107,1.2438767796824166,1.2401445191878813,1.1630110885471505,2.530809295077329,-0.9028122304898313,0.06184794916177296,-1.434158214080192,-1.1638555135868904,1.4844881915577315,1.60113733121976,1.3543472686868974
-1.1448797490429112,0.6945968660180921,-1.8564844771043516,-0.48605228870748857,1.560896182121594,-0.29019498822144535,-0.49132412498200684,1.1072589678555496,-0.3679203813793834,-0.18954169161124898,-0.4835793132136532,-0.8285787661394692,-1.0451427228420263,-1.1568579082919492,-1.279613470060433,1.0135291199203802,1.3937769767357042
-0.2432388218976127,-1.30207733520934,-0.7432263238833442,1.4477391345493653,0.18701611274895932,1.1846783636804856,-0.9429517577028842,-0.9639457283928805,-0.9274560387990313,1.081267593768474,2.547603791195075,0.7169868826573739,1.5180402005617846,-0.24504148758084285,0.5483622283552405,1.7278763571862943,1.7766823613073257
-0.8170103209900755,-0.6365192681335294,-1.0215408621885957,-0.09929400405611787,2.149701926138449,1.0979211076862543,0.4832407666788337,1.5835771864184633,0.5806698696426701,1.017759471287118,0.5146838831113919,-0.20151515515907897,0.0935412164855836,-0.8495625631968441,-0.6407707519290037,0.2300515048545396,0.8083079851992095
-0.40717353592403127,0.2508914879675513,-0.46491178557809215,-0.09929400405611787,-0.3982211116071639,0.750892083709329,1.1250274026506069,-1.3502935043163888,1.0788051544662989,0.7518515263711428,-0.6889646679091831,0.18748550695190713,-0.5912598460247573,-0.3922457253441786,-0.3371623314308986,-0.7147303250777961,-0.5463411503290507
0.5764347482344758,-0.3037402345956241,-1.1143123749570132,0.09408513826956774,-0.776484195642207,-1.5047965721406826,-1.061801134734694,-1.3502935043163888,-1.0928098066275784,-1.7352404416114184,0.8182699500067044,-0.6350849850917076,0.20094679890651132,0.5826850500971417,-0.5743564099450433,2.2463541906857465,1.5166388238908346
-1.2268471060561197,0.2508914879675513,-0.37214027280967477,1.7378078480378938,0.15133091614188202,0.40386305973240444,0.8160190223679012,0.3384081935125,0.8487428684025978,0.4646490664410443,-0.6198253536151458,2.0841029841426653,-0.8202219023079882,-1.2079291716585456,1.0654453195160762,-0.26538286937827066,-0.6116428438218842
1.7239777464193986,-0.8583719571587995,-0.9287693494201784,0.09408513826956774,-1.3474473413555232,-0.9842530361752951,0.31685163883429995,-0.4507957610341739,0.437585533678028,-0.9902064706735354,0.9012333383465031,-0.04421282316398775,1.4579432882012167,1.7264996758483366,-0.46682842768529736,0.345268801187752,0.2915100620040749
1.4780756753797728,0.3618178324801865,-1.6709414515675167,0.2874642805952528,-1.4545029311767552,-1.0710102921695264,0.17423238639612817,0.25465391759127637,0.3095598055044509,-1.1041244592143058,-1.0926488643110632,1.3234669955304375,-0.15623164365266093,1.4875790713586616,-0.7989001376051003,-1.809294640243308,-2.125855945390988
0.49446739122126576,-0.8583719571587995,1.761604520863923,-0.09929400405611787,-0.8692657068206319,-1.0710102921695264,-0.4675542495756449,-0.3339280649364083,-0.3410475775182748,-1.1041244592143058,0.27898054678469525,0.3555117526077693,0.9427795201673658,0.5045297462087673,0.8772713505615216,-1.0603822140774313,-0.6795116800564517
0.740369462260893,-0.8583719571587995,0.5555748548744983,-0.48605228870748857,-0.7479360383565532,-0.9842530361752951,-1.2757300133919518,-0.5361622715405847,-1.4141922664956448,-0.9902064706735354,0.4863981439719647,-0.2926198588615985,1.045812273774136,0.7429791321727061,-0.1284315423384511,-0.6455999472778685,-0.3846111575998664
0.49446739122126576,0.9164495550433619,-0.001054221736005843,-0.09929400405611787,-0.6480174878567446,-0.6372240121983705,-0.44378437416928296,-0.8405723409223997,-0.31440155107636625,-0.5675873644269371,-0.7004867026306325,-0.3763551604125539,-0.7667962353012034,0.49889160828523677,-0.08415531434914462,0.7370076087206718,0.69005897265813
-0.9809450350164927,-0.3037402345956241,0.09171729103241152,-0.48605228870748857,0.3975587727307709,0.8376493397035604,-0.13477599388657738,0.71162898546923,0.012966759674150239,0.8201986452008109,-0.343269755775902,-0.12504337982210736,-0.3210863413983214,-0.9722349206619758,-0.3498126822849862,-1.0488604844441103,-1.504126062627516
-1.3088144630693284,0.3618178324801865,-0.5576832983465095,-0.6794314310331742,0.882877446587046,0.577377571720867,0.45947089127247176,0.6524567061558807,0.5606219585172659,0.6111230874510375,-0.42355865403672466,-0.8430643952621113,-0.9095907485584085,-1.3031120876274518,-0.7957375498915782,0.3798339900877148,0.11136884242402396
0.002663249142012967,-0.6365192681335294,2.503776623011262,-0.19598357521896068,-0.31257663975016253,0.8376493397035604,-0.5626337512010927,-1.1793069189638352,-0.4499388990964361,0.8201986452008109,0.37326272983805087,-0.17021853666879894,0.40576182387839316,0.007866188683575125,1.1619042447784953,-0.12712211377841742,0.44806565764445
1.7239777464193986,-0.6365192681335294,-1.3926269132622648,1.5444287057122081,-1.3474473413555232,0.14359129174971055,0.055383009364318336,-1.5525277109205653,0.19875772114794182,0.2330774146353509,0.5618242675358395,1.3729822820131936,1.061425099403293,1.7264996758483366,0.07081148361342986,0.5411382049542119,0.15797852782861577
1.1502062473269372,-0.6365192681335294,-0.0938257345044232,0.19077470943241,-1.2796454678020606,0.577377571720867,-1.2994998887983136,-1.1793069189638352,-1.4520075136212773,0.6111230874510375,0.27898196098915695,0.33482675332180717,0.8428706742283264,1.1600878871882525,0.0929495976080831,-0.31146978791155644,-0.4022201523439447
-0.07930410787119559,0.3618178324801865,0.6483463676429156,-0.48605228870748857,-0.31257663975016253,0.577377571720867,-0.01592661685476756,-1.031191601614447,0.13036077835568,0.6111230874510375,-0.35664963300929065,-0.7234376682224005,-0.5772264375705786,-0.07254892889246504,-0.08415531434914418,0.6333120420207814,1.0891293341816013
1.8059451034326086,0.4727441769928217,-0.18659724727284058,-0.6794314310331742,-1.440228852533948,1.6184646436516414,-1.2044203871728658,-0.7295580473227278,-1.3033901821391358,1.3829675087682554,-0.17474046419434502,-1.132549455037992,-0.156231366683267,1.8098622282771315,-0.6312829887884379,1.5435286830531534,1.3984299229550945
0.33053267719484863,-1.4130036797219752,0.09171729103241152,-0.6794314310331742,-0.1484247353575832,0.6641348277150978,0.03161313395795637,0.34844642672228554,0.17612296189152724,0.6821771964116963,1.0395052835224563,-0.09560229919525362,2.133371833306829,0.3254304593691207,-0.5079420679610827,-1.647990425376812,-1.1539918596183307
-1.3088144630693284,0.13996514345491606,-0.9287693494201784,-1.6463271426616015,0.6152384720339662,-0.8107385241868326,1.7668140386223798,0.5737558202932183,1.5089576209163353,-0.7726783407028834,-0.3647254086394188,-1.7154100613918966,-0.7720611630792562,-1.297677870946544,-1.5768967151314939,-0.10407865451177352,-0.4386816015976196
0.16659796316843153,-0.7474456126461646,-0.6504548111149269,1.5444287057122081,-0.8478545888564013,0.31710580373817315,-0.5626337512010927,-1.1793069189638352,-0.4499388990964361,0.38910700786658775,0.47652190334132616,1.7167738777218853,0.6287757788264313,0.18183666582383162,0.6906786754637273,-0.04647000634516785,-0.851831136595283
-0.8989776780032841,-0.8583719571587995,-0.37214027280967477,-0.19598357521896068,0.13705683749907488,0.9244065956977916,-1.1568806363601418,-0.41045614462078606,-1.2316249248984419,0.8872681726876441,1.5234861299083111,-0.7424795752625071,0.35892724972900164,-0.8863823287331237,-0.357719151568791,1.6933111682863295,1.05972752746769
0.5764347482344758,0.2508914879675513,0.6483463676429156,-0.6794314310331742,-0.7978953136064773,-0.20343773222721404,0.958638274806073,-1.1027788392794577,0.9570118315684041,-0.10094175185183701,-0.343268096438996,-0.8398084049387842,-0.31650537848488064,0.5832356367894412,-0.26126022630637236,0.36831226045439386,0.41024041380922827
-0.2432388218976127,-0.7474456126461646,-1.6709414515675167,0.09408513826956774,0.7579792584622754,-0.37695224421567664,0.055383009364318336,1.1944912772868794,0.19875772114794182,-0.28038490449683706,1.0197585967446448,-0.29101868879591086,0.46523168654347696,-0.2583297076537946,-0.8969403567242797,1.0480943088203432,0.5957967001101198
-0.8170103209900755,0.4727441769928217,0.09171729103241152,-0.6794314310331742,0.48677176424846413,0.577377571720867,1.0061780256187969,0.7400720105381283,0.992291923684418,0.6111230874510375,-0.7581035500838565,-0.5559848957509137,-0.8431176786337973,-0.8136618883235361,-0.5079420679610827,-0.5303826509446572,-0.7278060528853048
-0.735042963976867,0.2508914879675513,-0.0938257345044232,-2.3231541408015004,0.015727169034996193,-0.11668047623298272,0.007843258551594406,0.48904159866142893,0.15332477335556308,-0.014476959580863336,-0.8272432964972579,-2.244361962774322,-0.6828446685380498,-0.7230907323045374,-1.880505135629599,-1.4405992919770312,-1.697985451233702
0.08463060615522153,0.13996514345491606,-0.27936876004125744,-0.0026044328932750627,0.8650348482835073,-0.7239812681926012,1.0299479010251589,0.853423959796126,1.0097852393143443,-0.6686677176331566,-0.04287001702399405,-0.4078151516549115,-0.36940380003587625,0.059778445876922055,-0.16322000718719243,1.1287464162535916,0.9845583790613189
0.16659796316843153,-1.0802246461840699,1.3905184697902535,-0.48605228870748857,-0.2768914431430852,0.05683403575547927,-1.109340885547418,-0.22820837422637308,-1.1614545839158594,0.1524422178765131,0.9703704248340246,-0.37206509328105086,1.2175312401813938,0.16782181920804665,0.27005450956531174,-0.4382088138780887,0.16588051408051294
-0.735042963976867,-0.5255929236208943,0.27726031656924627,0.09408513826956774,0.22270130935603663,0.31710580373817315,-0.22985549551202525,-0.014826162234466606,-0.08419584172473729,0.38910700786658775,0.2789825758610633,0.07851199172061554,-0.006911797740472859,-0.7276361485042406,0.23210345700304838,0.034182101088080716,0.06913132200145031
0.49446739122126576,-0.5255929236208943,-0.18659724727284058,0.7709121364094663,-0.7479360383565532,0.40386305973240444,0.293081763427938,-1.4468080202105298,0.4166051548611586,0.4646490664410443,0.7749815013065631,0.22888820612706443,0.4410569883541014,0.5014369911322865,0.4835291802280411,1.3822244681866582,1.1896891287679263
1.4780756753797728,0.9164495550433619,1.483289982558671,-0.48605228870748857,-1.0619657684988653,-0.5504667562041392,-0.44378437416928296,-0.2623408272713978,-0.31440155107636625,-0.46927668735086014,-0.9597592752731111,-0.4060358448313867,-0.5378340518171837,1.4764728180542057,0.31433073755461866,-0.3460349768115182,-0.21124879932220703
-1.3907818200825368,-1.1911509906967048,-0.27936876004125744,2.3179452750149507,1.5109369068716698,-0.4637095002099079,0.24554201261521405,1.1851307390420138,0.37422149305647134,-0.37358794334610596,1.7431007251407784,1.9568639866628799,0.6922653384356352,-1.395835688093827,1.5825284106769117,0.9213552828538107,0.4955979099718514
-0.48914089293723984,-0.4146665791082593,0.3700318293376636,0.5775329940837812,1.2932572075684745,0.05683403575547927,0.10292276017704227,1.0450435667450575,0.24354620819824443,0.1524422178765131,0.8407396000040884,-0.13756862724841795,-0.04175329595648629,-0.510905614254238,0.7049103201745767,1.9467892202193962,2.1998597976398835
-0.5711082499504484,0.4727441769928217,0.5555748548744983,-0.6794314310331742,0.82934965167643,0.4906203157266358,0.7684792715551773,1.2037734837496903,0.8118122088706097,0.5386334452652105,-0.790512610411052,-0.5147602408361214,-0.7787220868884351,-0.580614861407095,-0.30237386658215726,-0.6455999472778695,-0.8537564936515826
-0.8170103209900755,0.4727441769928217,-0.18659724727284058,-1.6463271426616015,0.4011272923914628,0.14359129174971055,-0.03969649226112952,0.6059092947591945,0.10722854746078214,0.2330774146353509,-0.8229216707382471,-1.554111963536323,-0.8431176786337973,-0.8118038201814268,-1.3744911014660908,-0.8760345399442923,-0.9984791657167824
0.49446739122126576,-1.30207733520934,-0.46491178557809215,-0.2926731463818035,-0.6337434092138979,-0.8107385241868326,-1.4183492658301236,-1.031191601614447,-1.6481908116124702,-0.7726783407028834,1.445699183511579,-0.15476029611854614,1.9044125436241575,0.49852809946286,-0.4763161908258634,-0.4382088138780887,0.052605340601540984
-0.48914089293723984,0.4727441769928217,-1.6709414515675167,0.2874642805952528,1.5787387804251327,-0.20343773222721404,1.2438767796824166,1.4438686080836542,1.1630110885471505,-0.10094175185183701,-0.07751328321275977,-0.40603575156863014,-0.7572568896399812,-0.517321340674165,-0.7989001376051003,2.004397868386001,1.8221689217624064
-0.16127146488440414,-0.6365192681335294,0.8338893931797494,-0.776121002196017,-0.5124137407498193,-1.6783110841291449,-0.6814831282329026,-1.1027788392794577,-0.5915561492431368,-2.022442901541517,-0.09814111440641866,-0.355820411066748,0.34331770239983156,-0.1482445231921017,-0.2707479894469384,-1.3484254549104617,-1.0436047217238105
-1.5547165341089555,0.3618178324801865,-0.5576832983465095,2.3179452750149507,1.400312797389746,-0.37695224421567664,0.22177213720885208,1.0765874137159805,0.3528143914340528,-0.28038490449683706,-0.35664963300929065,1.9296685481667262,-0.9760636107559747,-1.553679779791629,1.3121271611707865,0.9674422013870945,0.5110007664222495
0.08463060615522153,-1.0802246461840699,-0.0938257345044232,-0.6794314310331742,-0.4339063082142412,0.05683403575547927,-1.1568806363601418,-1.1793069189638352,-1.2316249248984419,0.1524422178765131,1.200834293673926,-0.730827960689021,1.1793709822678118,0.09122873415313221,-0.590169348512653,-0.0003830878118841238,0.5976418339557403
-1.3088144630693284,0.6945968660180921,-0.37214027280967477,-1.2595688580102304,1.61442397703221,1.4449501316631788,0.5783202683042816,1.4438686080836542,0.6596123662739154,1.2653138455033308,-0.880113771285588,-1.192000209030181,-1.085547807442969,-1.3179239525688244,-1.140459610665468,-0.5764695694779419,-0.8060236832974838
-0.16127146488440414,0.4727441769928217,1.6688330080955056,-1.066189715684545,1.4716831906039007,0.23034854774394187,-0.11100611848021542,1.5703720638021281,0.03679732860017462,0.3119402649770985,-0.6932854294294668,-1.0425825293299842,-0.6713961006461647,-0.19486786372045764,-0.23279693688467507,-0.3460349768115192,-0.2971678579595858
0.740369462260893,-1.1911509906967048,-0.46491178557809215,-0.09929400405611787,-0.776484195642207,-0.29019498822144535,0.24554201261521405,-0.9639457283928805,0.37422149305647134,-0.18954169161124898,1.7431007251407784,-0.3422243686088789,1.7427944482777318,0.7437261354860594,-0.3371623314308986,0.6333120420207814,0.7686376075183657
-0.07930410787119559,-1.4130036797219752,-1.3926269132622648,1.3510495633865227,0.2797976239273841,-0.7239812681926012,-0.22985549551202525,1.1468780794048066,-0.08419584172473729,-0.6686677176331566,1.10864436735365,2.3819396482613278,1.9044105402253653,-0.08664193575026749,-0.03671649864631567,-1.290816806743855,-1.8379348422634918
0.16659796316843153,-0.3037402345956241,-0.27936876004125744,-0.09929400405611787,0.6616292276231588,-1.6783110841291449,1.6955044124032939,0.7814140826901749,1.4639563547699697,-2.022442901541517,0.27898365803620856,-0.3726019966349696,0.06356965672102899,0.14488278879805772,-0.23595952459819708,0.7254858790873508,0.5803136204490441
-1.5547165341089555,0.2508914879675513,0.462803342106081,-1.2595688580102304,0.22270130935603663,2.52941583159107,0.6733997699297294,-1.4468080202105298,0.7366292428455685,2.1604081598371665,-1.0000915822323517,-0.7659136297720225,-0.9118067248212804,-1.5305743058106778,-0.8558267164484946,-1.8899467476765566,-1.8417855563760923
-1.1448797490429112,0.13996514345491606,-0.001054221736005843,-0.6794314310331742,1.6429721343179036,2.052250923622798,0.958638274806073,1.4475845820760536,0.9570118315684041,1.6612553920670199,-0.15015514756246884,-0.9308382041571928,-0.7246897086035646,-1.158553287134496,-0.5490557082368677,0.702442419820709,0.29696524033025773
-0.735042963976867,1.3601549330939027,1.3905184697902535,2.3179452750149507,1.507368387210978,-0.11668047623298272,1.4102659075269504,1.3010580220276384,1.2772496347645668,-0.014476959580863336,-0.6543931958597015,1.2837536951388042,-1.2380762669458885,-0.7557309103863841,3.204935907713661,2.2233107314191045,1.9817328878032527
1.5600430323929815,0.9164495550433619,0.9266609059481667,0.2874642805952528,-0.8478545888564013,-0.4637095002099079,-0.9429517577028842,0.37802730506175736,-0.9274560387990313,-0.37358794334610596,-0.7581028298845166,0.07380113692556475,-0.5187538698601818,1.5509620360405802,0.7950440700099508,0.5526599345875338,-0.2110081296901687
-0.40717353592403127,-0.1928138900829889,-1.5781699387990995,-1.066189715684545,0.22270130935603663,-0.5504667562041392,-0.15854586929293935,0.25465391759127637,-0.011045032048426011,-0.46927668735086014,-0.27944850007855215,-0.9550384759812006,-0.23548940384020772,-0.4064608855816652,-1.450393206590617,-0.6455999472778695,-0.43980472654712804
-0.16127146488440414,0.02903879894228149,0.8338893931797494,-0.3893627175446463,0.593827354069696,0.750892083709329,0.269311888021576,1.1944912772868794,0.3954844380192065,0.7518515263711428,-0.3136375614171362,-0.39586979495578195,-0.3524857376347153,-0.17430379182647834,0.09611218532160512,-0.08103519524513166,-0.5913463715200574
-0.16127146488440414,2.580344722732889,-1.485398426030682,-0.9695001445217023,-0.24120624653600795,-1.2445248041579886,0.31685163883429995,-0.7836769365775159,0.437585533678028,-1.3434207969926282,-1.2868142644031217,-1.2846521384620813,-1.50306564174403,-0.1546483005832232,-1.363422044468764,1.0365725791870222,0.6505891530039851
1.8059451034326086,-0.4146665791082593,-0.001054221736005843,0.674222565246624,-1.3474473413555232,0.31710580373817315,-0.7765626298583505,-0.9005446326752814,-0.7096086050858172,0.38910700786658775,0.10613499779840166,0.7226715091869372,0.7596132332316065,1.8071503526217625,0.5357118775011533,-0.00038308781188310046,-0.17827705973307303
1.5600430323929815,1.4710812776065372,-1.0215408621885957,-0.0026044328932750627,-0.9905953752847105,-1.7650683401233762,-0.6577132528265406,0.16405524078297637,-0.5627200091491062,-2.175151703005463,-1.2387051076371471,0.18392759028335456,-0.8096095927273462,1.5550254419545664,-0.5806815853720869,-0.46125227314473055,-0.20041866588052173
2.4616839595382785,0.2508914879675513,-0.8359978366517611,-0.2926731463818035,-2.2681254138182285,-1.2445248041579886,-1.061801134734694,-1.3502935043163888,-1.0928098066275784,-1.3434207969926282,-0.9655219250853329,0.42736503987217994,0.21010735096655003,2.481014980524753,-0.6660714536371792,-1.6595121550101328,-1.552981997931123
-0.48914089293723984,-0.4146665791082593,1.9471475464007568,1.4477391345493653,0.8507607696407001,0.31710580373817315,-0.08723624307385346,0.5737558202932183,0.06044938971628145,0.38910700786658775,0.6246794228847686,0.823837568248687,-0.04175329595648629,-0.500940873596301,2.7495232769665017,1.4743983052532277,1.778527495152945
-1.1448797490429112,-1.7457827132598804,-0.27936876004125744,-0.6794314310331742,0.3547365368022702,-0.4637095002099079,-0.9667216331092462,0.06539315945646018,-0.9598413011043403,-0.37358794334610596,2.007444390999928,-0.07887439041956533,2.3623243496118653,-1.1318527956807398,-0.6723966290642228,-1.6825556142767757,-1.4596021807005843
-0.2432388218976127,-0.9692983016714347,0.09171729103241152,-1.1628792868473878,-0.4910026227855887,0.4906203157266358,0.6020901437106435,-0.9005446326752814,0.679043414640239,0.5386334452652105,0.6064811110942445,-1.0026898047725321,0.8198622728065871,-0.2292060741794935,-0.9032655321513238,-0.8529910806776504,-0.6235961022130793
1.3141409613533543,-0.3037402345956241,-0.9287693494201784,0.7709121364094663,-0.9549101786776333,-0.5504667562041392,0.6496298945233675,-0.9005446326752814,0.7175504210839777,-0.46927668735086014,0.19601653619459392,0.5453759860954355,0.44822565484037885,1.3123257896075928,-0.03513520478955488,0.5987468531208175,0.9854408343787905
0.6584021052476844,-0.1928138900829889,-0.001054221736005843,-0.19598357521896068,-0.005683948929273961,-0.37695224421567664,0.8873286485869871,0.6059092947591945,0.9033413825577722,-0.28038490449683706,-0.08000827266091222,-0.23112319991344268,0.10795350446065753,0.6432537347159832,-0.16163871333043164,0.03418210108807969,0.42869175226543293
0.9862715333005201,-1.52393002423461,-0.6504548111149269,0.674222565246624,-0.9549101786776333,-0.7239812681926012,-1.2519601379855898,-0.9639457283928805,-1.3768245475962362,-0.6686677176331566,2.353145407079764,0.6665408591696101,2.885670467999028,0.9900811317720434,0.09294959760808355,0.11483420852132825,0.12873716753606249
1.0682388903137285,1.0273758995559972,-1.2070838877254306,-0.19598357521896068,-0.9549101786776333,-0.5504667562041392,-2.7019225377736698,-0.3908234692812921,-2.8041417031446296,-0.46927668735086014,-0.6179553270806294,-0.6410224287553795,-0.694600786367076,1.0706422962309314,-0.7989001376051003,1.3130940903867305,1.459479786281934
-0.8989776780032841,0.3618178324801865,-0.37214027280967477,1.5444287057122081,2.3638131057809124,0.23034854774394187,-0.44378437416928296,1.4804797598122794,-0.31440155107636625,0.3119402649770985,0.11171351418274646,0.5088674295916434,-0.7988026448957986,-0.9339729095310383,0.9231288724075893,2.488310512985492,2.7261240596951595
1.64201038940619,-0.08188754557035371,-0.18659724727284058,-1.3562584291730733,-1.4188177345696777,-2.02534010810607,-0.6577132528265406,-0.9639457283928805,-0.5627200091491062,-2.588353925259448,-0.5276404547917161,-1.1476020486195895,0.30169098627357654,1.6479023381346718,-1.1515286676627952,-1.1295125918773588,-0.9163305979813267
-0.5711082499504484,-0.1928138900829889,0.8338893931797494,-1.1628792868473878,0.6509236686410436,-0.29019498822144535,0.5783202683042816,0.6216431358584676,0.6596123662739154,-0.18954169161124898,-0.27944850007855215,-1.0609484299528156,-0.28832677434803294,-0.5766295694010762,-0.6376081642154819,-0.6571216769111905,-0.17743471602094243
-1.3088144630693284,-0.4146665791082593,-0.46491178557809215,-0.5827418598703313,1.4110183563718615,-0.8107385241868326,0.8635587731806251,1.1468780794048066,0.8852465743277103,-0.7726783407028834,0.27898313949385767,-0.7252821645705387,-0.3279556278093763,-1.313811640709786,-0.6850469799183107,0.3107036122877892,0.3771884510094167
0.8223368192741014,-0.6365192681335294,0.9266609059481667,0.38415385175809563,-0.8835397854634787,-1.33128206015222,-0.8478722560774363,-1.031191601614447,-0.8011377787729798,-1.469332496695443,0.32612234541360413,0.4863776529609785,0.7179824312712026,0.8270733825677501,0.888340407558848,-0.17320903231170115,0.10126071787845226
1.0682388903137285,-0.8583719571587995,-0.5576832983465095,0.5775329940837812,-1.0155750129096726,-0.20343773222721404,0.38816126505338583,-1.5525277109205653,0.49970298737076374,-0.10094175185183701,1.264214133424224,0.11112181798848028,1.1831892785831633,1.0722869640806643,0.08820571603780074,1.20939852368684,0.9697170850856751
-0.8170103209900755,-0.9692983016714347,-0.0938257345044232,2.3179452750149507,1.3289424041755915,-0.4637095002099079,0.6258600191170055,1.3904939102015168,0.6983556179308059,-0.37358794334610596,0.8793989303100056,2.466807631308043,0.5667994358061614,-0.8318852681006855,1.7627959103476611,0.13787766778797114,-0.057942243714335984
-0.9809450350164927,2.358492033707618,-0.46491178557809215,-0.9695001445217023,0.36544209578438547,2.52941583159107,-0.5388638757947308,-0.5814427299733397,-0.42236199546769626,2.530809295077329,-0.9697525369830191,-1.5387401932831397,-1.586074913954083,-0.9715524212255716,-0.9633546987082403,2.3961366759189224,1.134816452663382
1.8059451034326086,0.4727441769928217,0.18448880380082888,-0.0026044328932750627,-1.2760769481413685,-1.2445248041579886,-0.6814831282329026,-1.1793069189638352,-0.5915561492431368,-1.3434207969926282,-0.4988310674662959,-0.18972633522123883,-0.156231366683267,1.8050652635081395,0.09769347917836635,0.4720078271542853,0.39945039197288246
-0.16127146488440414,-0.8583719571587995,0.741117880411332,-0.19598357521896068,0.779390376426506,0.577377571720867,1.7905839140287418,0.7540246121085826,1.5238166384313312,0.6111230874510375,0.7975245397528682,-0.24808949902058594,0.6680255105493123,-0.17865913595232868,0.23052216314628715,0.08026901962136444,0.36146470171629996
0.9862715333005201,0.4727441769928217,-0.37214027280967477,-0.19598357521896068,-1.3474473413555232,-0.5504667562041392,-0.27739524632474916,-0.8405723409223997,-0.13392183626255794,-0.46927668735086014,-0.7581035500838565,-0.031163248134411153,-0.37088333916780797,1.000643584887509,-0.357719151568791,-0.4727740027780515,-0.8904185009319578
-0.48914089293723984,0.6945968660180921,-0.37214027280967477,-1.6463271426616015,0.4011272923914628,-0.5504667562041392,-0.5150940003883688,0.6059092947591945,-0.39502385590537664,-0.46927668735086014,-1.0631296750110963,-1.4469850607993762,-0.8835223844382556,-0.4907899679232902,-1.4250925048824414,-1.3138602660104979,-0.7756190864500839
1.4780756753797728,0.4727441769928217,1.0194324187165842,1.1576704210608375,-1.3545843806769466,-1.2445248041579886,-1.038031259328332,-0.37153224913899335,-1.0590390526831654,-1.3434207969926282,-0.8229216707382471,1.5832267548881656,-0.2420921556770837,1.4847496834241396,1.7058693315042666,-0.5419043805779781,-0.43286541882338
0.33053267719484863,0.5836705215054568,-0.0938257345044232,0.4808434229209384,0.5795532754268493,-0.29019498822144535,-0.3249349971374731,0.967753400325564,-0.1844434803938194,-0.18954169161124898,-0.9466651770621263,0.949332890722925,-0.6141553578307699,0.30731032875156916,0.32065591298166224,-0.8414693510443294,-0.1796809659199593
0.740369462260893,0.2508914879675513,-1.5781699387990995,1.5444287057122081,0.008590129713572809,-0.37695224421567664,-1.2757300133919518,0.6371569160108173,-1.4141922664956448,-0.28038490449683706,0.20984641791330363,0.5130365773675042,-0.27071296722823435,0.7232273663142653,-0.08415531434914462,2.476788783352171,1.7901598607014242
-0.2432388218976127,0.2508914879675513,0.462803342106081,-0.776121002196017,-0.1734043729825452,0.14359129174971055,-0.372474747950197,-0.5361622715405847,-0.23578665058535841,0.2330774146353509,-0.30869843929197754,-0.9647932970727067,-0.545467434768111,-0.23663125761332662,-0.4288773751230345,0.47200782715428424,0.4939132225475901
-0.48914089293723984,-0.9692983016714347,-1.3926269132622648,0.674222565246624,-0.41963222957139446,-0.5504667562041392,1.0061780256187969,-1.669395407018331,0.992291923684418,-0.46927668735086014,1.5889852602709842,0.11836986728368824,0.7114067712349762,-0.4721940804470114,-0.4130644365554248,1.439833116353263,1.147090603897293
1.5600430323929815,0.4727441769928217,0.09171729103241152,0.09408513826956774,0.4368124889985401,-0.37695224421567664,0.293081763427938,1.4136839645840367,0.4166051548611586,-0.28038490449683706,-0.5312401277934914,-0.05294825228372155,-0.22062695842862964,1.5145384003683517,0.12457547474330284,0.36831226045439386,1.0016459229359798
-1.2268471060561197,0.2508914879675513,1.5760614953270884,-0.776121002196017,2.278168633923911,0.31710580373817315,1.9094332910605516,1.638008575238448,1.5970806072237091,0.38910700786658775,0.07156778932522874,-1.2581599970204913,-0.8202219023079882,-1.2514790744563935,0.0455107819052546,1.7393980868196153,1.179019441747599
-0.735042963976867,0.02903879894228149,0.18448880380082888,0.7709121364094663,1.0077756347118563,1.2714356196747167,0.3643913896470239,0.21027931237287534,0.4791326514601071,1.143671170989933,0.09379044366638296,0.2503670890115769,-0.5242072389612031,-0.7448292882632016,0.742861372736839,1.3246158200200515,1.7479223402788449
-1.3907818200825368,0.13996514345491606,-0.7432263238833442,2.3179452750149507,1.0077756347118563,-0.5504667562041392,0.6733997699297294,0.7678038849499831,0.7366292428455685,-0.46927668735086014,-0.15015514756246884,1.8761155279653325,-0.7957468903171019,-1.3857618232003945,1.1318596615000367,1.059616038453664,0.20551078015601576
-0.8989776780032841,-0.08188754557035371,0.27726031656924627,0.38415385175809563,0.7437051798194286,1.011163851692023,1.2914165304951406,0.7814140826901749,1.1960745885083495,0.9531069969387995,-0.2203547272940325,0.40636136053787164,-0.48695580438934283,-0.8994068188051249,0.47878529865775876,-0.00038308781188310046,-0.23796312847836704
0.9862715333005201,2.580344722732889,-1.0215408621885957,1.5444287057122081,0.7222940618551981,-0.8107385241868326,0.43570101586610976,1.3747600691022437,0.5404459448543757,-0.7726783407028834,-1.2868142644031217,0.9766756201144783,-1.3145083954134626,0.9452135108227794,0.38074507953857883,1.3361375496533725,1.3125910875283961
-0.2432388218976127,-1.1911509906967048,0.5555748548744983,-0.5827418598703313,-0.5480989373568965,0.4906203157266358,-0.8003325052647124,-0.4507957610341739,-0.7398244853787111,0.5386334452652105,0.46199316701454474,0.13410364321121568,1.257934859119841,-0.22786979717417785,-0.21540270446030418,-1.843859829143272,-1.414035397034822
0.08463060615522153,1.0273758995559972,1.8543760336323394,0.19077470943241,0.9720904381047789,1.53170738765741,-1.038031259328332,0.37802730506175736,-1.0590390526831654,1.3246228858805913,-0.7581026741656746,-0.10775877605516634,-0.917374819454637,0.05719663771408359,1.255200582327391,0.7830945272539576,1.8154301720653585
0.8223368192741014,0.13996514345491606,1.2049754442534188,0.19077470943241,-0.9227935017312479,-0.6372240121983705,-0.6814831282329026,-1.1793069189638352,-0.5915561492431368,-0.5675873644269371,-0.32896369845992696,0.10144604708611334,-0.15623225489526305,0.8281102695675941,0.8677835874209555,0.2300515048545396,0.6244363863225794
-1.1448797490429112,-1.52393002423461,-0.5576832983465095,-0.776121002196017,-0.6694286058209752,-0.37695224421567664,-1.1568806363601418,-1.9481576933068847,-1.2316249248984419,-0.28038490449683706,0.9456718707372201,0.08021097533683982,1.6100295854177153,-1.1104868593787716,-0.8637331857322996,-2.2471203663095136,-2.428297449651415
-0.735042963976867,-0.5255929236208943,0.5555748548744983,0.4808434229209384,2.114016729531371,-0.8107385241868326,-0.3487048725438351,1.117297201065335,-0.210010708302956,-0.7726783407028834,1.1357079925396536,-0.3167637526788939,-0.006911797740472859,-0.7689275452990062,0.7412800788800787,2.2693976499523902,1.54014422461983
-0.48914089293723984,-1.0802246461840699,0.27726031656924627,-0.2926731463818035,0.6509236686410436,0.40386305973240444,2.6938391794704963,0.5065099470716516,2.0421600909603517,0.4646490664410443,1.0279863920440007,-0.2093584945880785,0.9122491768727429,-0.4964325319770806,-0.09680566520323225,-0.29994805827823445,-0.04390318184548472
0.33053267719484863,-0.4701297513645769,0.09171729103241152,-0.3893627175446463,-0.9905953752847105,0.31710580373817315,-0.2536253709183872,-1.3502935043163888,-0.10896095216611,0.38910700786658775,-0.3609229658742608,0.22058916489001412,0.311432275337551,0.34648603599481576,-0.2707479894469384,-1.5154905345936183,-1.313315156027139
-0.48914089293723984,-0.6365192681335294,1.2977469570218363,-0.9695001445217023,-0.4160637099107026,0.14359129174971055,-0.372474747950197,0.23268850280246456,-0.23578665058535841,0.2330774146353509,-0.003860345557524757,-0.6768120329619561,0.2184294594427073,-0.4722751186603087,-0.2723292833036992,-1.1410343215106797,-1.9127830978271454
0.2485653201816401,-0.3037402345956241,-1.2998554004938478,-0.48605228870748857,0.07996052292772741,1.011163851692023,-0.15854586929293935,1.0015392771455143,-0.011045032048426011,0.9531069969387995,-0.30178619485509467,-0.17480737330076387,0.09104508515812565,0.23941157873825164,-1.013956102124591,-0.933643188110899,-0.9558806408461505
1.3141409613533543,-0.08188754557035371,-0.6504548111149269,0.19077470943241,-0.6337434092138979,-1.1577675481637577,-0.49132412498200684,0.2973213778796623,-0.3679203813793834,-1.2217781224792306,0.12534171614086154,-0.18749022620935243,0.1999301100590062,1.303408847127105,-0.2391221123117191,1.0135291199203802,0.8598112864552285
1.8059451034326086,0.8055232105307267,0.3700318293376636,-0.19598357521896068,-1.5686955603194104,-0.6372240121983705,-1.085571010141056,-0.4926579819410412,-1.1269456568775238,-0.5675873644269371,-0.9951521849613,0.05328895524506911,-0.39173457220000435,1.8136194860584653,0.034441724907927754,-0.6686434065445124,-0.5212312853864745
0.4125000342080572,-0.8583719571587995,0.27726031656924627,0.7709121364094663,-0.8728342264813238,0.577377571720867,-0.15854586929293935,-1.3502935043163888,-0.011045032048426011,0.6111230874510375,1.0567965362369551,0.47075716235530496,0.9084352689651092,0.4240782683510567,0.807694420864039,0.7715727976206346,0.8580864874256264
0.6584021052476844,-0.7474456126461646,2.4110051102428436,0.38415385175809563,-0.7407989990351298,0.40386305973240444,0.007843258551594406,-0.5361622715405847,0.15332477335556308,0.4646490664410443,0.3777515954498133,0.6044106270882131,0.8250286895659765,0.6622799769187546,1.824466370761338,-0.4151653546114458,-0.06227429709101181
0.16659796316843153,1.2492285885812675,0.09171729103241152,-0.6794314310331742,-0.18767845162539198,-0.4637095002099079,1.1725671534633306,-0.4507957610341739,1.1127574750934288,-0.37358794334610596,-1.2367595461476748,-0.415046897883633,-1.0016288375620581,0.16563607811803496,-0.5079420679610827,-0.9105997288442571,-0.42323863354188207
0.16659796316843153,-0.4146665791082593,-1.1143123749570132,-0.5827418598703313,0.35116801714153867,0.577377571720867,-0.11100611848021542,1.1565656274395786,0.03679732860017462,0.6111230874510375,-0.1963492501686458,-0.2811571827819218,0.18720856952582632,0.15245755960728885,-0.9839115188461328,-0.9566866473775418,-0.9817125146848404
-0.2432388218976127,-1.6348563687472453,0.6483463676429156,0.5775329940837812,0.4368124889985401,-0.11668047623298272,-0.01592661685476756,0.16405524078297637,0.13036077835568,-0.014476959580863336,3.071124615209641,0.36820308402905116,2.538451616254087,-0.25086034238677507,0.8899217014156097,0.5526599345875328,1.1550327017545297
1.3961083183665643,-0.4146665791082593,-1.5781699387990995,-0.48605228870748857,-0.7336619597137064,-0.9842530361752951,-1.109340885547418,0.5573226723308153,-1.1614545839158594,-0.9902064706735354,0.019710926950674022,-0.3976176541950828,0.6165120673051612,1.3866920722381906,-1.1467847860925118,-0.36907843607816104,-0.5800348988142969
-0.653075606963657,-0.7474456126461646,-1.485398426030682,-0.5827418598703313,-0.38394703296431715,-0.20343773222721404,-0.9191818822965222,-1.3502935043163888,-0.8953995665596088,-0.10094175185183701,0.8222179809616198,-0.7824650480936357,0.30168759426052255,-0.6338670268146764,-1.1546912553763167,0.5065730160542491,0.5637876390491376
0.16659796316843153,-0.6365192681335294,2.318233597474426,-0.3893627175446463,-0.5837841339639738,-0.5504667562041392,0.1504625109897662,0.039292727020321674,0.28770826227459045,-0.46927668735086014,-0.051000729981971527,0.05733603975975302,0.46820594535695526,0.17534918070251443,0.8298325348586921,-1.1871212400439646,-1.4714351042757596
-0.48914089293723984,-0.4146665791082593,0.462803342106081,0.2874642805952528,0.36544209578438547,0.31710580373817315,-0.20608562010566328,-1.1027788392794577,-0.05962345783116127,0.38910700786658775,0.6246794228847686,-0.2033861896526674,-0.04175329595648629,-0.4899832391095426,0.510411175792978,1.3361375496533725,1.5195669710806228
0.5764347482344758,-1.30207733520934,2.4110051102428436,1.0609808498979947,-1.1404732010344432,0.6641348277150978,-0.372474747950197,-1.3502935043163888,-0.23578665058535841,0.6821771964116963,1.3160633473135208,1.446017664814748,1.947342803964422,0.5920540948809238,2.6546456455608447,-0.5073391916780142,-0.7868503359451641
0.4125000342080572,0.02903879894228149,-1.0215408621885957,-0.2926731463818035,-0.7051138024280525,0.31710580373817315,-0.13477599388657738,-1.031191601614447,0.012966759674150239,0.38910700786658775,-0.2765986518640887,-0.3378695756632199,-0.18076423630822797,0.4198416313290306,-0.7609490850428371,0.04570383072140165,0.532019247620191
-1.1448797490429112,2.1366393446823477,-0.27936876004125744,-1.1628792868473878,-0.11630805841119775,0.05683403575547927,-0.9429517577028842,-1.5525277109205653,-0.9274560387990313,0.1524422178765131,-1.4642059680970068,-1.0642829257548463,-1.5592318543835268,-1.1220412859113815,-1.0360942161192446,-0.6455999472778695,-0.8537564936515826
0.8223368192741014,0.9164495550433619,-1.485398426030682,-0.09929400405611787,-0.09846546010765911,0.14359129174971055,-0.06346636766749149,1.055658166400302,0.08392559745065886,0.2330774146353509,-0.8157189571384006,-0.21827353499189547,-0.6904755074731966,0.8063838601160568,-0.8937777690107577,0.27613842338782535,-0.0001815320253429887
-0.16127146488440414,-1.30207733520934,2.503776623011262,1.5444287057122081,0.5081828822126947,0.23034854774394187,1.1725671534633306,-0.5814427299733397,1.1127574750934288,0.3119402649770985,1.510517101610608,1.75323036906262,1.5609704609020474,-0.17229209791156844,3.325114240827494,-0.10407865451177352,1.064901924556498
-1.3907818200825368,-0.8583719571587995,2.503776623011262,0.4808434229209384,2.3638131057809124,1.011163851692023,0.7684792715551773,1.1851307390420138,0.8118122088706097,0.9531069969387995,1.5234861299083111,-0.1683490844025215,0.15286174251546122,-1.4128463852055,2.0031525765753284,1.773963275719578,2.5116071943390894
0.33053267719484863,-0.5255929236208943,0.741117880411332,-1.1628792868473878,-0.8549916281777851,0.05683403575547927,-0.6577132528265406,-1.1027788392794577,-0.5627200091491062,0.1524422178765131,-0.21701634958443644,-0.8285788679835113,0.38132781687482503,0.3430889601199087,-0.6708153352074623,-1.3829906438104245,-1.2593650468454056
-0.3252061789108227,0.4727441769928217,0.27726031656924627,-0.0026044328932750627,0.5117514018734262,-0.6372240121983705,-0.9429517577028842,1.0765874137159805,-0.9274560387990313,-0.5675873644269371,-0.8553307310654422,0.34062626767540255,-0.714326495143073,-0.33283286741120366,0.1498761764514781,-0.7953824325110447,-0.4759853945634294
-1.2268471060561197,-0.6365192681335294,0.09171729103241152,-0.3893627175446463,1.6286980556750568,0.23034854774394187,-0.4675542495756449,1.4060076903538665,-0.3410475775182748,0.3119402649770985,0.27898196098915695,-0.28572482668022786,-0.06256908721082094,-1.2382354271416445,-0.2707479894469384,-0.38060016571148303,-0.8207446424571105
0.6584021052476844,-0.9692983016714347,-1.0215408621885957,0.4808434229209384,-1.179726917302252,-1.7650683401233762,-0.7765626298583505,-1.3975013606265008,-0.7096086050858172,-2.175151703005463,0.9339824941531583,0.4954349760257986,1.217532445235827,0.673678041061061,-0.280235752587504,0.034182101088080716,-0.20053900069654018
-0.48914089293723984,-0.6365192681335294,-0.18659724727284058,0.4808434229209384,-0.5195507800712426,0.23034854774394187,-1.1331107609537798,-1.2615087562840905,-1.196344832782428,0.3119402649770985,-0.051000729981971527,1.0946305752096968,0.2184294594427073,-0.4699243473522761,0.2605667464247452,-1.0834256733440741,-1.1759329077390808
-1.3088144630693284,0.3618178324801865,0.3700318293376636,1.5444287057122081,1.8285351566747134,1.6184646436516414,1.2676466550887786,1.3261734466738646,1.1795861155578766,1.3829675087682554,-0.28974061198185735,1.0844311838235396,-0.9095907485584085,-1.3222476316852578,1.5429960642578868,1.1057029569869476,1.3302401938778097
-0.9809450350164927,0.13996514345491606,-1.2070838877254306,-1.6463271426616015,0.47963472492704073,0.05683403575547927,1.4102659075269504,0.7400720105381283,1.2772496347645668,0.1524422178765131,-0.7223425104343354,-1.4618321698915828,-0.6773182541278726,-0.9739785250189873,-1.6527988202560204,-1.2562516178438912,-1.3429977439784266
0.49446739122126576,-1.9676354022851505,1.761604520863923,-0.0026044328932750627,-1.012006493248941,-1.0710102921695264,-1.061801134734694,-1.5525277109205653,-1.0928098066275784,-1.1041244592143058,5.049545873142511,-0.2620847158324083,4.789297189643424,0.5081709987235322,0.9847993328212671,0.6793989605540651,0.33699662245915685
1.3961083183665643,-1.52393002423461,2.503776623011262,2.3179452750149507,-0.9905953752847105,-1.33128206015222,0.6496298945233675,-1.3502935043163888,0.7175504210839777,-1.469332496695443,3.019843397978864,1.7156313131212653,3.1309860223415877,1.3938868544932659,4.286540905738161,1.3476592792866955,1.117969578420761
0.08463060615522153,-0.9692983016714347,-0.46491178557809215,-0.09929400405611787,-0.16269881400042993,0.4906203157266358,-0.7290228790456266,0.6971292077636988,-0.6500306980473303,0.5386334452652105,0.8793989303100056,-0.055940217229138466,0.9644696082354014,0.0846431516410502,-0.3371623314308986,-0.15016557304505826,-0.3708127653630521
0.740369462260893,1.1383022440686323,-1.1143123749570132,-0.3893627175446463,-0.18410993196466047,-0.5504667562041392,0.19800226180249014,0.9903912717577839,0.33126116512017395,-0.46927668735086014,-0.9764373565774664,-0.4361091719196703,-0.8250406973672926,0.7282504733988808,-0.8668957734458216,0.03418210108807969,-0.20053900069654018
-0.8989776780032841,-0.3037402345956241,-0.8359978366517611,2.3179452750149494,-0.49813966210697247,1.6184646436516414,-0.372474747950197,-1.5525277109205653,-0.23578665058535841,1.3829675087682554,-0.17733551209267234,2.7608879077149204,-0.2936109129612247,-0.8726970989441151,1.0417259116646613,-0.25386113974494867,-0.8309731018187008
-1.636683891122164,-0.6365192681335294,-0.27936876004125744,-0.8728105733588598,0.4724976856056174,2.52941583159107,-0.3487048725438351,0.21027931237287534,-0.210010708302956,2.530809295077329,0.37326272983805087,-0.8735692620499449,-0.21867939090722596,-1.6157256060649883,-0.8178756638862317,-0.20777422121166497,-0.6954760989816053
1.0682388903137285,-1.1911509906967048,-0.8359978366517611,1.8344974192007366,-0.31257663975016253,-2.2856118760887636,-1.2757300133919518,0.4162799646989643,-1.4141922664956448,-2.588353925259448,1.8651109687718486,1.3755189160830317,1.9044143113303613,1.0532627171720987,0.7254671403124691,1.0941812273536289,1.0480951619192136
-1.1448797490429112,1.1383022440686323,1.0194324187165842,-0.8728105733588598,0.8079385337121995,0.31710580373817315,0.31685163883429995,0.6371569160108173,0.437585533678028,0.38910700786658775,-1.08560477154493,-0.7882068604347199,-1.2407878807909118,-1.1412681109317615,-0.286560928014548,-0.4842957324113724,-0.7619009174239472
-0.40717353592403127,-1.30207733520934,0.8338893931797494,0.09408513826956774,-0.13415065671477602,-1.5047965721406826,-0.6814831282329026,-1.031191601614447,-0.5915561492431368,-1.7352404416114184,1.510517101610608,0.2108973591383296,1.432179679881256,-0.39829733894863933,0.554687403782285,-0.2769045990115916,0.12689203369044189
-0.9809450350164927,0.2508914879675513,-0.5576832983465095,-0.48605228870748857,0.5902588344090042,0.9244065956977916,0.8635587731806251,-0.29755702949821744,0.8852465743277103,0.8872681726876441,0.10613744647224718,-1.040729174972959,-0.7515332854230188,-0.976327325591102,-0.6597462782101352,1.8891805720527894,2.1721025667448925
-1.0629123920297012,-1.0802246461840699,-0.8359978366517611,1.4477391345493653,0.25838650596315355,2.52941583159107,0.293081763427938,-0.014826162234466606,0.4166051548611586,2.530809295077329,0.8551384904140746,1.8604279506004513,0.645127371477674,-1.049562272900354,0.4724601232307147,-0.4382088138780877,-0.8535960472302246
-0.8989776780032841,-1.30207733520934,-1.5781699387990995,-0.9695001445217023,0.15133091614188202,-0.11668047623298272,-1.679817895300105,-1.031191601614447,-2.1281873667505646,-0.014476959580863336,2.8716933816902204,-1.4744227117198805,1.1745981178396734,-0.8866892990115932,-1.3997918031742662,2.0159195980193236,1.797660730899925
0.16659796316843153,-1.0802246461840699,-0.37214027280967477,0.38415385175809563,-0.6337434092138979,-1.4180393161464513,-1.061801134734694,-1.1027788392794577,-1.0928098066275784,-1.599823795294917,1.0856023592539752,0.45395844457131507,1.2175312401813938,0.17657580039716278,0.06923018975666907,-0.10407865451177455,0.20992305674337056
-1.800618605148581,0.3618178324801865,-0.0938257345044232,-0.9695001445217023,0.18344759308826744,0.750892083709329,-0.5864036266074547,-0.22820837422637308,-0.477758774168862,0.7518515263711428,-0.758103759173894,-0.7930011356693877,-1.0425364729535402,-1.770709578233501,-0.8178756638862317,-0.8069041621443657,-0.9760166667266192
-0.3252061789108227,0.6945968660180921,-0.46491178557809215,-1.1628792868473878,-0.0627802635005818,0.577377571720867,-0.03969649226112952,-0.2623408272713978,0.10722854746078214,0.6111230874510375,-0.6055899156973256,-1.3462398654821874,-0.8431172998373131,-0.31957289838418623,-1.1025085581032052,0.47200782715428424,0.7143264938885757
-0.8989776780032841,-0.3037402345956241,0.27726031656924627,0.8676017075723091,1.0077756347118563,0.4906203157266358,2.2184416713432573,1.1371051774244474,1.7799734176038478,0.5386334452652105,-0.0943683902510577,1.0397793904128112,-0.2936109129612247,-0.9050624219975002,0.8899217014156092,-0.19625249157834404,-0.07093840384436062
1.3961083183665643,-0.08188754557035371,0.6483463676429156,-0.09929400405611787,-1.5187362850695258,-0.8107385241868326,-0.8478722560774363,-0.7836769365775159,-0.8011377787729798,-0.7726783407028834,-0.5660511707289265,0.3732130587305618,0.2253703291126493,1.4087090100925188,0.27005450956531174,-1.0949474029773951,-1.2928983489092924
0.5764347482344758,-0.4146665791082593,0.462803342106081,-0.48605228870748857,-0.8264434708921312,-0.4637095002099079,-0.08723624307385346,-0.028778763804921142,0.06044938971628145,-0.37358794334610596,-0.23956128559250925,-0.11997925549979647,0.3303097354522711,0.5839698560405188,-0.17270777032775805,-1.0603822140774313,-0.8887338135076951
1.3961083183665643,0.6391336937617745,-0.0938257345044232,-1.2595688580102304,-1.3403103020340998,-0.8974957801810638,-1.5134287674555713,-0.9639457283928805,-1.8144152634103718,-0.8797942129914668,-1.2224719504147825,-0.7363301935300047,-0.38177577294039666,1.4036965682935725,-1.0455819792598104,-1.9648379902931437,-1.8358089271804934
0.740369462260893,-0.1928138900829889,-0.9287693494201784,-0.5827418598703313,-1.0298490915524798,-1.0710102921695264,-1.3708095150173996,0.039292727020321674,-1.5682489367817558,-1.1041244592143058,-0.08000827266091222,-0.6251792339061248,0.1343721897145699,0.750361075465332,-0.8985216505810407,-0.011904817445205055,-0.22063491497166943
-0.9809450350164927,-0.7474456126461646,0.5555748548744983,-0.48605228870748857,1.0077756347118563,2.312522691605492,1.1250274026506069,0.6824373744435721,1.0788051544662989,1.8184242503494046,0.6246773651785947,-0.5457941564438079,0.1708523204341584,-0.985178988864648,-0.1284315423384511,0.05722556035472257,0.5154130430096042
-0.48914089293723984,2.0257130001697132,0.6483463676429156,-2.3231541408015004,0.24054390765957528,0.23034854774394187,0.1504625109897662,0.21027931237287534,0.28770826227459045,0.3119402649770985,-1.3893743093467021,-2.3596576574021553,-1.4105440813599055,-0.4871584105736528,-1.7666519779428094,-0.5649478398446209,-0.8771014479592173
0.6584021052476844,0.02903879894228149,-1.1143123749570132,0.2874642805952528,-0.34826183635723984,0.14359129174971055,-0.3487048725438351,0.7540246121085826,-0.210010708302956,0.2330774146353509,-0.3136375614171362,0.30152033189961963,-0.1071693071683043,0.6521105090430929,-0.45734066454473216,-0.00038308781188310046,-0.5065504378321871
0.002663249142012967,-1.0802246461840699,-0.0938257345044232,1.5444287057122081,0.543868078819772,0.6641348277150978,0.45947089127247176,0.2761927924020081,0.5606219585172659,0.6821771964116963,1.7193779985637034,0.9924988845551801,1.1412107243542304,-0.012688001366816295,1.1555790693514507,1.3015723607534098,1.4123085384025893
1.3141409613533543,0.9164495550433619,-0.6504548111149269,-0.2926731463818035,-0.7300934400530146,-0.29019498822144535,0.12669263558340424,0.23268850280246456,0.2657044422539355,-0.18954169161124898,-0.8157189571384006,-0.409947530514698,-0.5759944157311869,1.306082230517164,-0.5711938222315213,0.2530949641211825,0.7124412484376156
-1.0629123920297012,0.4727441769928217,0.27726031656924627,-0.5827418598703313,-0.15199325501831468,0.4906203157266358,0.8397888977742632,-1.1793069189638352,0.8670474726790395,0.5386334452652105,-0.4340129468119057,-0.818123743692113,-0.9075132703791594,-1.040918238614689,-0.34348750685794216,0.6333120420207814,0.1917524995245409
0.2485653201816401,1.2492285885812675,-0.6504548111149269,-0.6794314310331742,0.6152384720339662,1.3581928756689476,1.0299479010251589,0.9903912717577839,1.0097852393143443,1.2050079679899344,-0.7581023866846742,-1.0458183737175888,-0.9840163581461016,0.22621890311093093,-0.8368511901673631,1.1633116051535544,0.7847223612595365
-0.9809450350164927,0.5836705215054568,0.741117880411332,0.8676017075723091,1.8071240387104432,-0.5504667562041392,0.7684792715551773,1.6030947081425588,0.8118122088706097,-0.46927668735086014,-0.8523842653640156,1.183288283975466,-0.9471911769805326,-1.0020679074408243,1.221993411335411,-0.4497305435114096,-0.3002965631760742
0.49446739122126576,-0.6365192681335294,0.5555748548744983,-0.09929400405611787,-0.21979512857173777,0.23034854774394187,0.43570101586610976,0.21027931237287534,0.5404459448543757,0.3119402649770985,0.18470119214026343,0.12453911820709622,0.5930941883140785,0.48799908083078125,0.21945310614896074,-0.5764695694779419,-0.11008733065578961
1.64201038940619,-0.6365192681335294,-1.2998554004938478,-0.3893627175446463,-1.8291974955511063,-0.6372240121983705,-1.656048019893743,-1.2615087562840905,-2.0814082090060637,-0.5675873644269371,-0.09814111440641866,0.11285751729964894,1.0302030386640122,1.659725159741476,-0.9586108171379575,-1.302338536377177,-1.3185697763266229
-1.1448797490429112,-0.5255929236208943,-0.8359978366517611,0.8676017075723091,-0.212658089250354,1.6184646436516414,-0.8954120068901603,-1.4468080202105298,-0.8636652753719254,1.3829675087682554,0.3240733872651994,0.812471260796725,-0.15623472643866443,-1.120031173306644,0.09294959760808355,0.24157323448786155,-0.19079188059902244
-0.48914089293723984,0.4727441769928217,-0.18659724727284058,-0.5827418598703313,0.9007200448905847,-0.20343773222721404,0.19800226180249014,1.097129060014584,0.33126116512017395,-0.10094175185183701,-0.6932854294294668,-0.5329291352329965,-0.7572568896399812,-0.5020671671121248,-0.5569621775206725,-0.2884263286449135,-0.17490768488454914
-1.4727491770957455,-0.6365192681335294,-0.001054221736005843,1.641118276875051,1.8784944319246375,0.40386305973240444,1.0537177764315209,1.5502648570332243,1.0271821725509864,0.4646490664410443,0.2318415765647102,1.9631590128083012,-0.15623526942866384,-1.4830975324628153,1.3105458673140253,-0.2538611397449497,-0.7730519437083497
0.33053267719484863,-0.7474456126461646,-0.8359978366517611,-0.0026044328932750627,-0.34826183635723984,-0.6372240121983705,-0.13477599388657738,-0.3339280649364083,0.012966759674150239,-0.5675873644269371,0.7234476730701076,-0.14377675652416413,0.6941934157396129,0.33041763944941616,-0.4763161908258634,0.345268801187752,0.5709275047995818
-0.40717353592403127,2.580344722732889,-1.3926269132622648,-0.9695001445217023,0.36544209578438547,-0.11668047623298272,-1.061801134734694,0.47129374484483205,-1.0928098066275784,-0.014476959580863336,-1.042792820199771,-1.5424916800339437,-1.543470765957723,-0.40972170875687164,-1.3270522857632618,2.4191801351855644,1.5398634433824507
1.64201038940619,0.13996514345491606,1.0194324187165842,-0.19598357521896068,-1.2225491532307526,-1.4180393161464513,-0.9904915085156082,-0.04290911029993382,-0.9925621679584964,-1.599823795294917,-0.472010539177894,-0.11144799941206573,0.08062501748319617,1.6422576513146656,0.3775824918250568,-0.2769045990115926,-0.16191152475452594
-0.16127146488440414,0.3618178324801865,-0.7432263238833442,-0.6794314310331742,-0.34826183635723984,-0.5504667562041392,0.24554201261521405,0.18740804436970973,0.37422149305647134,-0.46927668735086014,-0.758103759173894,-0.46795031031886525,-0.5993840583031004,-0.15212166494109744,-0.8779648304431482,-0.7723389732444028,-0.8022130807902241
-0.16127146488440414,1.0273758995559972,-0.0938257345044232,-0.5827418598703313,-0.526687819392666,-1.33128206015222,-1.8699768985510008,-0.9639457283928805,-2.529684333985121,-1.469332496695443,-0.5338669188296027,-1.0628020887372207,-0.9730683277265271,-0.14790721055203804,-0.5142672433881268,1.6126590608530789,1.0120749403242686
1.1502062473269372,-0.6365192681335294,-1.485398426030682,-0.2926731463818035,-1.4009751362661391,-0.29019498822144535,-1.774897396925553,-1.1793069189638352,-2.3225585927294037,-0.18954169161124898,0.46754349868694517,-0.35419748413688046,0.8428706742283264,1.1634115351058998,-0.9981431635569814,0.09179074925468536,0.13330989054477524
-0.48914089293723984,0.3618178324801865,-0.6504548111149269,-2.3231541408015004,-0.605195251928244,-0.8974957801810638,0.1504625109897662,-1.1027788392794577,0.28770826227459045,-0.8797942129914668,-0.6242857171190264,-2.366353747648412,-0.6880145412331885,-0.467977842114814,-1.9658950038946912,-0.5073391916780163,-0.6464597172566402
0.16659796316843153,-1.30207733520934,0.5555748548744983,-1.452948000335916,-0.5409618980354731,0.23034854774394187,-0.5626337512010927,-0.9005446326752814,-0.4499388990964361,0.3119402649770985,1.5753350197096372,-1.4608497960738698,1.7326915022631033,0.17429806788581612,-0.9981431635569814,-0.3460349768115192,-0.1539694268972893
-0.48914089293723984,0.4727441769928217,2.1326905719375913,-2.0330854273129724,0.22270130935603663,-0.20343773222721404,1.2438767796824166,0.4162799646989643,1.1630110885471505,-0.10094175185183701,-0.8877397913926373,-1.945765777749257,-0.7572568896399812,-0.486754701312309,-1.197386189508863,-1.1525560511440007,-1.3562746853458276
-1.2268471060561197,2.580344722732889,-1.2998554004938478,-1.6463271426616015,0.07996052292772741,0.14359129174971055,-1.085571010141056,-0.29755702949821744,-1.1269456568775238,0.2330774146353509,-1.4901654679059142,-1.6977487710267913,-1.6781545133366997,-1.2064587089321064,-1.6780995219641959,-0.19625249157834404,-0.4208720488268482
1.9698798174590257,0.3618178324801865,-0.37214027280967477,-1.2595688580102304,-1.75425858267626,-1.4180393161464513,-0.49132412498200684,-0.5814427299733397,-0.3679203813793834,-1.599823795294917,-1.0926488643110632,-0.7247660973083035,-0.023285919257529153,1.9805387743185576,-1.140459610665468,-1.993642314376447,-1.3654201313632517
1.7239777464193986,1.0273758995559972,-0.9287693494201784,-0.0026044328932750627,-1.1333361617130198,-1.4180393161464513,-0.1823157446993013,-0.04290911029993382,-0.03524082396888361,-1.599823795294917,-1.010367898918756,0.10313610152193922,-0.5460847643087021,1.7202957838977573,-0.5284988880989752,-0.2769045990115916,-0.046390101376538526
-0.8989776780032841,-0.5255929236208943,0.5555748548744983,-0.6794314310331742,0.4689291659449255,-0.20343773222721404,-1.1331107609537798,0.6371569160108173,-1.196344832782428,-0.10094175185183701,0.3240733872651994,-0.7484920626903053,-0.0666409692197492,-0.8935130043893686,-0.30237386658215726,0.05722556035472257,0.1548899342174697
0.33053267719484863,0.6945968660180921,1.3905184697902535,-0.2926731463818035,0.8471922499799687,1.3581928756689476,0.3406215142406619,0.8212704853301495,0.458427427137323,1.2050079679899344,-0.7886058194228336,-0.2792607339489799,-0.6814969614335423,0.3006671742977303,0.4724601232307147,-0.11560038414509548,0.6677569200893247
0.2485653201816401,-0.08188754557035371,-0.6504548111149269,-0.8728105733588598,-0.31257663975016253,0.05683403575547927,-0.8478722560774363,-1.3502935043163888,-0.8011377787729798,0.1524422178765131,0.240573863952493,-1.2380625978589104,-0.13079273763834703,0.24911154141169706,-0.9696798741352843,1.232441982953482,1.6771253568544877
-0.653075606963657,0.02903879894228149,1.0194324187165842,-0.09929400405611787,-0.09846546010765911,-0.11668047623298272,1.9213182287637327,-0.5361622715405847,1.6043143684513796,-0.014476959580863336,-0.5729099282884665,0.2527997845573551,-0.4996755959145616,-0.6402140917879883,0.4724601232307147,-0.8529910806776504,-0.7310952045231497
-0.16127146488440414,2.580344722732889,-0.0938257345044232,-2.0330854273129724,-0.39108407228574055,0.577377571720867,-1.4658890166428475,-0.9005446326752814,-1.7302093293295229,0.6111230874510375,-1.5918410696573104,-2.0045244055960856,-1.50306564174403,-0.15111058307982272,-1.6527988202560204,-0.8184258917776875,-0.28681906378197575
0.33053267719484863,2.580344722732889,1.2977469570218363,0.19077470943241,2.2567575159596807,1.1846783636804856,2.812688556502306,1.491231545442509,2.8610918104396887,1.081267593768474,-1.0834630609003295,-0.5751111112507488,-1.4222553933166442,0.26584431778397494,0.9231288724075889,2.327006298118993,2.016309091605968
0.4125000342080572,-0.9692983016714347,-0.001054221736005843,0.09408513826956774,-0.526687819392666,-0.5504667562041392,-0.30116512173111115,-0.4926579819410412,-0.1590816139620979,-0.46927668735086014,1.2614838772120713,-0.16642931515870887,1.1090769436642163,0.4153389764361583,0.07081148361342986,0.6793989605540671,0.4658350988098862
0.9862715333005201,0.5836705215054568,1.3905184697902535,-0.9695001445217023,-0.19838401060750724,-1.1577675481637577,0.4832407666788337,1.1851307390420138,0.5806698696426701,-1.2217781224792306,-1.2609348827224958,-0.24128895650261808,-0.44763744825588886,0.9697904000003281,-0.23595952459819708,-2.166468258876264,-1.9141468924086908
2.4616839595382785,0.8609863827870443,-0.27936876004125744,0.19077470943241,-1.9826438409615705,0.23034854774394187,-1.01426138392197,-0.7836769365775159,-1.0256256679196953,0.3119402649770985,-1.0210271997649634,0.4811683507402992,-0.2723240171136995,2.4721123959774496,-0.017740972365184002,-0.6167956231945673,-1.0438453913558488
-0.16127146488440414,-0.7474456126461646,0.462803342106081,-0.48605228870748857,0.5795532754268493,0.14359129174971055,2.0045127926859996,0.8470673968451634,1.6544919232895583,0.2330774146353509,0.6246773651785947,-0.5457941564438079,0.49794050500006776,-0.17396857687360798,-0.17270777032775805,0.05722556035472257,0.24502071141550297
-0.16127146488440414,-0.7474456126461646,0.462803342106081,-0.48605228870748857,0.5795532754268493,0.14359129174971055,1.9807429172796376,0.8342439337995095,1.6402366602736516,0.2330774146353509,0.6246773651785947,-0.5457941564438079,0.49794050500006776,-0.17396857687360798,-0.17270777032775805,0.05722556035472257,0.24502071141550297
-1.2268471060561197,0.13996514345491606,-1.0215408621885957,1.0609808498979947,0.15133091614188202,2.52941583159107,1.0774876518378829,-0.1316938583322322,1.0444837796477284,2.530809295077329,-0.5435339595368769,1.3540834832410398,-0.7483754358414104,-1.2079291716585456,0.08029924675399591,-0.3575567064448391,-0.910674861628445
1.3141409613533543,0.5836705215054568,2.318233597474426,-0.09929400405611787,-0.6908397237852058,-0.20343773222721404,1.0061780256187969,0.140200188059598,0.992291923684418,-0.10094175185183701,-0.3181257657413874,-0.575389987980783,-0.3643784934684486,1.304992898622698,1.1808797710596264,1.3937461978199792,0.6122424582993472
0.08463060615522153,0.3618178324801865,0.09171729103241152,0.19077470943241,-0.6908397237852058,1.7052218996458728,-0.44378437416928296,-1.031191601614447,-0.31440155107636625,1.4403785775337181,-0.4904676750641587,0.09218064887223412,-0.532911196105535,0.0974770166965441,0.20364016758135065,0.2530949641211815,0.37446086184632316
1.3141409613533543,-0.3037402345956241,-0.37214027280967477,0.38415385175809563,-1.2225491532307526,-1.5047965721406826,-1.061801134734694,-0.29755702949821744,-1.0928098066275784,-1.7352404416114184,-0.011401268409443055,0.4168334691911748,0.44822565484037885,1.3197689552609704,0.06923018975666907,-0.023426547078525983,-0.17362411351368276
-0.9809450350164927,-0.4146665791082593,0.09171729103241152,0.38415385175809563,0.7187255421944666,-0.029923220238752032,1.1963370288696926,0.6750178337406052,1.1295977037836804,0.0699531769801072,0.10613499779840166,0.4220918362461619,-0.21347469506822003,-0.9790531297222532,0.36176955325744714,-0.034948276711846915,-0.007882960250541294
0.08463060615522153,-0.1928138900829889,-0.27936876004125744,0.09408513826956774,-0.5766470946425505,-0.29019498822144535,1.1012575272442449,-1.1793069189638352,1.0616910995893223,-0.18954169161124898,-0.23956045459502423,0.26261265951321217,-0.07697729231673153,0.09469888265061459,-0.09048048977618822,-0.39212189534480396,-0.14947692709925695
-1.1448797490429112,0.6945968660180921,1.2977469570218363,-0.5827418598703313,1.114831224533088,1.7052218996458728,1.1012575272442449,0.8597443028186184,1.0616910995893223,1.4403785775337181,-0.4835793132136532,-0.916310148182943,-1.0451427228420263,-1.1476302137088306,0.12615676860006364,1.0020073902870594,0.78067108912024
1.5600430323929815,-0.1928138900829889,-1.9492559898727684,1.9311869903635794,-0.5980582126068206,0.31710580373817315,-0.6814831282329026,-1.3502935043163888,-0.5915561492431368,0.38910700786658775,0.6778645915261199,0.8412225631165805,0.39855904225369654,1.5438589600258474,-0.21698399831706497,2.4767887833521693,2.905703716800452
-0.07930410787119559,-1.4130036797219752,-0.9287693494201784,-0.19598357521896068,-0.526687819392666,-0.4637095002099079,-1.3945793904237616,0.2973213778796623,-1.6079668868241759,-0.37358794334610596,1.0395052835224563,0.5177544631434916,1.9044105402253653,-0.06744346955372488,-0.6518398089263303,-1.5903817772102062,-1.497627982562505
1.1502062473269372,2.358492033707618,-0.8359978366517611,2.3179452750149507,1.2575720109613973,-1.1577675481637577,-0.06346636766749149,1.7479808610589742,0.08392559745065886,-1.2217781224792306,-1.2025688962381846,1.6240436177752344,-1.2216042308284032,1.0911037452003005,1.041725911664662,1.5204852237865114,1.8654894555291517
0.4125000342080572,-0.08188754557035371,-0.46491178557809215,-0.19598357521896068,-1.0762398471417118,-0.7239812681926012,-1.2994998887983136,-1.1027788392794577,-1.4520075136212773,-0.6686677176331566,-0.48922973885450594,0.14762212023959978,-0.07991229953106184,0.42922171090617917,-0.4067392611283812,-0.8760345399442943,-0.6233554325810439
-0.3252061789108227,-0.8583719571587995,0.5555748548744983,1.641118276875051,0.9364052414976619,-0.6372240121983705,0.6971696453360914,1.0015392771455143,0.7555934763980802,-0.5675873644269371,0.7456701404560512,1.6822685930826262,0.5993370081447986,-0.3426061725908329,1.7849340243423149,0.18396458632125587,0.08357149992369785
-0.735042963976867,1.914786655657078,1.3905184697902535,0.09408513826956774,1.3646276007826688,-0.5504667562041392,1.8618935402478276,0.7948593042719118,1.5679786925076773,-0.46927668735086014,-0.9655198509105138,-0.48011585244101906,-1.4231536720560436,-0.7526192834477621,0.8772713505615216,1.6702677090196856,2.2840540572476558
-0.48914089293723984,-1.1911509906967048,-0.18659724727284058,1.1576704210608375,1.1505164211401653,0.9244065956977916,-0.01592661685476756,1.1272454040653126,0.13036077835568,0.8872681726876441,1.8041058469563132,0.8000408488881383,1.136719961830368,-0.507693890029239,0.7808124252991024,0.8983118235871669,0.8669511522056726
1.2321736043401457,-0.3037402345956241,1.3905184697902535,0.2874642805952528,-1.6686141108192585,-0.7239812681926012,-1.4183492658301236,-1.2615087562840905,-1.6481908116124702,-0.6686677176331566,-0.7166218040631682,1.4612920003149128,0.4207502264032827,1.2514752530815967,1.0796769642269246,-1.993642314376447,-2.121243110776937
-1.0629123920297012,2.580344722732889,-0.46491178557809215,-1.2595688580102304,0.8115070533728914,0.23034854774394187,2.0520525434987236,0.8470673968451634,1.6828108162049602,0.3119402649770985,-1.4901654679059142,-1.3009215979443065,-1.6512177638609042,-1.0611813463235895,-1.1720854878006874,-0.1501655730450593,-0.22420484784689218
0.49446739122126576,-0.6365192681335294,0.3700318293376636,-0.8728105733588598,-0.6480174878567446,-0.20343773222721404,0.5070106420851956,-1.1793069189638352,0.6005912946825762,-0.10094175185183701,0.5618242675358395,-1.0035686084816657,0.5930941883140785,0.49889160828523677,-0.5522182959503896,0.2530949641211825,0.4666373309166759
-1.3088144630693284,1.803860311144443,-0.46491178557809215,-1.2595688580102304,1.507368387210978,0.4906203157266358,0.45947089127247176,1.1565656274395786,0.5606219585172659,0.5386334452652105,-1.0880852232510332,-1.4856689189907033,-1.4987806880596988,-1.3157601634578493,-1.1720854878006874,0.6909206901873881,1.0265151182465204
0.6584021052476844,1.63747079437549,-0.7432263238833442,-0.776121002196017,-1.0548287291774419,-0.8107385241868326,-1.2044203871728658,-0.6047955335600731,-1.3033901821391358,-0.7726783407028834,-1.2217425108656563,-0.7748784635213214,-1.0613036728779779,0.670431808885518,-0.9427978785703479,-0.19049162676168357,-0.6188829885856805
-1.0629123920297012,0.6945968660180921,0.09171729103241152,2.3179452750149507,-0.31971367907158593,2.52941583159107,-0.9191818822965222,-1.1793069189638352,-0.8953995665596088,2.530809295077329,-0.6665952169391616,2.1189126118585637,-1.0249401805415548,-1.037379695247652,1.9430634100184112,0.6563555012874233,-0.13736322228670383
-0.40717353592403127,-1.1911509906967048,-1.1143123749570132,-0.19598357521896068,-0.2768914431430852,-1.6783110841291449,-1.109340885547418,-1.5525277109205653,-1.1614545839158594,-2.022442901541517,2.353151943296128,-0.7630078834099455,1.1771249275935256,-0.3950273164872612,-0.7498800280455102,1.773963275719578,0.5304950066172863
0.33053267719484863,-0.4146665791082593,-1.485398426030682,0.2874642805952528,1.3289424041755915,-1.0710102921695264,0.03161313395795637,1.813894341088107,0.17612296189152724,-1.1041244592143058,0.14934703322226583,0.2713810269169757,0.24444903589640424,0.2887346703145659,-0.6850469799183107,0.06874728998804452,0.10763846312744611
0.2485653201816401,-0.1928138900829889,-0.001054221736005843,-0.3893627175446463,-0.8121693922492844,-0.37695224421567664,-1.679817895300105,-1.1793069189638352,-2.1281873667505646,-0.28038490449683706,-0.1996724091114963,-0.30321364416976737,-0.02413992180890629,0.2614880765257339,-0.31660551129300657,-0.33451324717819825,-0.7718084839428243
-0.8989776780032841,-0.4146665791082593,-0.18659724727284058,-0.5827418598703313,1.0077756347118563,1.6184646436516414,0.3406215142406619,0.9791300867159248,0.458427427137323,1.3829675087682554,-0.1963492501686458,-0.2811571827819218,-0.18485446188293106,-0.9050624219975002,-0.5569621775206725,-0.9566866473775418,-0.7430885745196858
0.740369462260893,-0.3037402345956241,-0.46491178557809215,-0.19598357521896068,-0.6729971254816671,-0.9842530361752951,-1.8224371477382768,-0.41045614462078606,-2.4244234070522044,-0.9902064706735354,0.6938192672442821,-0.7860666197913174,0.25589765578070417,0.7410188217803589,-0.4067392611283812,1.8661371127861475,1.601234199552006
1.7239777464193986,0.9164495550433619,-0.001054221736005843,0.38415385175809563,-1.218980633570021,-2.112097364100301,-0.5626337512010927,0.18740804436970973,-0.4499388990964361,-2.588353925259448,-0.7869108935114586,0.21337836478238958,-0.4805935059461785,1.7227764386226367,0.30326168055729136,0.4489643678876424,0.15432837174271546
-0.9809450350164927,1.2492285885812675,0.741117880411332,0.4808434229209384,1.4609776316217855,0.8376493397035604,2.0995922943114476,0.967753400325564,1.710877982297984,0.8201986452008109,-1.077207159660008,0.5495192664197852,-1.2482035493854526,-0.9947637104895878,0.8614584119939115,-0.08103519524513268,0.23639671626749081
-0.8989776780032841,2.0257130001697132,1.2049754442534188,0.674222565246624,1.4431350333182469,2.52941583159107,1.1012575272442449,1.0125763552668556,1.0616910995893223,2.530809295077329,-1.051192488641005,0.08987227342636231,-1.4852057080161793,-0.9143682094081705,1.3579846830168543,1.5204852237865134,1.2330096625346731
0.6857245575853929,-1.30207733520934,-0.6504548111149269,-0.2926731463818035,-0.8621286674992085,1.7919791556401041,0.6733997699297294,-1.1793069189638352,0.7366292428455685,1.4968854973090242,1.9642425283038123,-0.4860086297881513,2.004583151084759,0.6922745114467445,-0.5711938222315213,0.48352955678760623,0.2859746604672131
-0.40717353592403127,-0.3037402345956241,-0.001054221736005843,0.09408513826956774,1.2361608929971668,0.577377571720867,-0.396244623356559,1.0125763552668556,-0.26177474292628716,0.6111230874510375,0.5278850235610528,-0.4129316302854601,-0.1287583423386462,-0.42955608333644885,0.07081148361342986,1.439833116353263,1.5305174393383265
0.3851775818703487,0.3618178324801865,0.09171729103241152,-0.3893627175446463,-0.16269881400042993,0.577377571720867,0.12669263558340424,0.6524567061558807,0.2657044422539355,0.6111230874510375,-0.9253763117424788,0.11851128504553832,-0.45166658675294674,0.37937391078810345,-0.2707479894469384,-1.3138602660104979,-1.154673756909105
0.002663249142012967,-0.7474456126461646,-0.5576832983465095,0.674222565246624,-0.34826183635723984,2.2257654356112604,0.43570101586610976,-1.3502935043163888,0.5404459448543757,1.7667958020916799,0.6740625191243508,0.5746432363335151,0.5633581419132493,0.008724769855739474,0.15620135187852216,0.31070361228778814,1.057561500779352
0.8223368192741014,0.02903879894228149,0.741117880411332,0.2874642805952528,-0.9192249820705559,-0.4637095002099079,-0.8716421314837983,-0.9639457283928805,-0.8322467535124602,-0.37358794334610596,-0.3877153805232305,0.405781299165652,-0.0581060210750227,0.8280159976031405,0.6811909123231613,-0.23081768047830684,0.0352771270948448
-1.0629123920297012,0.3618178324801865,-0.001054221736005843,1.3510495633865227,1.4359979939968235,1.0979211076862543,1.4102659075269504,1.3426065946362677,1.2772496347645668,1.017759471287118,-0.45701316455044166,1.1888877857684406,-0.8431178863608424,-1.074256269203095,1.0780956703701634,0.5065730160542471,0.27931613398084143
0.08463060615522153,-0.5255929236208943,-1.0215408621885957,0.674222565246624,-0.6337434092138979,-1.4180393161464513,-0.396244623356559,-1.3502935043163888,-0.26177474292628716,-1.599823795294917,0.8651631241148353,0.06184794916177296,0.2917340596559103,0.09608772563073813,-0.16005741947367041,1.60113733121976,1.5314400062611389
-0.48914089293723984,-0.8583719571587995,-0.001054221736005843,0.2874642805952528,-0.34112479703581644,0.40386305973240444,-0.30116512173111115,-0.5361622715405847,-0.1590816139620979,0.4646490664410443,0.07156294959742582,1.093040812314731,0.5306485057402854,-0.473976544035779,0.22577828157600435,-1.475164480876994,-0.8957934560474616
-0.07930410787119559,0.2508914879675513,0.9266609059481667,-2.0330854273129724,-0.4945711424462806,-0.6372240121983705,0.6020901437106435,-1.031191601614447,0.679043414640239,-0.5675873644269371,-0.8272432964972579,-1.8974634625801865,-0.49967502351146525,-0.06820968201679102,-1.4440680311635734,-1.4060341030770673,-1.0862433581997832
1.8059451034326086,1.5820076221191726,-1.5781699387990995,-0.3893627175446463,-0.9549101786776333,-1.1577675481637577,-0.8954120068901603,0.012563308347125364,-0.8636652753719254,-1.2217781224792306,-0.8074872783281206,-0.9120355134211808,-0.8104072490745282,1.7956927763609198,-1.0961833826761613,1.6933111682863276,1.2026852888979482
-1.1448797490429112,-0.8583719571587995,0.462803342106081,-1.452948000335916,1.0291867526760867,0.14359129174971055,0.5070106420851956,1.0661721522227117,0.6005912946825762,0.2330774146353509,0.4345437446751472,-1.331752042558122,0.2558944961222314,-1.145855847645986,-1.0266064529786787,-0.8760345399442933,-1.2396301370183331
-0.8170103209900755,0.9164495550433619,1.6688330080955056,-0.09929400405611787,0.36544209578438547,-0.37695224421567664,-0.3249349971374731,-1.031191601614447,-0.1844434803938194,-0.28038490449683706,-0.8733350843922847,-0.13260919141527178,-1.0720791466132296,-0.8110293605202296,0.8266699471451706,0.04570383072140165,0.382001843650165
-0.735042963976867,1.0273758995559972,0.9266609059481667,1.2543599922236803,1.1505164211401653,-0.11668047623298272,1.7192742878096559,1.2037734837496903,1.4790281513810286,-0.014476959580863336,-1.1224857765867924,1.7298688667322222,-1.1030198470276042,-0.7479471615596629,1.7280074454989194,-0.5879912991112639,-0.7073892457674597
0.740369462260893,-0.6365192681335294,-1.6709414515675167,-0.19598357521896068,-0.9977324146061339,0.23034854774394187,-0.7527927544519885,-0.04290911029993382,-0.6796791355505106,0.3119402649770985,0.2318415765647102,-0.031163248134410664,0.6867603705319218,0.7495195005395929,-1.0440006854030492,-0.4727740027780525,-0.6366323739484434
-0.3252061789108227,0.9164495550433619,0.18448880380082888,-2.3231541408015004,-0.13415065671477602,0.23034854774394187,-1.2044203871728658,0.37802730506175736,-1.3033901821391358,0.3119402649770985,-1.1326076570347632,-2.2709612045465177,-0.9575980548712197,-0.3179226960236085,-1.837810201497053,-1.2562516178438912,-1.3175268745877935
-0.3252061789108227,0.4727441769928217,1.1122039314850014,-0.2926731463818035,-0.3161451594108544,0.4906203157266358,-0.5864036266074547,-1.5525277109205653,-0.477758774168862,0.5386334452652105,-0.6284673087750766,-0.31303372616521985,-0.714326495143073,-0.31371167092119634,0.33014367612222784,-0.023426547078525983,0.12400399810599323
0.740369462260893,1.2492285885812675,-1.1143123749570132,-0.8728105733588598,-1.0476916898560185,-2.2856118760887636,-1.3708095150173996,-0.4507957610341739,-1.5682489367817558,-2.588353925259448,-1.050615095245397,-0.8973780279572382,-0.8783414816503612,0.7508286831516229,-1.1594351369465998,-0.1271221137784164,-0.6103993840563586
-0.16127146488440414,-1.30207733520934,2.503776623011262,0.4808434229209384,1.171927539104396,-0.029923220238752032,0.6020901437106435,1.2666609340775468,0.679043414640239,0.0699531769801072,2.0290604464028412,0.2141189957213525,1.5609704609020474,-0.18785739448642724,2.0031525765753284,0.6909206901873881,0.6395183499302615
2.010863495965631,-0.6365192681335294,-0.27936876004125744,-0.09929400405611787,-1.979075321300839,-1.6783110841291449,-0.9667216331092462,-1.3502935043163888,-0.9598413011043403,-2.022442901541517,-0.19242188325531295,0.593212107309858,1.1707023119907767,2.0276279980009364,-0.23595952459819708,-1.4982079401436368,-1.6380186012510303
-0.653075606963657,-0.5255929236208943,-1.5781699387990995,-0.3893627175446463,0.9007200448905847,0.8376493397035604,0.19800226180249014,0.8342439337995095,0.33126116512017395,0.8201986452008109,0.594618255690017,-0.6726118734434747,0.02295278799916604,-0.6623485492574158,-1.0961833826761613,0.7830945272539556,0.6103171012430463
0.08463060615522153,-1.30207733520934,-0.001054221736005843,1.5444287057122081,0.36544209578438547,1.0979211076862543,-0.3249349971374731,-0.7836769365775159,-0.1844434803938194,1.017759471287118,2.1586962826008995,1.1122269095949497,1.6897612419228385,0.07184747335915732,1.2330624683327378,1.0480943088203432,1.6005924138665715
-1.3088144630693284,-0.3037402345956241,-0.18659724727284058,0.5775329940837812,2.185387122745526,-0.4637095002099079,0.4119311404597478,1.7105718069825548,0.5201401810160081,-0.37358794334610596,0.1545329752737866,0.4074327222251886,-0.43098805514670707,-1.3294422325934394,0.33488755769251066,0.4604860975209633,-0.17923973826122355
-0.8579939994966791,0.6945968660180921,0.09171729103241152,0.674222565246624,0.4154013710343095,0.23034854774394187,0.7684792715551773,0.7678038849499831,0.8118122088706097,0.3119402649770985,-0.819108470043752,0.78041975695439,-0.9744338247903764,-0.8522386787573142,0.598963631771592,-0.11560038414509548,-0.2449425478074546
0.2485653201816401,-1.0802246461840699,-0.37214027280967477,-0.48605228870748857,0.10137164089199757,-0.37695224421567664,-0.5864036266074547,0.9791300867159248,-0.477758774168862,-0.28038490449683706,1.0856023592539752,-0.4555319114111821,1.2556914980949752,0.23888310727504353,-0.5711938222315208,-0.20777422121166497,-0.462507895169331
-1.3088144630693284,2.0257130001697132,-1.0215408621885957,1.5444287057122081,0.6509236686410436,0.750892083709329,1.1012575272442449,0.6675483294242277,1.0616910995893223,0.7518515263711428,-1.344283399919276,1.6105026886438967,-1.5598673346724534,-1.2984029062170415,0.38074507953857883,0.12635593815464918,-0.10074132661166812
0.002663249142012967,-1.0802246461840699,-1.0215408621885957,1.1576704210608375,-0.38394703296431715,-0.20343773222721404,0.4832407666788337,0.140200188059598,0.5806698696426701,-0.10094175185183701,1.4889141297238027,0.8479130885013936,1.1412107243542304,0.009583524006710909,0.1403884133109125,0.7946162568872764,0.2966844590928785
-0.48914089293723984,0.02903879894228149,-0.9287693494201784,-1.8397062849872867,-0.6337434092138979,-0.029923220238752032,0.5070106420851956,-1.1793069189638352,0.6005912946825762,0.0699531769801072,-0.35067647097018334,-1.8702946873839563,-0.45061230982127953,-0.467328797734233,-1.7002376359588491,-0.36907843607816104,-0.46579704680717593
-1.2268471060561197,-0.3037402345956241,2.4110051102428436,0.8676017075723091,2.078331532924294,-0.20343773222721404,1.0537177764315209,1.3904939102015168,1.0271821725509864,-0.10094175185183701,0.19601653619459392,0.6388011921796344,-0.40351262670961086,-1.2474092425615133,2.4174515670467,0.6102685827541385,0.9986375525355111
0.49446739122126576,-0.8583719571587995,0.462803342106081,0.674222565246624,-0.5980582126068206,-0.5504667562041392,-1.2044203871728658,-0.7836769365775159,-1.3033901821391358,-0.46927668735086014,1.3679229320178583,0.11426935292153295,0.9427795201673658,0.4976194556479829,0.8519706488533463,1.451354845986584,1.3687473350038055
-0.48914089293723984,0.3618178324801865,-0.27936876004125744,-2.3231541408015004,-0.5623730159997433,-0.29019498822144535,0.17423238639612817,-1.1793069189638352,0.3095598055044509,-0.18954169161124898,-0.5573766960915923,-2.3921963239211395,-0.6880145412331885,-0.4689512124418667,-1.9089684250512962,-0.2769045990115926,-0.3063133039770113
